PLAYER_ID,PLAYER_NAME,TEAM_ID,TEAM_ABBREVIATION,GP,W,L,MIN,DRIVES,DRIVE_FGM,DRIVE_FGA,DRIVE_FG_PCT,DRIVE_FTM,DRIVE_FTA,DRIVE_FT_PCT,DRIVE_PTS,DRIVE_PTS_PCT,DRIVE_PASSES,DRIVE_PASSES_PCT,DRIVE_AST,DRIVE_AST_PCT,DRIVE_TOV,DRIVE_TOV_PCT,DRIVE_PF,DRIVE_PF_PCT
1631260,AJ Green,1610612749,MIL,21,9,12,28.8,1,0.1,0.2,0.5,0,0,0,0.2,0.19,0.8,0.81,0.1,0.095,0,0,0,0
1642358,AJ Johnson,1610612764,WAS,9,0,9,4.8,1.3,0,0.6,0,0.2,0.2,1,0.2,0.167,0.7,0.5,0.2,0.167,0,0,0.1,0.083
203932,Aaron Gordon,1610612743,DEN,13,10,3,28.3,2.9,0.8,1.8,0.458,1.2,1.4,0.889,3.1,1.053,0.2,0.079,0.1,0.026,0,0,0.7,0.237
1628988,Aaron Holiday,1610612745,HOU,13,11,2,15.4,2.8,0.5,1.2,0.438,0.5,0.6,0.875,1.7,0.611,1.1,0.389,0.2,0.083,0.1,0.028,0.3,0.111
1630174,Aaron Nesmith,1610612754,IND,11,1,10,30.4,6.7,1.4,3.6,0.375,0.8,0.9,0.9,3.7,0.554,2.2,0.324,0.2,0.027,0.2,0.027,0.5,0.068
1630598,Aaron Wiggins,1610612760,OKC,11,10,1,26.4,5.5,1.2,2.5,0.464,0.4,0.5,0.667,2.7,0.492,2,0.361,0.7,0.131,0.5,0.098,0.3,0.049
1642846,Ace Bailey,1610612762,UTA,20,7,13,22.1,3.2,0.7,1.4,0.481,0.5,0.5,1,1.8,0.571,1.2,0.381,0.4,0.111,0.3,0.095,0.3,0.079
1641737,Adem Bona,1610612755,PHI,15,9,6,16.3,0.5,0,0.1,0,0.1,0.3,0.5,0.1,0.286,0.3,0.571,0,0,0,0,0.1,0.286
1642876,Adou Thiero,1610612747,LAL,5,4,1,3.4,0.4,0,0,0,0,0,0,0,0,0.2,0.5,0,0,0.2,0.5,0,0
1642349,Ajay Mitchell,1610612760,OKC,22,21,1,26.7,11.7,2.9,5.6,0.512,1.2,1.5,0.813,7.3,0.626,4.4,0.374,0.8,0.07,0.7,0.062,0.8,0.066
201143,Al Horford,1610612744,GSW,12,7,5,21.8,1,0.3,0.4,0.6,0.2,0.2,1,0.7,0.667,0.4,0.417,0.1,0.083,0.1,0.083,0.1,0.083
1627936,Alex Caruso,1610612760,OKC,15,15,0,18.8,1.5,0.1,0.7,0.1,0.1,0.1,1,0.3,0.182,0.7,0.455,0.2,0.136,0.1,0.045,0.1,0.045
1642259,Alex Sarr,1610612764,WAS,16,2,14,29.7,5.9,1.7,3.9,0.429,0.5,0.8,0.667,4.1,0.691,1.2,0.202,0.4,0.074,0.3,0.053,0.4,0.074
1630578,Alperen Sengun,1610612745,HOU,18,13,5,36.2,8.9,2.1,4.4,0.475,1.4,1.7,0.839,5.8,0.65,2.5,0.281,0.7,0.081,0.9,0.1,0.9,0.106
1642873,Amari Williams,1610612738,BOS,5,3,2,5.7,0.2,0,0,0,0,0,0,0,0,0.2,1,0,0,0,0,0,0
1641708,Amen Thompson,1610612745,HOU,18,13,5,36.3,12.3,2.2,5.2,0.415,1.1,1.2,0.909,5.6,0.455,5.4,0.441,1.2,0.095,0.8,0.068,0.6,0.05
1629599,Amir Coffey,1610612749,MIL,16,8,8,8.6,0.6,0.2,0.4,0.5,0,0,0,0.4,0.6,0.2,0.3,0.1,0.1,0,0,0,0
203083,Andre Drummond,1610612755,PHI,19,11,8,22.1,0.2,0,0.1,0,0,0,0,0,0,0.1,0.667,0,0,0,0,0,0
1641748,Andre Jackson Jr.,1610612749,MIL,9,3,6,7,1,0.1,0.2,0.5,0,0,0,0.2,0.222,0.8,0.778,0.3,0.333,0,0,0,0
1629614,Andrew Nembhard,1610612754,IND,13,2,11,31,14,2.6,4.8,0.548,2.8,3.2,0.902,8.3,0.593,6.5,0.462,2,0.143,0.7,0.049,1.6,0.115
203952,Andrew Wiggins,1610612748,MIA,16,10,6,33,7.3,1.4,3.3,0.434,0.6,0.9,0.643,3.5,0.483,2.8,0.388,0.5,0.069,0.5,0.069,0.4,0.06
1629014,Anfernee Simons,1610612738,BOS,21,12,9,24,4.9,1.6,2.9,0.567,0.4,0.4,1,3.9,0.796,1.6,0.32,0.3,0.068,0.1,0.029,0.2,0.039
1641710,Anthony Black,1610612753,ORL,21,13,8,27.7,5.8,1.7,3,0.547,0.7,1.1,0.609,4.2,0.721,1.5,0.262,0.4,0.066,0.5,0.082,0.6,0.098
203076,Anthony Davis,1610612742,DAL,7,3,4,30,4.1,1.1,3,0.381,0.4,0.6,0.75,2.7,0.655,0.6,0.138,0.1,0.034,0.3,0.069,0.3,0.069
1630162,Anthony Edwards,1610612750,MIN,17,11,6,34.1,11.9,3.6,6.1,0.587,2.6,3.2,0.815,10.5,0.886,3.1,0.257,0.6,0.054,0.6,0.054,1.6,0.139
1630264,Anthony Gill,1610612764,WAS,7,0,7,3.7,0.6,0.3,0.4,0.667,0.3,0.3,1,0.9,1.5,0,0,0,0,0,0,0.1,0.25
1641810,Antonio Reeves,1610612766,CHA,3,0,3,12,2,0.7,1,0.667,0,0,0,1.3,0.667,1,0.5,0,0,0,0,0,0
1630574,Ariel Hukporti,1610612752,NYK,12,8,4,6.4,0.1,0.1,0.1,1,0,0,0,0.2,2,0,0,0,0,0,0,0,0
1642854,Asa Newell,1610612737,ATL,13,10,3,7.4,0.3,0.1,0.2,0.333,0,0,0,0.2,0.5,0.1,0.25,0.1,0.25,0,0,0,0
1641709,Ausar Thompson,1610612765,DET,16,12,4,28.2,6.4,1.5,3.2,0.471,0.6,0.9,0.714,3.7,0.573,2.5,0.388,0.4,0.068,0.3,0.039,0.4,0.068
1630559,Austin Reaves,1610612747,LAL,17,13,4,36.6,12.9,3.9,5.7,0.68,2.7,3.2,0.836,11.2,0.868,4.5,0.345,1.1,0.082,0.8,0.064,1.7,0.132
1630245,Ayo Dosunmu,1610612741,CHI,18,8,10,27.4,8.2,2,4,0.5,0.9,1.1,0.842,5.2,0.635,3.1,0.378,0.4,0.054,0.4,0.054,0.6,0.074
1628389,Bam Adebayo,1610612748,MIA,13,9,4,30.4,6.2,1.5,3.5,0.435,1.9,2.5,0.781,5,0.813,1,0.163,0.2,0.038,0.2,0.038,1.2,0.2
1631248,Baylor Scheierman,1610612738,BOS,17,11,6,11.5,0.6,0.2,0.2,1,0,0,0,0.4,0.6,0.4,0.6,0.1,0.1,0.1,0.1,0,0
1642879,Ben Saraf,1610612751,BKN,9,1,8,16,5.1,0.6,1.4,0.385,0.8,0.9,0.875,1.9,0.37,2.6,0.5,0.8,0.152,0.7,0.13,0.4,0.087
1641767,Ben Sheppard,1610612754,IND,21,4,17,25.3,2.8,0.4,1.2,0.36,0.2,0.3,0.833,1.1,0.39,1.4,0.492,0.2,0.068,0.1,0.034,0.1,0.051
1631097,Bennedict Mathurin,1610612754,IND,10,3,7,32.6,8.3,1.8,3.6,0.5,1.8,2.1,0.857,5.7,0.687,2.2,0.265,0.3,0.036,1.1,0.133,1.1,0.133
1641731,Bilal Coulibaly,1610612764,WAS,12,2,10,27.1,4.6,0.7,1.4,0.471,0.8,1.2,0.714,2.3,0.491,2,0.436,0.3,0.055,0.3,0.073,0.6,0.127
202687,Bismack Biyombo,1610612759,SAS,7,5,2,6.8,0,0,0,0,0,0,0,0,0,0,0,0,0,0,0,0,0
1631104,Blake Wesley,1610612757,POR,6,4,2,16.3,6.7,1.2,2,0.583,0.2,0.3,0.5,2.7,0.4,4,0.6,1.3,0.2,0.2,0.025,0.2,0.025
1626171,Bobby Portis,1610612749,MIL,21,9,12,21.3,1.6,0.5,1,0.455,0,0,0,1,0.606,0.4,0.273,0,0.03,0,0.03,0,0
1641752,Bobi Klintman,1610612765,DET,6,5,1,8.8,1.3,0.2,0.5,0.333,0,0,0,0.3,0.25,0.2,0.125,0,0,0.7,0.5,0,0
203992,Bogdan Bogdanović,1610612746,LAC,9,2,7,25.6,5.8,0.8,1.8,0.438,0.8,0.9,0.875,2.4,0.423,3.6,0.615,1,0.173,0,0,0.4,0.077
1630538,Bones Hyland,1610612750,MIN,14,10,4,8.5,1.4,0.4,0.6,0.556,0.1,0.1,0.5,0.8,0.55,0.6,0.4,0.3,0.2,0.1,0.05,0.1,0.05
203078,Bradley Beal,1610612746,LAC,6,2,4,20.2,3.2,0.2,1.7,0.1,0.3,0.3,1,0.7,0.211,0.8,0.263,0.5,0.158,0.3,0.105,0.2,0.053
1642382,Branden Carlson,1610612760,OKC,14,13,1,8,0.1,0,0.1,0,0,0,0,0,0,0,0,0,0,0,0,0,0
1641764,Brandin Podziemski,1610612744,GSW,22,11,11,28.3,6.1,1,2.3,0.44,1.1,1.3,0.857,3.1,0.504,2.7,0.437,0.8,0.126,0.3,0.052,0.6,0.104
1627742,Brandon Ingram,1610612761,TOR,22,15,7,34,9.6,2.5,4.7,0.538,1.5,2,0.773,6.8,0.703,2.8,0.292,0.5,0.052,1,0.099,1,0.104
1641706,Brandon Miller,1610612766,CHA,6,3,3,25,7.3,1.7,3.7,0.455,1.3,1.7,0.8,4.8,0.659,2.2,0.295,0.7,0.091,0.5,0.068,0.8,0.114
1630314,Brandon Williams,1610612742,DAL,20,6,14,21.8,12.8,2.1,4.9,0.423,1.6,2,0.775,5.8,0.449,5.6,0.438,1.2,0.094,0.7,0.051,1,0.078
1641729,Brice Sensabaugh,1610612762,UTA,19,6,13,16,2.7,0.6,1.2,0.522,0.7,0.7,0.929,2.1,0.75,0.7,0.269,0.3,0.096,0.2,0.077,0.4,0.154
1642355,Bronny James,1610612747,LAL,12,8,4,9.8,1.8,0.3,0.8,0.333,0,0,0,0.5,0.286,0.8,0.476,0.5,0.286,0.2,0.095,0,0
201572,Brook Lopez,1610612746,LAC,17,5,12,14.4,0.5,0.1,0.3,0.4,0,0,0,0.3,0.556,0.1,0.222,0,0,0.1,0.222,0,0
1642964,Brooks Barnhizer,1610612760,OKC,15,14,1,7.5,0.7,0.1,0.2,0.667,0,0,0,0.3,0.4,0.4,0.6,0.1,0.2,0.1,0.1,0,0
1628971,Bruce Brown,1610612743,DEN,20,14,6,23.1,3.4,0.4,1.5,0.276,0.3,0.3,1,1.2,0.343,1.5,0.448,0.6,0.164,0.2,0.045,0.2,0.045
1631121,Bryce McGowens,1610612740,NOP,12,1,11,15,3,0.6,1.9,0.304,0.8,1,0.75,2,0.667,0.4,0.139,0.1,0.028,0.1,0.028,0.5,0.167
1642267,Bub Carrington,1610612764,WAS,20,3,17,25,3.4,0.4,1.8,0.229,0.2,0.2,0.75,1,0.284,1.2,0.358,0.5,0.134,0.3,0.075,0.1,0.03
1627741,Buddy Hield,1610612744,GSW,22,11,11,18,2,0.4,0.7,0.563,0.2,0.2,1,1,0.523,1,0.5,0.4,0.182,0.1,0.068,0.1,0.045
203468,CJ McCollum,1610612764,WAS,20,3,17,29.7,8.1,2.3,4.7,0.495,0.6,0.6,0.917,5.4,0.665,2.7,0.329,0.5,0.062,0.3,0.037,0.3,0.037
1630595,Cade Cunningham,1610612765,DET,17,13,4,36.7,18.2,4.7,9.5,0.494,2.8,3.3,0.839,12.5,0.686,6.1,0.333,1.5,0.084,0.7,0.039,1.6,0.091
1631216,Caleb Houstan,1610612737,ATL,7,5,2,5.4,0.1,0,0.1,0,0,0,0,0,0,0,0,0,0,0,0,0,0
1631126,Caleb Love,1610612757,POR,13,4,9,17.6,4.7,0.9,2,0.462,0.4,0.6,0.625,2.2,0.475,2.2,0.459,0.5,0.098,0.2,0.049,0.3,0.066
1628997,Caleb Martin,1610612742,DAL,19,6,13,9.7,1.5,0.1,0.6,0.182,0.1,0.1,1,0.4,0.25,0.6,0.393,0.2,0.107,0.2,0.107,0.1,0.036
1642353,Cam Christie,1610612746,LAC,14,2,12,11.2,2.1,0.2,1.1,0.188,0.6,0.7,0.9,1.1,0.517,0.4,0.207,0,0,0.1,0.034,0.4,0.172
1642285,Cam Spencer,1610612763,MEM,22,9,13,20.4,4.6,0.5,1.2,0.444,0.6,0.7,0.875,1.8,0.382,2.7,0.588,0.6,0.127,0.2,0.049,0.4,0.078
1630560,Cam Thomas,1610612751,BKN,8,1,7,28.3,12.8,3.1,7.3,0.431,2.5,2.8,0.909,9.3,0.725,2.9,0.225,0.6,0.049,0.9,0.069,1.4,0.108
1641715,Cam Whitmore,1610612764,WAS,20,3,17,16.8,2.2,0.6,1.5,0.414,0.2,0.4,0.375,1.4,0.628,0.3,0.14,0.1,0.047,0.2,0.07,0.2,0.093
1629661,Cameron Johnson,1610612743,DEN,19,13,6,29.1,3,0.5,1.2,0.409,0.2,0.3,0.667,1.3,0.421,1.3,0.439,0.4,0.14,0.4,0.123,0.2,0.053
1627747,Caris LeVert,1610612765,DET,15,12,3,20.4,5.9,1,2.4,0.417,0.3,0.4,0.833,2.3,0.398,2.6,0.443,0.8,0.136,0.5,0.08,0.2,0.034
1642868,Carter Bryant,1610612759,SAS,15,12,3,7.4,0.4,0,0.2,0,0,0,0,0,0,0.1,0.333,0,0,0.1,0.167,0,0
1641717,Cason Wallace,1610612760,OKC,21,20,1,28.5,5.2,0.6,2,0.302,0,0,0,1.3,0.248,2.6,0.495,0.4,0.083,0.3,0.064,0,0
1642907,Cedric Coward,1610612763,MEM,22,9,13,27.2,5,0.9,2.4,0.358,0.8,0.9,0.85,2.5,0.495,1.7,0.333,0.5,0.108,0.4,0.081,0.5,0.09
1629646,Charles Bassey,1610612763,MEM,2,0,2,15.3,0.5,0,0.5,0,0,0,0,0,0,0,0,0,0,0,0,0,0
1642404,Chaz Lanier,1610612765,DET,12,11,1,10.8,0.3,0.1,0.1,1,0,0,0,0.2,0.5,0.3,0.75,0.1,0.25,0,0,0,0
1631096,Chet Holmgren,1610612760,OKC,18,18,0,29.6,4.4,1.2,2,0.611,0.9,1,0.944,3.4,0.785,1.4,0.329,0.3,0.076,0.2,0.051,0.5,0.114
1628449,Chris Boucher,1610612738,BOS,8,3,5,11.3,0.1,0,0,0,0,0,0,0,0,0.1,1,0,0,0,0,0,0
1641753,Chris Livingston,1610612739,CLE,2,1,1,7.5,0.5,0.5,0.5,1,0,0,0,1,2,0,0,0,0,0,0,0,0
1643024,Chris Mañon,1610612747,LAL,2,1,1,3.5,0.5,0,0,0,0,0,0,0,0,0.5,1,0,0,0,0,0,0
101108,Chris Paul,1610612746,LAC,16,4,12,14.2,1.9,0.4,1,0.375,0,0,0,0.8,0.387,0.7,0.355,0.2,0.097,0.2,0.097,0,0
1642959,Chris Youngblood,1610612760,OKC,16,16,0,5,0.3,0,0.1,0,0.1,0.1,1,0.1,0.5,0.1,0.25,0,0,0,0,0.1,0.25
1631128,Christian Braun,1610612743,DEN,11,9,2,29.6,2.7,0.5,1.1,0.5,0.1,0.2,0.5,1.2,0.433,1.3,0.467,0.5,0.167,0.3,0.1,0.1,0.033
1631132,Christian Koloko,1610612747,LAL,2,1,1,3.2,0,0,0,0,0,0,0,0,0,0,0,0,0,0,0,0,0
1642935,Chucky Hepburn,1610612761,TOR,1,0,1,4.9,2,0,1,0,0,0,0,0,0,1,0.5,0,0,0,0,0,0
203991,Clint Capela,1610612745,HOU,17,12,5,10.6,0.4,0.1,0.2,0.25,0,0,0,0.1,0.333,0.1,0.333,0,0,0,0,0,0
1629632,Coby White,1610612741,CHI,5,2,3,30.7,15.4,3.2,5.8,0.552,3.6,4.2,0.857,10.2,0.662,6.6,0.429,2.8,0.182,0.2,0.013,2.2,0.143
1628998,Cody Martin,1610612754,IND,4,0,4,13.8,1.8,0,0.3,0,0.5,1,0.5,0.5,0.286,0.8,0.429,0,0,0.3,0.143,0.5,0.286
1642262,Cody Williams,1610612762,UTA,11,3,8,12.8,1.2,0.2,0.5,0.333,0,0,0,0.4,0.308,0.5,0.385,0.1,0.077,0.1,0.077,0,0
1641732,Colby Jones,1610612765,DET,1,0,1,6.8,1,1,1,1,0,0,0,2,2,0,0,0,0,0,0,0,0
1630175,Cole Anthony,1610612749,MIL,20,9,11,17.2,8.4,2.1,3.8,0.539,0,0,0,4.2,0.5,4,0.476,1,0.119,0.3,0.036,0,0
1631221,Collin Gillespie,1610612756,PHX,22,13,9,26.8,7.1,1,2.3,0.42,0.4,0.5,0.9,2.5,0.357,4,0.561,1.1,0.159,0.5,0.064,0.2,0.032
1642867,Collin Murray-Boyles,1610612761,TOR,17,11,6,18.1,1.6,0.4,0.6,0.545,0.2,0.2,0.75,0.9,0.556,0.6,0.37,0.1,0.037,0.2,0.148,0.1,0.074
1629012,Collin Sexton,1610612766,CHA,20,6,14,26.1,11.5,2.4,4.6,0.527,1.6,1.8,0.889,6.8,0.587,4.3,0.374,1.1,0.091,1.1,0.096,1,0.083
1642843,Cooper Flagg,1610612742,DAL,21,7,14,33.9,11.4,3.5,6,0.584,1.3,1.6,0.824,8.5,0.745,3.6,0.314,0.6,0.054,0.8,0.067,0.9,0.075
1630557,Corey Kispert,1610612764,WAS,17,2,15,19.9,2.5,0.6,1,0.647,0.4,0.5,0.875,1.8,0.738,1.1,0.429,0.4,0.143,0.1,0.048,0.2,0.095
1641854,Craig Porter Jr.,1610612739,CLE,19,12,7,17.3,4.1,1,1.7,0.594,0,0.1,0,2.1,0.506,1.7,0.416,0.4,0.104,0.4,0.091,0.1,0.013
1642938,Curtis Jones,1610612743,DEN,1,1,0,1.5,0,0,0,0,0,0,0,0,0,0,0,0,0,0,0,0,0
1626156,D'Angelo Russell,1610612742,DAL,18,5,13,21.2,6.8,1.8,3.6,0.516,1.1,1.4,0.769,4.8,0.705,2,0.295,0.7,0.107,0.3,0.049,0.7,0.107
1641747,DaRon Holmes II,1610612743,DEN,2,2,0,2.2,0,0,0,0,0,0,0,0,0,0,0,0,0,0,0,0,0
1631342,Daeqwon Plowden,1610612758,SAC,1,0,1,14,0,0,0,0,0,0,0,0,0,0,0,0,0,0,0,0,0
1631207,Dalen Terry,1610612741,CHI,10,5,5,9,1.9,0.1,0.5,0.2,0,0.2,0,0.2,0.105,1.2,0.632,0.5,0.263,0,0,0.1,0.053
1642261,Dalton Knecht,1610612747,LAL,17,13,4,16.7,2.1,0.6,1.1,0.526,0.1,0.2,0.5,1.3,0.611,0.7,0.333,0,0,0.1,0.056,0.1,0.056
1629655,Daniel Gafford,1610612742,DAL,14,3,11,23.5,0.9,0.4,0.7,0.5,0,0,0,0.8,0.917,0,0,0,0,0.1,0.083,0,0
1642450,Daniss Jenkins,1610612765,DET,15,12,3,18.9,6.8,1.5,2.9,0.512,0.4,0.5,0.75,3.3,0.49,3.2,0.471,0.8,0.118,0.4,0.059,0.3,0.039
1642874,Danny Wolf,1610612751,BKN,6,1,5,11.7,3.5,1,1.5,0.667,0.2,0.3,0.5,2.5,0.714,1.7,0.476,0,0,0,0,0.2,0.048
203967,Dario Šarić,1610612758,SAC,3,1,2,9.2,0,0,0,0,0,0,0,0,0,0,0,0,0,0,0,0,0
1629636,Darius Garland,1610612739,CLE,7,4,3,27.7,13.4,1.3,4.7,0.273,1.6,1.7,0.917,4.1,0.309,6.4,0.479,2.1,0.16,1,0.074,0.9,0.064
1642357,David Jones Garcia,1610612759,SAS,8,5,3,6.6,2.5,0.9,1.5,0.583,0.1,0.5,0.25,2,0.8,0.5,0.2,0.1,0.05,0.1,0.05,0.3,0.1
1630558,Davion Mitchell,1610612748,MIA,19,13,6,30.1,11.6,2.4,3.9,0.608,0.6,1.1,0.55,5.4,0.464,6.3,0.545,1.6,0.136,0.6,0.055,0.5,0.045
1630549,Day'Ron Sharpe,1610612751,BKN,19,4,15,16.1,0.8,0.2,0.4,0.571,0.1,0.2,0.25,0.5,0.667,0.3,0.333,0.1,0.067,0.1,0.067,0.1,0.133
1628368,De'Aaron Fox,1610612759,SAS,12,8,4,33.2,15.3,3.8,7.3,0.517,1.9,2.3,0.821,9.8,0.636,5.8,0.375,1.3,0.082,0.9,0.06,1.2,0.076
1629631,De'Andre Hunter,1610612739,CLE,18,11,7,28.9,6.5,1.6,3,0.519,0.9,1.1,0.85,4.3,0.658,2.3,0.359,0.6,0.085,0.3,0.043,0.6,0.085
201599,DeAndre Jordan,1610612740,NOP,2,0,2,11.7,0,0,0,0,0,0,0,0,0,0,0,0,0,0,0,0,0
201942,DeMar DeRozan,1610612758,SAC,21,5,16,33.1,7.9,1.9,3.6,0.526,1.1,1.3,0.889,5.2,0.667,3.1,0.394,0.9,0.109,0.4,0.055,0.7,0.091
1629731,Dean Wade,1610612739,CLE,20,12,8,22.3,1.4,0.1,0.3,0.333,0.2,0.2,1,0.4,0.286,0.9,0.643,0.2,0.143,0.1,0.071,0.1,0.071
1629028,Deandre Ayton,1610612747,LAL,18,13,5,29.4,1,0.4,0.8,0.5,0.1,0.1,1,0.9,0.889,0.2,0.167,0,0,0,0,0.1,0.056
1630166,Deni Avdija,1610612757,POR,21,8,13,34.2,19.4,2.8,5.6,0.5,3.7,4.1,0.897,9.7,0.501,9.9,0.509,2.5,0.128,1.4,0.071,2.1,0.108
203471,Dennis Schröder,1610612758,SAC,18,5,13,29.2,10.3,1.7,4.4,0.388,1.2,1.4,0.808,4.8,0.462,4.4,0.43,1.1,0.108,0.5,0.048,0.7,0.07
1641726,Dereck Lively II,1610612742,DAL,7,3,4,16.5,0,0,0,0,0,0,0,0,0,0,0,0,0,0,0,0,0
1642852,Derik Queen,1610612740,NOP,22,3,19,24.3,6.3,1.9,4,0.471,1.2,1.6,0.722,5,0.799,0.8,0.129,0.2,0.036,0.4,0.065,0.8,0.129
1627884,Derrick Jones Jr.,1610612746,LAC,13,4,9,24.9,1.6,0.5,0.8,0.636,0.1,0.3,0.25,1.5,0.905,0.4,0.238,0.1,0.048,0.1,0.048,0.2,0.143
1628401,Derrick White,1610612738,BOS,20,11,9,33.4,6.9,1.4,3.7,0.378,0.6,0.7,0.857,3.6,0.514,2.6,0.37,0.6,0.087,0.3,0.043,0.4,0.051
1630217,Desmond Bane,1610612753,ORL,21,13,8,32.8,10.9,2.9,5.3,0.536,1.3,1.3,0.964,7.3,0.672,3.9,0.354,0.9,0.079,0.7,0.061,0.7,0.061
1626164,Devin Booker,1610612756,PHX,22,13,9,34.7,14.7,3.4,6.3,0.532,2.2,2.5,0.889,9.4,0.636,5.8,0.392,1.2,0.083,0.9,0.059,1.2,0.083
1642269,Devin Carter,1610612758,SAC,8,1,7,8.1,2.8,0.1,0.9,0.143,0.5,0.5,1,0.8,0.273,1.3,0.455,0.4,0.136,0.3,0.091,0.3,0.091
1630170,Devin Vassell,1610612759,SAS,20,14,6,32.9,4.7,0.9,2.2,0.395,0.5,0.5,0.9,2.2,0.457,1.9,0.404,0.4,0.085,0.2,0.032,0.3,0.053
1628415,Dillon Brooks,1610612756,PHX,16,10,6,31.4,7.3,2.6,4.9,0.526,0.8,1,0.75,6.1,0.836,1.2,0.164,0.2,0.026,0.6,0.086,0.5,0.069
1627734,Domantas Sabonis,1610612758,SAC,11,2,9,33.2,2.2,0.5,0.8,0.556,0.2,0.4,0.5,1.1,0.5,0.7,0.333,0,0,0.4,0.167,0.2,0.083
1631230,Dominick Barlow,1610612755,PHI,11,6,5,26.1,3.3,0.8,1.3,0.643,0.8,0.9,0.9,2.5,0.778,1.2,0.361,0.4,0.111,0.3,0.083,0.5,0.139
1642270,Donovan Clingan,1610612757,POR,20,8,12,25.2,0.2,0,0.1,0,0,0,0,0,0,0.1,0.5,0,0,0,0,0,0
1628378,Donovan Mitchell,1610612739,CLE,20,12,8,34.3,12.8,3.5,5.5,0.642,1,1.3,0.731,8.4,0.652,5.2,0.406,1.3,0.102,0.9,0.066,0.7,0.051
1628978,Donte DiVincenzo,1610612750,MIN,21,13,8,31.5,3.7,0.6,1.4,0.4,0.4,0.6,0.75,1.7,0.468,1.6,0.429,0.4,0.117,0.2,0.065,0.3,0.078
203926,Doug McDermott,1610612758,SAC,1,0,1,7.8,0,0,0,0,0,0,0,0,0,0,0,0,0,0,0,0,0
1642962,Drake Powell,1610612751,BKN,14,3,11,19.5,4.6,0.9,1.8,0.48,0.3,0.3,1,2,0.438,2.1,0.469,0.5,0.109,0.4,0.094,0.2,0.047
203110,Draymond Green,1610612744,GSW,19,10,9,29.1,2.8,0.6,1,0.579,0.2,0.2,0.75,1.3,0.463,1.4,0.5,0.4,0.13,0.3,0.111,0.1,0.037
1629234,Drew Eubanks,1610612758,SAC,21,5,16,15.7,0.6,0,0.3,0.167,0,0.1,0.5,0.1,0.231,0.2,0.308,0,0,0.1,0.154,0,0.077
1641809,Drew Peterson,1610612766,CHA,4,0,4,13.3,1.5,0.3,0.5,0.5,0.3,0.5,0.5,0.8,0.5,0.8,0.5,0.3,0.167,0,0,0.3,0.167
1631166,Drew Timme,1610612747,LAL,1,1,0,1.2,0,0,0,0,0,0,0,0,0,0,0,0,0,0,0,0,0
1630696,Dru Smith,1610612748,MIA,19,13,6,17,3.1,0.8,1.5,0.552,0.4,0.4,0.875,2.1,0.672,0.8,0.276,0.2,0.052,0.3,0.103,0.2,0.069
1629130,Duncan Robinson,1610612765,DET,19,15,4,32.1,2.8,0.6,1.3,0.48,0.3,0.3,1,1.6,0.566,1.2,0.415,0.2,0.075,0.2,0.057,0.2,0.057
1641871,Duop Reath,1610612757,POR,16,8,8,7,0.3,0.2,0.3,0.75,0,0,0,0.4,1.2,0.1,0.2,0.1,0.2,0,0,0,0
203939,Dwight Powell,1610612742,DAL,17,5,12,10.5,0.1,0,0,0,0,0,0,0,0,0.1,1,0,0,0,0,0,0
1642928,Dylan Cardwell,1610612758,SAC,3,1,2,10.8,0,0,0,0,0,0,0,0,0,0,0,0,0,0,0,0,0
1642844,Dylan Harper,1610612759,SAS,10,8,2,21.2,9.1,2.4,4.8,0.5,0.8,1,0.8,5.9,0.648,3.4,0.374,1,0.11,0.3,0.033,0.5,0.055
1630700,Dyson Daniels,1610612737,ATL,22,13,9,33.8,11.8,1.6,3.9,0.424,0.2,0.4,0.5,3.5,0.301,6.8,0.579,1.8,0.151,0.6,0.05,0.2,0.015
1630604,E.J. Liddell,1610612751,BKN,7,1,6,4.6,0.3,0.1,0.3,0.5,0,0,0,0.3,1,0,0,0,0,0,0,0,0
1642856,Egor Dëmin,1610612751,BKN,18,4,14,22.9,3.7,0.6,1.4,0.423,0.1,0.1,1,1.3,0.358,1.9,0.507,0.6,0.164,0.2,0.06,0.1,0.015
1641989,Elijah Harkless,1610612762,UTA,7,2,5,9.4,0.4,0,0.1,0,0.3,0.3,1,0.3,0.667,0.1,0.333,0.1,0.333,0,0,0.1,0.333
1641801,Emanuel Miller,1610612741,CHI,2,0,2,6.8,1.5,0,0.5,0,0.5,1,0.5,0.5,0.333,0.5,0.333,0,0,0,0,0.5,0.333
201569,Eric Gordon,1610612755,PHI,5,3,2,11.3,1.4,0.6,1,0.6,0,0,0,1.2,0.857,0.2,0.143,0,0,0.2,0.143,0,0
1630679,Ethan Thompson,1610612754,IND,1,0,1,7,2,1,1,1,0,0,0,2,1,1,0.5,0,0,0,0,0,0
1630596,Evan Mobley,1610612739,CLE,21,12,9,34.1,8.4,1.8,3.7,0.487,1.1,1.9,0.575,5,0.602,3.1,0.369,0.4,0.045,0.4,0.051,1,0.119
1630532,Franz Wagner,1610612753,ORL,21,13,8,34.5,11.6,2.8,6.3,0.447,2.5,3.1,0.788,8.3,0.717,2.8,0.238,0.9,0.078,0.7,0.057,1.6,0.139
1641713,GG Jackson,1610612763,MEM,8,4,4,6.8,2,0.5,1,0.5,0.3,0.5,0.5,1.4,0.688,0.8,0.375,0.1,0.063,0,0,0.3,0.125
1629216,Gabe Vincent,1610612747,LAL,9,7,2,21.6,1.4,0,0.4,0,0,0,0,0,0,0.9,0.615,0.3,0.231,0.1,0.077,0,0
202066,Garrett Temple,1610612761,TOR,3,3,0,3.3,0,0,0,0,0,0,0,0,0,0,0,0,0,0,0,0,0
1629726,Garrison Mathews,1610612754,IND,6,2,4,11.9,0,0,0,0,0,0,0,0,0,0,0,0,0,0,0,0,0
203914,Gary Harris,1610612749,MIL,13,5,8,12.3,0.9,0.1,0.4,0.2,0.2,0.2,1,0.3,0.333,0.4,0.417,0.2,0.167,0.1,0.083,0.1,0.083
1627780,Gary Payton II,1610612744,GSW,21,10,11,12.4,0.9,0.2,0.5,0.455,0,0,0,0.5,0.556,0.3,0.389,0,0.056,0,0,0,0
1629018,Gary Trent Jr.,1610612749,MIL,21,9,12,27.9,1.8,0.4,1.1,0.375,0.1,0.2,0.5,1,0.568,0.5,0.27,0.1,0.054,0,0.027,0.1,0.054
203507,Giannis Antetokounmpo,1610612749,MIL,16,8,8,30.8,10.4,3.3,4.8,0.675,1.6,2.8,0.556,8.4,0.802,2.9,0.281,0.8,0.072,0.9,0.084,1.4,0.138
1629048,Goga Bitadze,1610612753,ORL,20,13,7,16.8,0.1,0.1,0.1,1,0,0,0,0.2,3,0,0,0,0,0,0,0,0
1641711,Gradey Dick,1610612761,TOR,22,15,7,16.3,2,0.3,0.8,0.333,0.1,0.2,0.75,0.7,0.356,1,0.489,0.2,0.111,0.1,0.067,0.1,0.044
1628960,Grayson Allen,1610612756,PHX,14,8,6,31.6,10.2,1.6,3.6,0.46,1.1,1.6,0.727,4.6,0.448,5.5,0.538,1.4,0.14,0.3,0.028,0.8,0.077
1627824,Guerschon Yabusele,1610612752,NYK,19,13,6,10.2,0.5,0.1,0.2,0.5,0.1,0.1,0.5,0.3,0.5,0.2,0.4,0.1,0.1,0.1,0.1,0.1,0.1
1630611,Gui Santos,1610612744,GSW,15,7,8,7.3,0.8,0.1,0.1,0.5,0,0,0,0.1,0.167,0.5,0.667,0.2,0.25,0.1,0.083,0,0
203084,Harrison Barnes,1610612759,SAS,20,14,6,30.9,4.7,1.6,2.6,0.615,0.7,0.7,0.929,4.1,0.871,1.2,0.258,0.5,0.097,0.3,0.065,0.4,0.075
1631127,Harrison Ingram,1610612759,SAS,3,2,1,3.6,0.3,0,0,0,0,0,0,0,0,0.3,1,0.3,1,0,0,0,0
1630529,Herbert Jones,1610612740,NOP,16,2,14,30.3,3.9,0.7,1.9,0.367,0.4,0.5,0.875,1.8,0.46,1.6,0.397,0.6,0.159,0.2,0.048,0.3,0.063
1642864,Hugo González,1610612738,BOS,16,9,7,11.7,1.5,0.3,0.6,0.5,0.1,0.1,0.5,0.7,0.458,0.6,0.417,0.1,0.083,0.1,0.083,0.1,0.042
1630621,Hunter Dickinson,1610612740,NOP,1,0,1,4.7,0,0,0,0,0,0,0,0,0,0,0,0,0,0,0,0,0
1642282,Hunter Sallis,1610612755,PHI,6,3,3,4.2,1.8,0.3,0.7,0.5,0.2,0.3,0.5,0.8,0.455,0.8,0.455,0,0,0.2,0.091,0.2,0.091
1641816,Hunter Tyson,1610612743,DEN,7,6,1,3.8,0.3,0,0,0,0,0,0,0,0,0.3,1,0,0,0,0,0,0
1630193,Immanuel Quickley,1610612761,TOR,22,15,7,32.3,9.8,1.8,3.5,0.513,0.8,1,0.818,4.5,0.463,5.3,0.537,1.4,0.144,0.4,0.042,0.5,0.051
1642403,Isaac Jones,1610612765,DET,4,2,2,4.6,0,0,0,0,0,0,0,0,0,0,0,0,0,0,0,0,0
1630171,Isaac Okoro,1610612741,CHI,15,8,7,24.8,2.5,0.3,1,0.267,0.3,0.4,0.833,0.9,0.351,0.9,0.378,0.2,0.081,0.3,0.108,0.2,0.081
1642268,Isaiah Collier,1610612762,UTA,12,4,8,21.8,7.4,1.4,2.8,0.5,0.8,1.2,0.643,3.9,0.528,3.6,0.483,1,0.135,0.3,0.045,0.6,0.079
1642384,Isaiah Crawford,1610612745,HOU,1,1,0,2.5,0,0,0,0,0,0,0,0,0,0,0,0,0,0,0,0,0
1628392,Isaiah Hartenstein,1610612760,OKC,19,18,1,27.8,1,0.3,0.6,0.545,0.1,0.1,0.5,0.7,0.684,0.3,0.263,0.2,0.158,0.1,0.105,0.1,0.053
1630543,Isaiah Jackson,1610612754,IND,21,4,17,19.2,1,0.2,0.6,0.385,0.2,0.3,0.667,0.8,0.762,0.2,0.19,0,0,0,0,0.1,0.143
1630198,Isaiah Joe,1610612760,OKC,17,16,1,23.3,3,0.2,0.6,0.4,0.5,0.6,0.9,1.2,0.392,1.9,0.647,0.4,0.137,0.1,0.02,0.4,0.118
1630587,Isaiah Livers,1610612756,PHX,13,7,6,12.1,0.4,0.1,0.1,1,0,0,0,0.2,0.4,0.2,0.6,0.1,0.2,0,0,0,0
1630191,Isaiah Stewart,1610612765,DET,17,13,4,22.3,0.5,0.1,0.3,0.2,0,0,0,0.1,0.222,0.2,0.333,0.1,0.222,0.1,0.111,0,0
1627826,Ivica Zubac,1610612746,LAC,21,5,16,32.4,0.9,0.3,0.5,0.7,0,0.1,0.5,0.8,0.842,0,0.053,0,0,0.2,0.211,0,0.053
1631120,JD Davison,1610612745,HOU,8,8,0,7,1.4,0.1,0.3,0.5,0,0.3,0,0.3,0.182,0.9,0.636,0.3,0.182,0.1,0.091,0.1,0.091
1629630,Ja Morant,1610612763,MEM,12,4,8,28.8,14.6,2.8,7.1,0.4,2.6,2.7,0.969,8.6,0.589,4.8,0.326,1.3,0.086,0.8,0.051,1.4,0.097
1642266,Ja'Kobe Walter,1610612761,TOR,19,14,5,15.9,1,0.2,0.4,0.375,0,0,0,0.4,0.368,0.4,0.368,0.1,0.105,0.2,0.211,0,0
1631095,Jabari Smith Jr.,1610612745,HOU,17,12,5,33.2,3.3,0.7,1.5,0.462,0.6,0.7,0.917,2.2,0.661,1.1,0.339,0.2,0.054,0.2,0.071,0.4,0.125
1631133,Jabari Walker,1610612755,PHI,19,11,8,13.3,1,0.2,0.4,0.429,0,0.1,0,0.3,0.316,0.4,0.421,0.2,0.158,0.1,0.105,0.1,0.053
1631210,Jacob Toppin,1610612737,ATL,5,3,2,3.4,0.8,0.2,0.4,0.5,0,0,0,0.4,0.5,0.4,0.5,0,0,0,0,0,0
1630702,Jaden Hardy,1610612742,DAL,18,5,13,10.2,2.7,0.3,1.2,0.273,0.3,0.4,0.75,1,0.375,0.9,0.333,0.2,0.063,0.3,0.104,0.2,0.083
1631093,Jaden Ivey,1610612765,DET,5,3,2,13.2,3.6,0.6,1.4,0.429,0.2,0.4,0.5,1.6,0.444,1.6,0.444,0.2,0.056,0.2,0.056,0.2,0.056
1630183,Jaden McDaniels,1610612750,MIN,20,12,8,31.8,6.7,2,3.9,0.519,0.8,0.9,0.889,5,0.744,1.7,0.256,0.7,0.098,0.4,0.06,0.5,0.068
1630256,Jae'Sean Tate,1610612745,HOU,11,9,2,6.9,0.7,0.3,0.5,0.5,0,0,0,0.5,0.75,0.2,0.25,0,0,0,0,0,0
1642942,Jahmai Mashack,1610612763,MEM,1,1,0,6.4,1,0,0,0,0,0,0,0,0,1,1,0,0,0,0,0,0
1642443,Jahmir Young,1610612748,MIA,4,4,0,4.2,1,0.5,0.8,0.667,0,0,0,1,1,0.3,0.25,0.3,0.25,0,0,0,0
1643141,Jahmyl Telfort,1610612746,LAC,7,1,6,4.2,0.3,0,0,0,0,0.3,0,0,0,0.1,0.5,0,0,0,0,0.1,0.5
1631170,Jaime Jaquez Jr.,1610612748,MIA,19,13,6,29.9,14.7,2.8,5.6,0.495,1.1,1.5,0.714,6.8,0.462,7.1,0.484,2.1,0.143,0.7,0.05,0.8,0.054
1631222,Jake LaRavia,1610612747,LAL,20,15,5,25.7,3.9,0.8,1.7,0.441,0.4,0.8,0.5,2,0.506,1.5,0.39,0.5,0.13,0.3,0.065,0.4,0.104
1627751,Jakob Poeltl,1610612761,TOR,16,12,4,26.4,0.7,0.1,0.3,0.5,0,0,0,0.3,0.364,0.4,0.545,0,0,0.1,0.091,0,0
1628973,Jalen Brunson,1610612752,NYK,18,12,6,34.7,16.6,4.4,9,0.494,1.7,1.9,0.912,11.2,0.672,5.7,0.344,1.2,0.074,0.6,0.033,0.9,0.057
1631105,Jalen Duren,1610612765,DET,18,14,4,29.3,3.6,1.2,1.9,0.647,1.3,1.4,0.885,4,1.125,0.6,0.172,0.1,0.016,0.2,0.063,0.7,0.203
1630224,Jalen Green,1610612756,PHX,2,2,0,14.9,5,1.5,2.5,0.6,0,1,0,3.5,0.7,2,0.4,0.5,0.1,0,0,0.5,0.1
1630552,Jalen Johnson,1610612737,ATL,20,12,8,34.9,12.9,2.5,5,0.495,1.7,2.1,0.786,6.9,0.537,5.5,0.428,1.6,0.121,0.8,0.058,1.1,0.086
1629618,Jalen Pickett,1610612743,DEN,8,7,1,6.7,1.3,0.1,0.3,0.5,0,0,0,0.4,0.3,0.9,0.7,0,0,0.1,0.1,0,0
1630188,Jalen Smith,1610612741,CHI,18,9,9,17.1,1.2,0.4,0.8,0.5,0,0,0,0.8,0.636,0.3,0.227,0,0,0.2,0.136,0,0
1630591,Jalen Suggs,1610612753,ORL,16,11,5,24.4,6.5,1.3,2.2,0.571,1.3,1.5,0.875,3.8,0.587,2.8,0.433,0.3,0.048,0.7,0.106,0.8,0.115
1631114,Jalen Williams,1610612760,OKC,3,3,0,32.1,15,4.3,8.7,0.5,1.3,1.3,1,10,0.667,4.3,0.289,1.7,0.111,0.3,0.022,0.7,0.044
1630592,Jalen Wilson,1610612751,BKN,16,2,14,15,2.9,0.6,1.3,0.45,0.5,0.5,1,1.7,0.587,1.1,0.37,0,0,0.2,0.065,0.3,0.087
1631288,Jamal Cain,1610612753,ORL,5,4,1,6.3,1,0.4,0.4,1,0.2,0.4,0.5,1,1,0.2,0.2,0.2,0.2,0.2,0.2,0.2,0.2
1627750,Jamal Murray,1610612743,DEN,19,13,6,34.8,11.7,3.3,6.1,0.548,0.9,1.2,0.818,7.9,0.673,4.2,0.359,1.3,0.112,0.7,0.063,0.6,0.049
1642347,Jamal Shead,1610612761,TOR,22,15,7,18.9,5.4,0.5,1.5,0.344,0.5,0.6,0.714,1.5,0.28,3.2,0.602,1.1,0.212,0.3,0.059,0.3,0.059
1631123,Jamaree Bouyea,1610612756,PHX,6,3,3,12.8,2.7,0.7,1.2,0.571,0,0,0,1.3,0.5,1.5,0.563,0.7,0.25,0,0,0,0
201935,James Harden,1610612746,LAC,20,5,15,35.1,14,2.6,5.6,0.468,3.3,3.8,0.868,8.8,0.627,5.3,0.38,1.5,0.108,0.8,0.057,1.9,0.136
1630164,James Wiseman,1610612754,IND,1,0,1,19.9,0,0,0,0,0,0,0,0,0,0,0,0,0,0,0,0,0
1642364,Jamir Watkins,1610612764,WAS,5,1,4,6.6,0.6,0.2,0.2,1,0.4,0.4,1,0.8,1.333,0.2,0.333,0,0,0,0,0.2,0.333
1642419,Jamison Battle,1610612761,TOR,15,11,4,7.2,0.3,0.1,0.2,0.667,0,0,0,0.3,0.8,0.1,0.4,0,0,0,0,0,0
1641716,Jarace Walker,1610612754,IND,21,4,17,27.4,7,1.2,3.5,0.356,1.2,1.5,0.781,3.8,0.544,2,0.293,0.4,0.061,0.5,0.075,0.8,0.109
1642272,Jared McCain,1610612755,PHI,11,5,6,17.8,5.5,1,2.8,0.355,0.5,0.5,0.833,2.5,0.443,2.1,0.377,0.3,0.049,0.3,0.049,0.3,0.049
1628991,Jaren Jackson Jr.,1610612763,MEM,20,7,13,29.5,6.9,2.7,4.8,0.568,0.8,1.1,0.714,6.5,0.942,0.8,0.109,0.2,0.022,0.7,0.102,0.6,0.08
1629020,Jarred Vanderbilt,1610612747,LAL,14,10,4,18.4,1.4,0.2,0.4,0.5,0.1,0.1,1,0.6,0.474,0.5,0.368,0.1,0.053,0.2,0.158,0.1,0.053
1628386,Jarrett Allen,1610612739,CLE,15,9,6,26.1,1.9,0.7,1.3,0.55,0.2,0.3,0.75,1.7,0.897,0.2,0.103,0.1,0.034,0.2,0.103,0.1,0.069
1642859,Jase Richardson,1610612753,ORL,11,6,5,6.2,1.7,0.5,0.9,0.5,0.1,0.2,0.5,1.1,0.632,0.6,0.368,0.2,0.105,0,0,0.1,0.053
1642914,Javon Small,1610612763,MEM,8,4,4,12.4,2.3,0.1,0.8,0.167,0,0,0,0.3,0.111,1.1,0.5,0.3,0.111,0.3,0.111,0,0
1631451,Javonte Cooke,1610612757,POR,3,1,2,7.9,1.3,0,0.7,0,0,0,0,0,0,0.7,0.5,0.3,0.25,0,0,0,0
1629750,Javonte Green,1610612765,DET,20,16,4,19.9,1.3,0.2,0.7,0.286,0.2,0.3,0.667,0.7,0.52,0.3,0.2,0,0,0.1,0.08,0.2,0.12
1629637,Jaxson Hayes,1610612747,LAL,17,13,4,17.4,0.4,0.1,0.2,0.667,0.1,0.2,0.5,0.4,0.857,0.1,0.143,0.1,0.143,0,0,0.1,0.286
1630643,Jay Huff,1610612754,IND,21,4,17,17.8,1.5,0.3,0.7,0.5,0,0,0,0.7,0.469,0.5,0.344,0,0.031,0.2,0.125,0,0
1627759,Jaylen Brown,1610612738,BOS,21,12,9,33.4,16.5,4.5,8,0.565,2.7,3.4,0.792,12.2,0.74,5,0.301,1.4,0.087,1,0.058,1.7,0.104
1641740,Jaylen Clark,1610612750,MIN,19,13,6,14.8,0.8,0.1,0.3,0.167,0.4,0.6,0.583,0.5,0.563,0.1,0.125,0,0,0.1,0.063,0.3,0.375
1642377,Jaylen Wells,1610612763,MEM,22,9,13,26.5,4.8,1,2,0.467,0.8,1.2,0.692,2.8,0.575,1.5,0.321,0.5,0.094,0.3,0.066,0.6,0.123
1631119,Jaylin Williams,1610612760,OKC,21,20,1,18.2,1.1,0.1,0.2,0.6,0.1,0.2,0.75,0.5,0.417,0.6,0.5,0.2,0.167,0.2,0.208,0.1,0.083
1642281,Jaylon Tyson,1610612739,CLE,17,10,7,26.7,1.6,0.2,0.4,0.667,0,0,0,0.5,0.286,1.2,0.75,0.3,0.179,0.1,0.036,0,0
201145,Jeff Green,1610612745,HOU,7,7,0,4.4,0,0,0,0,0,0,0,0,0,0,0,0,0,0,0,0,0
203924,Jerami Grant,1610612757,POR,20,8,12,29.2,10.2,2.1,4.4,0.466,1.9,2.5,0.74,6.3,0.621,3.4,0.335,0.5,0.049,0.9,0.084,1.4,0.138
1642847,Jeremiah Fears,1610612740,NOP,22,3,19,27.5,12.7,2.7,5.7,0.476,1,1.3,0.786,6.8,0.532,5.5,0.429,0.7,0.054,0.6,0.05,0.6,0.05
1630526,Jeremiah Robinson-Earl,1610612754,IND,16,4,12,18.5,1.4,0,0.6,0,0.3,0.3,1,0.3,0.182,0.6,0.409,0.1,0.045,0.1,0.045,0.1,0.091
1631110,Jeremy Sochan,1610612759,SAS,14,9,5,16.3,1.7,0.4,0.5,0.714,0.2,0.3,0.75,0.9,0.542,0.9,0.5,0.3,0.167,0.2,0.125,0.1,0.083
1630579,Jericho Sims,1610612749,MIL,15,5,10,11,0.1,0.1,0.1,1,0,0,0,0.1,2,0,0,0,0,0,0,0,0
1641724,Jett Howard,1610612753,ORL,15,9,6,10.5,2.4,0.7,1.2,0.556,0.1,0.1,1,1.5,0.639,1.1,0.444,0.3,0.111,0,0,0.1,0.028
1628975,Jevon Carter,1610612741,CHI,11,3,8,12.7,1.9,0.2,0.5,0.4,0.4,0.4,1,0.7,0.381,0.6,0.333,0.3,0.143,0.5,0.238,0.2,0.095
202710,Jimmy Butler III,1610612744,GSW,20,11,9,30.8,11.8,1.8,3.6,0.507,2.2,2.7,0.815,6.1,0.519,5.9,0.502,1.3,0.111,0.8,0.064,1.4,0.115
1642866,Joan Beringer,1610612750,MIN,9,6,3,4.1,0.1,0,0,0,0,0,0,0,0,0.1,1,0,0,0,0,0,0
1629111,Jock Landale,1610612763,MEM,22,9,13,21.7,0.3,0.1,0.1,0.667,0,0,0,0.2,0.667,0.1,0.5,0,0,0,0,0,0
204060,Joe Ingles,1610612750,MIN,6,3,3,3.8,0.3,0,0,0,0,0,0,0,0,0.3,1,0,0,0,0,0,0
203954,Joel Embiid,1610612755,PHI,7,4,3,24.3,4.7,1.3,1.6,0.818,1.4,2,0.714,4.1,0.879,1.7,0.364,0.1,0.03,0.1,0.03,1,0.212
1628381,John Collins,1610612746,LAC,21,5,16,26.8,3.3,0.9,2,0.429,0.4,0.5,0.8,2.2,0.657,0.7,0.2,0,0.014,0.4,0.114,0.2,0.071
1629723,John Konchar,1610612763,MEM,20,9,11,12.7,0.5,0.1,0.1,0.5,0,0,0,0.1,0.2,0.4,0.8,0.1,0.2,0,0,0,0
1641780,Johni Broome,1610612755,PHI,6,3,3,6.5,0.3,0.2,0.3,0.5,0,0,0,0.3,1,0,0,0,0,0,0,0,0
1642277,Johnny Furphy,1610612754,IND,3,1,2,12.2,0.7,0,0,0,0,0,0,0,0,0.7,1,0,0,0,0,0,0
1630548,Johnny Juzang,1610612750,MIN,8,6,2,2.8,0.5,0,0.1,0,0.1,0.3,0.5,0.1,0.25,0.3,0.5,0,0,0,0,0.1,0.25
202685,Jonas Valančiūnas,1610612743,DEN,20,14,6,12.6,0.5,0.1,0.2,0.667,0,0,0,0.2,0.444,0.2,0.333,0,0,0.1,0.222,0,0
1628371,Jonathan Isaac,1610612753,ORL,19,12,7,10,0.2,0.1,0.1,0.5,0,0,0,0.1,0.5,0.1,0.25,0,0,0.1,0.25,0,0
1630228,Jonathan Kuminga,1610612744,GSW,15,8,7,26.3,7.7,1.5,3.2,0.479,1,1.3,0.75,4.1,0.539,2.8,0.365,0.5,0.061,0.8,0.104,0.7,0.087
1642367,Jonathan Mogbo,1610612761,TOR,8,3,5,4.9,0.4,0.1,0.3,0.5,0,0,0,0.3,0.667,0.1,0.333,0.1,0.333,0,0,0,0
203903,Jordan Clarkson,1610612752,NYK,20,13,7,19.4,6.1,1.4,2.8,0.482,0.6,0.8,0.75,3.4,0.549,2.2,0.361,0.6,0.098,0.6,0.09,0.4,0.066
1630692,Jordan Goodwin,1610612756,PHX,19,12,7,20.2,3.6,0.7,1.6,0.419,0,0,0,1.4,0.377,1.4,0.391,0.4,0.116,0.6,0.159,0,0
1641722,Jordan Hawkins,1610612740,NOP,18,2,16,15.6,1.4,0.2,0.5,0.444,0.1,0.1,1,0.6,0.4,0.8,0.6,0.2,0.12,0,0,0.1,0.04
1629162,Jordan McLaughlin,1610612759,SAS,8,6,2,9.2,1.5,0.3,0.8,0.333,0,0,0,0.6,0.417,0.6,0.417,0.1,0.083,0.1,0.083,0,0
1641757,Jordan Miller,1610612746,LAC,4,1,3,13.6,4.3,0.3,1,0.25,1.3,1.5,0.833,1.8,0.412,2.3,0.529,0.5,0.118,0.3,0.059,0.8,0.176
1629673,Jordan Poole,1610612740,NOP,7,1,6,30.3,8.1,0.7,3,0.238,2,2,1,3.4,0.421,3.4,0.421,0.9,0.105,0.4,0.053,1,0.123
1641775,Jordan Walsh,1610612738,BOS,17,11,6,19.9,1.2,0.3,0.7,0.417,0,0,0,0.6,0.476,0.4,0.333,0.1,0.048,0.1,0.095,0,0
1630631,Jose Alvarado,1610612740,NOP,21,3,18,21.7,5.5,1,2.1,0.455,0.4,0.5,0.8,2.3,0.422,2.9,0.517,0.8,0.138,0.2,0.043,0.2,0.043
1630581,Josh Giddey,1610612741,CHI,18,9,9,34.1,17.2,2.7,6.3,0.434,2.2,2.9,0.75,7.8,0.453,8,0.466,1.8,0.104,1.1,0.065,1.4,0.084
1628404,Josh Hart,1610612752,NYK,19,12,7,28.8,5.7,1.4,2.6,0.52,0.5,0.6,0.75,3.3,0.569,2.1,0.367,1,0.174,0.5,0.083,0.3,0.055
1631169,Josh Minott,1610612738,BOS,20,12,8,19.2,1.5,0.2,0.7,0.286,0.1,0.1,0.5,0.5,0.333,0.7,0.433,0.3,0.167,0.1,0.033,0.1,0.067
1629006,Josh Okogie,1610612745,HOU,18,13,5,20.7,2,0.1,0.6,0.2,0.5,0.7,0.75,0.7,0.361,0.9,0.472,0.2,0.111,0.1,0.056,0.3,0.167
201950,Jrue Holiday,1610612757,POR,12,6,6,33.4,12.5,2.1,4.5,0.463,0.4,0.5,0.833,4.7,0.373,6.8,0.547,1.9,0.153,0.7,0.053,0.3,0.02
1630577,Julian Champagnie,1610612759,SAS,20,14,6,28.6,2.2,0.3,0.9,0.278,0.4,0.4,1,0.9,0.419,1,0.442,0.1,0.047,0.1,0.047,0.2,0.093
1641763,Julian Phillips,1610612741,CHI,18,8,10,8.6,0.3,0.1,0.2,0.333,0,0,0,0.1,0.4,0.1,0.4,0,0,0,0,0,0
1631124,Julian Strawther,1610612743,DEN,9,9,0,7.9,2,0.7,1.2,0.545,0.1,0.2,0.5,1.6,0.778,0.4,0.222,0.1,0.056,0.1,0.056,0.1,0.056
203944,Julius Randle,1610612750,MIN,21,13,8,33.5,11.5,2.9,5,0.587,2.2,2.9,0.783,8.5,0.739,4,0.349,1.3,0.116,0.7,0.062,1.4,0.124
1630551,Justin Champagnie,1610612764,WAS,18,2,16,11.9,0.6,0.1,0.2,0.25,0.3,0.3,1,0.4,0.8,0.2,0.3,0.1,0.1,0,0,0.2,0.3
1642348,Justin Edwards,1610612755,PHI,18,11,7,17.9,2.6,0.6,1.2,0.524,0.3,0.3,0.833,1.6,0.609,0.8,0.326,0.2,0.087,0.2,0.087,0.2,0.065
203994,Jusuf Nurkić,1610612762,UTA,20,7,13,24.5,1,0.2,0.4,0.5,0.2,0.2,1,0.6,0.632,0.3,0.263,0,0,0.2,0.158,0.1,0.105
1642354,KJ Simpson,1610612766,CHA,8,2,6,13.1,4.1,0.9,2.6,0.333,0.3,0.3,1,2,0.485,1.3,0.303,0.9,0.212,0,0,0.1,0.03
1626157,Karl-Anthony Towns,1610612752,NYK,20,13,7,33.4,8.3,2.4,4.7,0.516,2.2,2.4,0.917,7.3,0.873,1.6,0.193,0.4,0.042,0.7,0.078,1.2,0.145
1631255,Karlo Matković,1610612740,NOP,12,2,10,11.4,0.2,0,0,0,0,0,0,0,0,0.2,1,0,0,0,0,0,0
1642857,Kasparas Jakučionis,1610612748,MIA,1,1,0,0.9,1,0,1,0,0,0,0,0,0,0,0,0,0,0,0,0,0
202695,Kawhi Leonard,1610612746,LAC,11,3,8,31.2,9.2,2.4,4.8,0.491,1.6,1.6,1,6.5,0.713,2.9,0.317,0.8,0.089,0.5,0.05,0.8,0.089
1630811,Keaton Wallace,1610612737,ATL,20,12,8,15.2,3.5,0.5,1.1,0.409,0.2,0.4,0.5,1.2,0.333,2,0.565,0.5,0.13,0.1,0.029,0.2,0.058
1631099,Keegan Murray,1610612758,SAC,6,2,4,38.8,6.2,2.8,4.2,0.68,0.7,1,0.667,6.3,1.027,1.2,0.189,0,0,0.2,0.027,0.5,0.081
1642276,Kel'el Ware,1610612748,MIA,19,13,6,24.5,0.3,0.1,0.1,0.5,0.1,0.1,1,0.2,0.8,0,0,0,0,0.1,0.4,0.1,0.2
1629640,Keldon Johnson,1610612759,SAS,20,14,6,24.4,5,1.5,2.4,0.625,0.3,0.5,0.6,3.6,0.71,1.8,0.35,0.5,0.1,0.5,0.1,0.3,0.05
203482,Kelly Olynyk,1610612759,SAS,11,8,3,11.2,1.5,0.3,0.6,0.429,0.5,0.5,0.833,1,0.688,0.5,0.313,0.1,0.063,0.1,0.063,0.3,0.188
1626162,Kelly Oubre Jr.,1610612755,PHI,12,7,5,34.8,4.9,2,3.4,0.585,0.8,1,0.75,5.1,1.034,0.5,0.102,0.2,0.034,0.4,0.085,0.5,0.102
1629026,Kenrich Williams,1610612760,OKC,4,4,0,12.7,0.5,0,0.3,0,0,0,0,0,0,0.3,0.5,0,0,0,0,0,0
203484,Kentavious Caldwell-Pope,1610612763,MEM,22,9,13,21.9,3.2,0.5,1.5,0.333,0.4,0.5,0.75,1.4,0.437,1.3,0.394,0.5,0.141,0.1,0.028,0.3,0.085
1631165,Keon Ellis,1610612758,SAC,20,4,16,16.6,1.1,0.2,0.4,0.375,0,0.1,0,0.3,0.286,0.5,0.476,0,0,0.1,0.095,0.1,0.048
1642352,Keshad Johnson,1610612748,MIA,8,6,2,11.4,2.1,0.3,0.6,0.4,0,0,0,0.5,0.235,1.1,0.529,0,0,0.4,0.176,0,0
201142,Kevin Durant,1610612745,HOU,16,11,5,36,9.9,3,5.8,0.522,1.6,1.9,0.833,7.9,0.792,2.1,0.214,0.6,0.057,0.8,0.082,0.9,0.094
1628989,Kevin Huerter,1610612741,CHI,19,9,10,24.1,4.4,0.9,1.9,0.486,0.9,0.9,0.944,2.8,0.643,1.6,0.369,0.3,0.071,0.3,0.071,0.5,0.107
201567,Kevin Love,1610612762,UTA,12,4,8,14.3,0.4,0,0.1,0,0.3,0.3,0.75,0.3,0.6,0.1,0.2,0,0,0.1,0.2,0.2,0.4
1629645,Kevin Porter Jr.,1610612749,MIL,3,2,1,21.7,8.3,1.7,2.3,0.714,1,1.3,0.75,4.3,0.52,5.3,0.64,1.7,0.2,0,0,0.7,0.08
1626172,Kevon Looney,1610612740,NOP,12,2,10,12.9,0.3,0,0.2,0,0,0.2,0,0,0,0,0,0,0,0.1,0.25,0.1,0.25
1641718,Keyonte George,1610612762,UTA,20,7,13,34.1,10.7,2.8,6,0.471,2.4,2.5,0.96,8.2,0.765,2.7,0.249,0.5,0.047,0.6,0.052,1.3,0.117
1642863,Khaman Maluach,1610612756,PHX,10,6,4,4.4,0.2,0,0,0,0.3,0.4,0.75,0.3,1.5,0,0,0,0,0,0,0.2,1
203114,Khris Middleton,1610612764,WAS,15,3,12,25.8,4.7,1.1,1.7,0.654,0.1,0.1,1,2.4,0.514,2.5,0.529,0.7,0.143,0.3,0.057,0.1,0.014
202691,Klay Thompson,1610612742,DAL,21,6,15,21.8,2.3,0.1,0.7,0.214,0,0,0,0.3,0.122,1.5,0.633,0.2,0.082,0.1,0.041,0,0
1641738,Kobe Brown,1610612746,LAC,14,2,12,11.3,1.5,0.4,0.5,0.714,0,0,0,0.7,0.476,0.9,0.619,0.4,0.238,0,0,0,0
1642920,Kobe Sanders,1610612746,LAC,13,3,10,19.2,3.5,0.4,1,0.385,0.5,0.6,0.875,1.3,0.378,1.8,0.511,0.4,0.111,0.4,0.111,0.3,0.089
1642886,Koby Brea,1610612756,PHX,2,1,1,3.9,0.5,0,0,0,0,0,0,0,0,0.5,1,0.5,1,0,0,0,0
1642851,Kon Knueppel,1610612766,CHA,21,6,15,33.5,9.5,1.8,3.1,0.561,0.8,0.9,0.944,4.4,0.46,4.7,0.49,1,0.1,1,0.11,0.4,0.045
1627739,Kris Dunn,1610612746,LAC,21,5,16,26.4,4.3,0.8,1.4,0.552,0.4,0.6,0.667,2,0.456,2.3,0.533,0.5,0.111,0.2,0.056,0.3,0.067
1631200,Kris Murray,1610612757,POR,20,7,13,24.7,3.6,0.7,1.4,0.519,0.2,0.4,0.5,1.6,0.444,1.8,0.486,0.2,0.056,0.3,0.083,0.2,0.056
204001,Kristaps Porziņģis,1610612737,ATL,12,6,6,26.4,1.9,0.3,0.9,0.364,0.3,0.3,1,1.1,0.565,0.7,0.348,0.3,0.13,0.2,0.087,0.2,0.087
203937,Kyle Anderson,1610612762,UTA,6,0,6,19.5,4.8,1.3,2.7,0.5,0.5,0.7,0.75,3.2,0.655,1.8,0.379,0.5,0.103,0,0,0.3,0.069
1642271,Kyle Filipowski,1610612762,UTA,19,7,12,21.1,3.1,0.7,1.5,0.464,0.5,0.6,0.833,1.9,0.627,0.9,0.305,0.3,0.102,0.2,0.068,0.3,0.102
1628398,Kyle Kuzma,1610612749,MIL,20,9,11,25.7,5.1,1.2,2.3,0.5,1,1.2,0.833,3.4,0.663,1.4,0.267,0.4,0.069,0.6,0.109,0.6,0.119
200768,Kyle Lowry,1610612755,PHI,2,2,0,7.2,0.5,0,0,0,0,0,0,0,0,0.5,1,0,0,0,0,0,0
1642273,Kyshawn George,1610612764,WAS,18,2,16,31.4,9.6,1.9,3.8,0.493,0.9,1.2,0.727,4.8,0.497,4.1,0.428,1.7,0.179,0.6,0.058,0.6,0.064
1630163,LaMelo Ball,1610612766,CHA,14,4,10,29.6,12.9,3.1,7,0.439,1.3,1.4,0.9,7.7,0.6,4.2,0.328,1.1,0.089,0.8,0.061,0.7,0.056
1642950,Lachlan Olbrich,1610612741,CHI,2,0,2,11.5,0,0,0,0,0,0,0,0,0,0,0,0,0,0,0,0,0
1629013,Landry Shamet,1610612752,NYK,15,9,6,20.9,1.6,0.5,1.1,0.438,0.1,0.4,0.333,1.1,0.708,0.3,0.208,0,0,0,0,0.2,0.125
1626204,Larry Nance Jr.,1610612739,CLE,16,10,6,15,0.4,0.1,0.1,0.5,0,0,0,0.1,0.286,0.3,0.571,0,0,0.1,0.143,0,0
1628374,Lauri Markkanen,1610612762,UTA,20,7,13,35.6,5.1,1.2,2.6,0.442,1.2,1.2,0.958,3.7,0.723,1.5,0.297,0.3,0.05,0.3,0.05,0.6,0.119
2544,LeBron James,1610612747,LAL,5,4,1,32.3,4.4,1.4,2.4,0.583,0.6,1.6,0.375,3.4,0.773,1.2,0.273,0.4,0.091,0,0,0.8,0.182
1631159,Leonard Miller,1610612750,MIN,9,6,3,4.3,0.8,0.1,0.2,0.5,0.2,0.2,1,0.4,0.571,0.2,0.286,0.1,0.143,0.2,0.286,0.1,0.143
1642862,Liam McNeeley,1610612766,CHA,15,5,10,13,2.3,0.3,0.9,0.357,0.5,0.5,1,1.2,0.529,0.7,0.324,0.3,0.118,0.3,0.118,0.3,0.118
1630322,Lindy Waters III,1610612759,SAS,9,6,3,7.8,0,0,0,0,0,0,0,0,0,0,0,0,0,0,0,0,0
1628366,Lonzo Ball,1610612739,CLE,16,9,7,23.6,2,0.1,0.4,0.333,0,0,0,0.3,0.125,1.4,0.719,0.6,0.281,0.2,0.094,0,0
1629652,Luguentz Dort,1610612760,OKC,15,15,0,29.1,3,0.3,1,0.333,0.5,0.5,0.875,1.1,0.378,1.5,0.489,0.3,0.111,0.1,0.044,0.3,0.089
1629029,Luka Dončić,1610612747,LAL,16,12,4,36.9,14.6,4.4,6.8,0.657,2.9,3.2,0.902,12.3,0.838,4.9,0.333,1.8,0.124,1,0.068,1.6,0.111
1630568,Luka Garza,1610612738,BOS,17,9,8,14,0.1,0,0.1,0,0,0,0,0,0,0,0,0,0,0,0,0,0
1628379,Luke Kennard,1610612737,ATL,19,11,8,20.8,4.4,0.5,1,0.474,0.4,0.4,0.875,1.3,0.301,2.8,0.639,0.6,0.133,0.3,0.072,0.2,0.048
1628436,Luke Kornet,1610612759,SAS,13,9,4,24.7,0.1,0,0,0,0,0,0,0,0,0.1,1,0,0,0,0,0,0
1631247,Luke Travers,1610612739,CLE,9,5,4,9.1,1.7,0.3,1.2,0.273,0,0,0,0.8,0.467,0.4,0.267,0.1,0.067,0,0,0,0
1630644,Mac McClung,1610612754,IND,3,0,3,11.3,3.3,1,1.7,0.6,0.3,0.7,0.5,2.3,0.7,1,0.3,0,0,0.3,0.1,0.3,0.1
1631103,Malaki Branham,1610612764,WAS,9,1,8,7.3,2,0.3,0.7,0.5,1,1.3,0.75,1.7,0.833,0.4,0.222,0,0,0.2,0.111,0.7,0.333
1628370,Malik Monk,1610612758,SAC,18,4,14,24.3,6.6,1.4,3.9,0.371,0.7,0.8,0.857,3.6,0.542,1.7,0.263,0.3,0.051,0.3,0.051,0.4,0.059
203935,Marcus Smart,1610612747,LAL,14,11,3,26.8,3.8,1.1,1.6,0.652,0.6,0.7,0.8,2.8,0.736,1.3,0.34,0.2,0.057,0.4,0.094,0.4,0.094
1641813,Mark Sears,1610612749,MIL,7,1,6,3.7,1.7,0.3,0.7,0.4,0.3,0.3,1,0.9,0.5,0.7,0.417,0.1,0.083,0.1,0.083,0.1,0.083
1631109,Mark Williams,1610612756,PHX,18,12,6,25.4,0.2,0.1,0.2,0.333,0,0,0,0.1,0.667,0,0,0,0,0,0,0,0
1628963,Marvin Bagley III,1610612764,WAS,16,2,14,17.3,1.1,0.4,0.8,0.538,0.2,0.3,0.75,1.1,1,0.1,0.056,0.1,0.056,0.1,0.111,0.1,0.111
203486,Mason Plumlee,1610612766,CHA,8,3,5,8.2,0,0,0,0,0,0,0,0,0,0,0,0,0,0,0,0,0
1641824,Matas Buzelis,1610612741,CHI,20,9,11,28.2,6,1.6,3.3,0.477,0.7,0.9,0.778,4.1,0.681,1.4,0.235,0.3,0.05,0.6,0.092,0.5,0.084
1629680,Matisse Thybulle,1610612757,POR,4,2,2,12.2,2,0,0.3,0,0.5,0.5,1,0.5,0.25,1.5,0.75,0.3,0.125,0,0,0.3,0.125
1631108,Max Christie,1610612742,DAL,22,7,15,29.3,4.8,0.7,1.8,0.41,0.5,0.6,0.714,2,0.419,2.4,0.495,0.5,0.095,0.2,0.048,0.3,0.067
1628467,Maxi Kleber,1610612747,LAL,9,6,3,11.7,0.6,0.2,0.2,1,0.2,0.2,1,0.7,1.2,0.1,0.2,0.1,0.2,0.1,0.2,0.1,0.2
1642875,Maxime Raynaud,1610612758,SAC,13,4,9,14.5,0.7,0.1,0.4,0.2,0,0,0,0.2,0.222,0.2,0.333,0,0,0.1,0.111,0,0
1642877,Micah Peavy,1610612740,NOP,18,2,16,16.6,2.5,0.4,1.1,0.4,0.2,0.3,0.667,1.2,0.467,1.1,0.444,0.4,0.156,0.1,0.022,0.2,0.067
1629008,Michael Porter Jr.,1610612751,BKN,17,4,13,32.8,4.8,1.2,2.4,0.512,0.5,0.8,0.643,3.1,0.654,1.6,0.333,0.6,0.123,0.2,0.049,0.4,0.086
1628969,Mikal Bridges,1610612752,NYK,20,13,7,35,7.9,1.3,2.7,0.481,0.6,0.8,0.688,3.2,0.405,4.4,0.551,0.9,0.114,0.3,0.038,0.4,0.051
201144,Mike Conley,1610612750,MIN,21,13,8,19.5,2.6,0.3,0.8,0.375,0.1,0.2,0.75,0.7,0.278,1.6,0.63,0.5,0.204,0.1,0.037,0.1,0.037
1628970,Miles Bridges,1610612766,CHA,21,6,15,35,11.3,3,6.6,0.46,2.1,2.5,0.846,8.2,0.727,2.8,0.248,0.8,0.071,0.4,0.038,1.3,0.113
1642939,Miles Kelly,1610612742,DAL,2,1,1,5.6,0,0,0,0,0,0,0,0,0,0,0,0,0,0,0,0,0
1630540,Miles McBride,1610612752,NYK,17,13,4,27.2,3.5,0.2,1.4,0.167,0.2,0.2,0.75,0.6,0.186,1.9,0.542,0.3,0.085,0.1,0.017,0.1,0.034
1629011,Mitchell Robinson,1610612752,NYK,13,8,5,17.1,0,0,0,0,0,0,0,0,0,0,0,0,0,0,0,0,0
1642885,Mohamed Diawara,1610612752,NYK,13,8,5,3,0.2,0,0,0,0,0.2,0,0,0,0.1,0.5,0,0,0,0,0.1,0.5
1628420,Monte Morris,1610612754,IND,6,0,6,10.8,2.3,0.2,0.7,0.25,0.2,0.3,0.5,0.5,0.214,1.3,0.571,0.2,0.071,0.2,0.071,0.2,0.071
1630541,Moses Moody,1610612744,GSW,20,9,11,25.5,3.6,0.7,1.7,0.382,0.7,0.7,0.929,2.1,0.569,1.3,0.347,0.2,0.042,0.2,0.056,0.4,0.097
1631243,Mouhamed Gueye,1610612737,ATL,22,13,9,17.6,1.1,0.2,0.5,0.5,0,0,0,0.5,0.417,0.6,0.542,0.3,0.292,0,0.042,0,0
1630619,Moussa Cisse,1610612742,DAL,16,4,12,10.7,0,0,0,0,0,0,0,0,0,0,0,0,0,0,0,0,0
1631217,Moussa Diabaté,1610612766,CHA,21,6,15,22.9,1,0.3,0.5,0.636,0.4,0.5,0.8,1,1.1,0.1,0.15,0,0.05,0,0,0.2,0.25
1626167,Myles Turner,1610612749,MIL,21,9,12,29.5,1.7,0.5,1.1,0.478,0.3,0.4,0.75,1.5,0.861,0.2,0.111,0,0.028,0.2,0.111,0.2,0.139
1642066,Myron Gardner,1610612748,MIA,4,4,0,2.4,0.5,0,0,0,0,0,0,0,0,0.5,1,0,0,0,0,0,0
1642368,N'Faly Dante,1610612737,ATL,4,3,1,3.9,0,0,0,0,0,0,0,0,0,0,0,0,0,0,0,0,0
1641772,Nae'Qwan Tomlin,1610612739,CLE,13,8,5,17.1,1,0.2,0.4,0.4,0.2,0.3,0.75,0.5,0.538,0.4,0.385,0.1,0.077,0,0,0.2,0.154
1630230,Naji Marshall,1610612742,DAL,22,7,15,27.1,5.5,1.2,2.1,0.553,1,1.4,0.767,3.5,0.65,2.1,0.392,0.5,0.083,0.3,0.058,0.7,0.133
1629675,Naz Reid,1610612750,MIN,21,13,8,25.2,2.9,1.1,2,0.548,0.2,0.3,0.833,2.5,0.869,0.5,0.18,0.2,0.082,0.1,0.049,0.1,0.049
1629674,Neemias Queta,1610612738,BOS,19,10,9,23.8,0.7,0.1,0.5,0.111,0.1,0.1,0.5,0.2,0.214,0.1,0.143,0,0,0.1,0.143,0.1,0.071
1629651,Nic Claxton,1610612751,BKN,20,4,16,30,5.5,1.8,3.5,0.507,1.4,2,0.692,5.2,0.945,0.6,0.11,0.1,0.018,0.3,0.046,1,0.183
1630208,Nick Richards,1610612756,PHX,21,12,9,9.8,0.2,0.1,0.2,0.5,0.1,0.1,1,0.3,1.2,0,0,0,0,0,0,0,0.2
1641733,Nick Smith Jr.,1610612747,LAL,7,4,3,13.7,3.4,0.9,2,0.429,0,0,0,1.9,0.542,1,0.292,0.1,0.042,0.1,0.042,0,0
1629638,Nickeil Alexander-Walker,1610612737,ATL,20,11,9,32.8,9.2,2.2,4.1,0.531,1.6,1.8,0.861,6,0.647,3.1,0.337,0.9,0.092,0.8,0.082,0.9,0.098
201587,Nicolas Batum,1610612746,LAC,21,5,16,18.9,0,0,0,0,0,0,0,0,0,0,1,0,0,0,0,0,0
1628502,Nigel Hayes-Davis,1610612756,PHX,16,8,8,8.6,0.7,0.3,0.5,0.5,0,0,0,0.5,0.727,0.1,0.182,0,0,0.1,0.091,0,0
203999,Nikola Jokić,1610612743,DEN,20,14,6,34.8,3.6,1,1.6,0.613,0.8,0.9,0.889,2.7,0.75,1.3,0.361,0.5,0.125,0.2,0.042,0.5,0.125
1631107,Nikola Jović,1610612748,MIA,15,9,6,20,3.9,0.5,1.4,0.333,0.1,0.3,0.5,1.1,0.288,2,0.508,0.5,0.136,0.3,0.085,0.1,0.034
202696,Nikola Vučević,1610612741,CHI,19,9,10,30.8,2.6,0.6,1.2,0.5,0.1,0.1,1,1.3,0.5,1.1,0.42,0.3,0.1,0.1,0.04,0.1,0.02
1642363,Nique Clifford,1610612758,SAC,17,4,13,15.8,2.6,0.2,0.8,0.286,0.3,0.5,0.625,0.8,0.289,1.4,0.511,0.4,0.156,0.2,0.089,0.2,0.089
1642855,Noa Essengue,1610612741,CHI,2,1,1,3,0,0,0,0,0,0,0,0,0,0,0,0,0,0,0,0,0
1641730,Noah Clowney,1610612751,BKN,20,4,16,27.4,4.1,1,1.7,0.576,1.6,2,0.821,3.6,0.877,0.9,0.21,0.5,0.111,0.4,0.086,1,0.247
1642869,Noah Penda,1610612753,ORL,11,6,5,9.5,2.1,0.4,1.2,0.308,0,0,0,0.8,0.391,0.9,0.435,0.3,0.13,0,0,0,0
1642849,Nolan Traore,1610612751,BKN,4,0,4,8.8,2.3,0,0.8,0,0.3,0.5,0.5,0.3,0.111,1,0.444,0.3,0.111,0,0,0.3,0.111
1626181,Norman Powell,1610612748,MIA,15,11,4,30.6,8.9,3.2,6.3,0.511,0.9,1.1,0.875,7.7,0.865,1.6,0.18,0.2,0.023,0.3,0.03,0.5,0.06
1628384,OG Anunoby,1610612752,NYK,12,8,4,31.1,6.6,0.9,2.3,0.407,0.8,0.8,0.9,2.6,0.392,3.3,0.506,0.9,0.139,0.6,0.089,0.4,0.063
1630167,Obi Toppin,1610612754,IND,3,0,3,27.4,5,0.7,1.7,0.4,2,2,1,3.7,0.733,1.7,0.333,0.3,0.067,0.7,0.133,1,0.2
1630534,Ochai Agbaji,1610612761,TOR,16,9,7,13.5,1.1,0.3,0.5,0.5,0.1,0.3,0.5,0.6,0.556,0.4,0.333,0.1,0.056,0.1,0.056,0.1,0.111
1641765,Olivier-Maxence Prosper,1610612763,MEM,12,5,7,9.9,2.3,0.4,1,0.417,0.5,0.5,1,1.3,0.593,0.8,0.37,0.1,0.037,0.2,0.074,0.3,0.111
1630168,Onyeka Okongwu,1610612737,ATL,21,12,9,30.5,3.2,1,1.9,0.525,0.6,0.8,0.75,2.7,0.838,0.7,0.206,0.2,0.059,0.2,0.074,0.4,0.118
1631115,Orlando Robinson,1610612753,ORL,3,2,1,7.2,0.7,0,0,0,0,0,0,0,0,0.7,1,0,0,0,0,0,0
1642345,Oso Ighodaro,1610612756,PHX,22,13,9,17.1,1.8,0.3,0.9,0.368,0,0.2,0.25,0.7,0.385,0.5,0.308,0,0,0.1,0.051,0.1,0.051
1631172,Ousmane Dieng,1610612760,OKC,14,13,1,11,1.6,0.3,0.6,0.444,0.1,0.1,1,0.7,0.455,0.9,0.545,0.2,0.136,0,0,0.1,0.045
1629023,P.J. Washington,1610612742,DAL,19,5,14,31.7,7.2,1.7,4.1,0.423,0.7,1.1,0.65,4.5,0.625,1.9,0.265,0.4,0.059,0.5,0.074,0.5,0.074
1641790,PJ Hall,1610612763,MEM,7,2,5,3.8,0,0,0,0,0,0,0,0,0,0,0,0,0,0,0,0,0
1642359,Pacôme Dadiet,1610612752,NYK,8,6,2,2.7,0.3,0,0,0,0,0,0,0,0,0.3,1,0,0,0,0,0,0
1631094,Paolo Banchero,1610612753,ORL,12,6,6,32.8,13.4,2.8,6.1,0.466,2.8,3.7,0.773,9.3,0.689,4.3,0.323,1,0.075,0.9,0.068,1.9,0.143
1627783,Pascal Siakam,1610612754,IND,20,4,16,34.3,13.8,3.5,6.3,0.56,2,2.7,0.741,9.3,0.67,5.1,0.37,1,0.069,0.7,0.047,1.4,0.098
1626192,Pat Connaughton,1610612766,CHA,12,3,9,9.7,1.8,0.4,0.7,0.625,0.3,0.3,0.75,1.1,0.591,0.8,0.455,0.1,0.045,0.1,0.045,0.2,0.091
1630311,Pat Spencer,1610612744,GSW,14,7,7,13.4,4.9,1.1,2.1,0.5,0.3,0.4,0.667,2.4,0.5,2.3,0.471,0.4,0.088,0,0,0.2,0.044
1630172,Patrick Williams,1610612741,CHI,19,8,11,20.6,3.3,0.5,1.6,0.333,0.3,0.4,0.625,1.4,0.413,1.4,0.413,0.3,0.079,0.2,0.048,0.2,0.063
202331,Paul George,1610612755,PHI,6,4,2,22.2,5,1,2.2,0.462,0.7,0.7,1,2.7,0.533,2.2,0.433,0.5,0.1,0.2,0.033,0.3,0.067
1630194,Paul Reed,1610612765,DET,15,12,3,11.6,0.9,0.3,0.5,0.5,0.1,0.1,0.5,0.6,0.643,0.3,0.286,0.1,0.071,0.1,0.071,0.1,0.071
1630202,Payton Pritchard,1610612738,BOS,21,12,9,32.2,10.3,2.4,3.9,0.63,0.9,1,0.9,5.9,0.571,5,0.484,1.2,0.12,0.6,0.06,0.6,0.055
1641796,Pelle Larsson,1610612748,MIA,19,13,6,22.5,5.4,0.7,1.7,0.424,0.7,1.2,0.636,2.4,0.451,2.5,0.461,1,0.186,0.3,0.059,0.6,0.118
1631250,Pete Nance,1610612749,MIL,3,0,3,3.3,0.7,0,0,0,0,0,0,0,0,0.7,1,0.3,0.5,0,0,0,0
1631212,Peyton Watson,1610612743,DEN,20,14,6,26.6,1.8,0.3,0.6,0.417,0,0.1,0,0.6,0.343,0.8,0.429,0.3,0.143,0.3,0.171,0.1,0.029
1630173,Precious Achiuwa,1610612758,SAC,14,3,11,20.9,2.5,0.6,1.4,0.421,0.2,0.4,0.5,1.4,0.543,0.6,0.257,0.4,0.143,0.1,0.057,0.2,0.086
1629656,Quentin Grimes,1610612755,PHI,19,10,9,33.1,8.8,1.4,3,0.456,1.3,1.5,0.893,4.3,0.488,4.2,0.47,0.9,0.101,0.8,0.089,0.7,0.083
1631245,Quenton Jackson,1610612754,IND,5,1,4,20.1,7,1,2.4,0.417,1,1.2,0.833,3,0.429,3.6,0.514,0.6,0.086,0.2,0.029,0.6,0.086
1642366,Quinten Post,1610612744,GSW,22,11,11,16.1,1.2,0.2,0.3,0.667,0,0,0,0.4,0.346,0.7,0.615,0.1,0.077,0.1,0.077,0,0
1629628,RJ Barrett,1610612761,TOR,17,12,5,30.9,8.4,2.1,3.7,0.571,1.1,1.5,0.731,5.5,0.657,3.2,0.385,0.5,0.056,0.4,0.042,0.8,0.091
1642853,Rasheer Fleming,1610612756,PHX,11,7,4,5.4,0.6,0.1,0.3,0.333,0,0,0,0.2,0.286,0.4,0.571,0,0,0,0,0,0
1642484,RayJ Dennis,1610612754,IND,13,2,11,12.9,3.9,0.5,1.9,0.28,0.3,0.3,1,1.4,0.353,1.5,0.392,0.2,0.059,0.2,0.039,0.2,0.039
1641712,Rayan Rupert,1610612757,POR,14,7,7,7.7,1,0.1,0.3,0.25,0.1,0.1,0.5,0.2,0.214,0.6,0.571,0,0,0.1,0.071,0.1,0.071
1642263,Reed Sheppard,1610612745,HOU,18,13,5,25.2,3.9,1.2,2,0.583,0.1,0.1,1,2.5,0.643,1.6,0.4,0.5,0.129,0.2,0.057,0.1,0.014
1642434,Riley Minix,1610612759,SAS,3,2,1,2.8,0.7,0,0,0,0,0,0,0,0,0.7,1,0.3,0.5,0,0,0,0
1642265,Rob Dillingham,1610612750,MIN,19,11,8,10.3,4.4,0.8,1.8,0.457,0.1,0.3,0.333,1.8,0.405,2.1,0.464,0.5,0.119,0.3,0.071,0.2,0.036
1629057,Robert Williams III,1610612757,POR,14,5,9,14.3,0.1,0,0,0,0,0,0,0,0,0.1,1,0,0,0,0,0,0
1631199,Ron Harper Jr.,1610612738,BOS,3,2,1,5.2,0,0,0,0,0,0,0,0,0,0,0,0,0,0,0,0,0
1641842,Ronald Holland II,1610612765,DET,20,16,4,21.3,3.6,1,1.9,0.514,0.2,0.2,1,2.3,0.634,1,0.268,0.2,0.056,0.6,0.155,0.1,0.028
1626220,Royce O'Neale,1610612756,PHX,22,13,9,30.2,2.5,0.4,0.9,0.45,0.1,0.2,0.75,1,0.375,1.2,0.482,0.5,0.179,0.3,0.107,0.1,0.036
203497,Rudy Gobert,1610612750,MIN,21,13,8,32.1,0.8,0.2,0.4,0.444,0,0.1,0.5,0.4,0.563,0.2,0.313,0,0.063,0,0.063,0,0.063
1629060,Rui Hachimura,1610612747,LAL,19,14,5,33.1,2.5,0.9,1.7,0.531,0.2,0.3,0.667,2.1,0.83,0.4,0.17,0.1,0.043,0.2,0.064,0.2,0.064
201566,Russell Westbrook,1610612758,SAC,21,5,16,28.2,11.5,1.5,3.4,0.444,0.8,1.6,0.5,4,0.344,5.6,0.485,1.8,0.154,1.4,0.12,0.8,0.071
1642346,Ryan Dunn,1610612756,PHX,17,11,6,23.9,2.5,0.3,1.1,0.278,0.2,0.2,1,0.8,0.333,1.2,0.476,0.4,0.143,0.1,0.048,0.1,0.048
1641750,Ryan Kalkbrenner,1610612766,CHA,19,6,13,25.6,0,0,0,0,0,0,0,0,0,0,0,0,0,0,0,0,0
1642948,Ryan Nembhard,1610612742,DAL,9,4,5,15.7,6.3,1,2.1,0.474,0,0,0,2,0.316,3.8,0.596,1.2,0.193,0.3,0.053,0,0
1631157,Ryan Rollins,1610612749,MIL,21,9,12,31.9,12.4,2.7,5.3,0.514,0.7,1,0.75,6.1,0.496,5.7,0.462,1.7,0.138,0.5,0.042,0.5,0.038
1630180,Saddiq Bey,1610612740,NOP,21,3,18,28.6,4,1.1,2.4,0.48,0.8,1.3,0.607,3.2,0.81,0.8,0.19,0.1,0.036,0.1,0.024,0.7,0.167
1630573,Sam Hauser,1610612738,BOS,21,12,9,22.2,0.5,0,0.1,0.5,0,0.1,0.5,0.1,0.273,0.3,0.545,0.1,0.182,0.1,0.182,0,0.091
1630241,Sam Merrill,1610612739,CLE,12,9,3,25.9,1.9,0.3,0.6,0.571,0,0,0,0.8,0.391,1.3,0.652,0.3,0.13,0.1,0.043,0,0
1630572,Sandro Mamukelashvili,1610612761,TOR,21,14,7,18.9,2.2,0.7,1.1,0.609,0.3,0.4,0.75,1.7,0.745,0.7,0.298,0.1,0.043,0.2,0.106,0.2,0.085
1630583,Santi Aldama,1610612763,MEM,22,9,13,26,4.5,1.2,2.3,0.52,0.5,0.6,0.786,2.9,0.64,1.8,0.4,0.5,0.12,0.1,0.03,0.3,0.07
1630567,Scottie Barnes,1610612761,TOR,22,15,7,33.6,7.2,1.8,3.9,0.453,1,1.4,0.767,4.6,0.646,2,0.285,0.5,0.076,0.5,0.063,0.7,0.095
203552,Seth Curry,1610612744,GSW,1,0,1,17.9,2,1,1,1,0,0,0,2,1,1,0.5,0,0,0,0,0,0
1631101,Shaedon Sharpe,1610612757,POR,17,6,11,27.9,10.2,2.6,5.2,0.494,1.9,2.5,0.762,7.5,0.74,2.5,0.243,0.5,0.052,0.6,0.058,1.2,0.121
1628983,Shai Gilgeous-Alexander,1610612760,OKC,22,21,1,33.6,18,5.1,8.9,0.574,3.5,3.8,0.928,14.3,0.795,6.5,0.359,1.5,0.083,0.5,0.028,1.9,0.106
1630536,Sharife Cooper,1610612764,WAS,4,1,3,2.5,0.5,0,0,0,0,0,0,0,0,0.5,1,0,0,0,0,0,0
1631321,Sidy Cissoko,1610612757,POR,16,5,11,17.4,3,0.4,0.9,0.467,0.3,0.4,0.833,1.3,0.417,1.6,0.521,0.3,0.083,0.2,0.063,0.2,0.063
1631323,Simone Fontecchio,1610612748,MIA,19,13,6,19.5,2.7,0.4,0.7,0.5,0,0,0,0.7,0.269,1.6,0.577,0.4,0.154,0.4,0.135,0,0
1642883,Sion James,1610612766,CHA,21,6,15,26.5,3.2,0.4,1,0.409,0.4,0.4,1,1.3,0.418,1.5,0.478,0.3,0.104,0.4,0.119,0.2,0.06
1642461,Spencer Jones,1610612743,DEN,16,11,5,14.8,0.3,0.2,0.2,1,0,0,0,0.4,1.2,0.1,0.4,0,0,0,0,0,0
201939,Stephen Curry,1610612744,GSW,16,9,7,31,7.9,1.9,3.8,0.492,1.2,1.3,0.95,5.1,0.638,2.8,0.354,0.4,0.055,0.5,0.063,0.6,0.079
1642264,Stephon Castle,1610612759,SAS,13,9,4,32,13.1,2.5,4.6,0.55,1.9,3.1,0.625,7.3,0.559,4.8,0.371,1.6,0.124,1.4,0.106,1.5,0.118
203500,Steven Adams,1610612745,HOU,15,11,4,21.6,0.1,0,0,0,0,0,0,0,0,0.1,1,0.1,0.5,0,0,0,0
1629004,Svi Mykhailiuk,1610612762,UTA,20,7,13,26.1,2.4,0.7,0.9,0.778,0.2,0.2,1,1.6,0.667,1.3,0.542,0.4,0.167,0.1,0.021,0.1,0.042
204456,T.J. McConnell,1610612754,IND,11,3,8,16.9,10.3,2.8,5.4,0.525,0,0,0,5.7,0.558,4.7,0.46,1,0.097,0.2,0.018,0,0
1643007,Taelon Peter,1610612754,IND,13,2,11,7.8,0.3,0.1,0.1,1,0,0,0,0.2,0.5,0.2,0.75,0,0,0,0,0,0
1631106,Tari Eason,1610612745,HOU,11,8,3,23.2,2.6,0.5,1.3,0.357,0.1,0.2,0.5,1,0.379,1,0.379,0.5,0.172,0.3,0.103,0.1,0.034
1627752,Taurean Prince,1610612749,MIL,8,5,3,21.1,1.9,0.5,0.9,0.571,0,0,0,1.1,0.6,0.8,0.4,0.3,0.133,0,0,0,0
1641707,Taylor Hendricks,1610612762,UTA,11,3,8,14.3,1.2,0.3,0.5,0.5,0.1,0.2,0.5,0.6,0.538,0.5,0.385,0,0,0,0,0.1,0.077
1629611,Terance Mann,1610612751,BKN,19,3,16,26.8,6.5,1.1,2.2,0.476,0.8,0.9,0.889,3,0.46,3.3,0.508,1.1,0.169,0.3,0.04,0.5,0.073
1630545,Terrence Shannon Jr.,1610612750,MIN,12,7,5,14.7,2.6,0.5,1.1,0.462,0.5,0.7,0.75,1.6,0.613,1.1,0.419,0.3,0.129,0,0,0.3,0.129
203648,Thanasis Antetokounmpo,1610612749,MIL,7,3,4,2.5,0.4,0.1,0.3,0.5,0,0,0,0.3,0.667,0,0,0,0,0.1,0.333,0,0
1628418,Thomas Bryant,1610612739,CLE,15,9,6,6.6,0.1,0,0.1,0,0,0,0,0,0,0,0,0,0,0.1,0.5,0,0
1642275,Tidjane Salaün,1610612766,CHA,8,3,5,12.6,1.1,0,0.3,0,0,0,0,0,0,0.6,0.556,0.1,0.111,0.3,0.222,0,0
203501,Tim Hardaway Jr.,1610612743,DEN,20,14,6,24.5,1.5,0.4,0.9,0.412,0.2,0.2,0.75,0.9,0.586,0.5,0.345,0.2,0.103,0,0,0.1,0.069
202699,Tobias Harris,1610612765,DET,11,7,4,29.6,4.4,0.7,2.2,0.333,0.7,0.7,1,2.3,0.521,1.5,0.354,0.2,0.042,0.2,0.042,0.4,0.083
1642449,Tolu Smith,1610612765,DET,2,1,1,11.1,0,0,0,0,0,0,0,0,0,0,0,0,0,0,0,0,0
1628396,Tony Bradley,1610612754,IND,19,3,16,12.3,0.4,0.3,0.4,0.714,0,0,0,0.5,1.25,0.1,0.125,0,0,0,0,0,0
1641787,Tosan Evbuomwan,1610612752,NYK,2,2,0,2.3,0.5,0,0.5,0,0,0,0,0,0,0,0,0,0,0,0,0,0
1641739,Toumani Camara,1610612757,POR,21,8,13,34.1,4.2,0.4,1.3,0.321,0.2,0.3,0.833,1.1,0.27,1.9,0.438,0.5,0.112,0.7,0.157,0.1,0.034
1629027,Trae Young,1610612737,ATL,5,2,3,27.8,11.6,3.2,6,0.533,3,3.6,0.833,10,0.862,3.4,0.293,1,0.086,0.2,0.017,1.8,0.155
1631218,Trayce Jackson-Davis,1610612744,GSW,12,6,6,12.3,0.3,0,0,0,0,0,0,0,0,0.3,1,0.1,0.333,0,0,0,0
1642848,Tre Johnson,1610612764,WAS,15,1,14,24.2,5,1.3,2.9,0.432,0.5,0.7,0.8,3.1,0.627,1.1,0.227,0.3,0.053,0.4,0.08,0.3,0.067
1630200,Tre Jones,1610612741,CHI,17,7,10,28.6,13.3,2.5,4.8,0.531,2.2,2.6,0.841,7.3,0.549,6.2,0.465,1.2,0.088,0.8,0.062,1.3,0.097
1630544,Tre Mann,1610612766,CHA,18,6,12,20.6,8.6,1.6,3.8,0.406,0.3,0.3,1,3.4,0.403,3.6,0.422,0.6,0.065,0.7,0.084,0.2,0.019
1630570,Trendon Watford,1610612755,PHI,14,6,8,20.4,4.9,1.4,2.6,0.541,0.7,0.9,0.833,3.9,0.797,1.1,0.217,0.2,0.043,0.6,0.116,0.5,0.101
1641725,Trey Alexander,1610612740,NOP,2,0,2,16.4,3,1.5,2,0.75,0,0,0,3,1,1,0.333,0.5,0.167,0,0,0,0
1641998,Trey Jemison III,1610612752,NYK,2,2,0,5.1,0,0,0,0,0,0,0,0,0,0,0,0,0,0,0,0,0
1630530,Trey Murphy III,1610612740,NOP,20,3,17,35.8,7.2,1.2,3,0.407,1.5,1.6,0.906,3.9,0.542,2.5,0.34,0.7,0.09,0.8,0.111,0.8,0.111
1641774,Tristan Vukcevic,1610612764,WAS,17,3,14,10.8,0.6,0.2,0.4,0.429,0.2,0.4,0.667,0.6,0.909,0.1,0.091,0.1,0.091,0,0,0.2,0.273
1641783,Tristan da Silva,1610612753,ORL,21,13,8,23.5,2.9,0.6,1.4,0.433,0.5,0.6,0.833,1.7,0.6,1,0.367,0.3,0.1,0.1,0.033,0.3,0.1
1629639,Tyler Herro,1610612748,MIA,2,2,0,29.4,11.5,5,7.5,0.667,0.5,1,0.5,10.5,0.913,3.5,0.304,0,0,0,0,0.5,0.043
1642278,Tyler Kolek,1610612752,NYK,16,10,6,9.7,3.4,0.8,1.2,0.632,0.1,0.1,1,1.6,0.481,1.9,0.574,0.3,0.093,0.1,0.037,0.1,0.019
1631213,Tyrese Martin,1610612751,BKN,20,4,16,21.2,5.5,0.8,2.1,0.381,0.4,0.5,0.8,2,0.364,2.6,0.464,0.6,0.1,0.4,0.073,0.3,0.045
1630178,Tyrese Maxey,1610612755,PHI,20,11,9,40.1,14.7,4.1,8.5,0.485,2.7,3.2,0.844,11.4,0.775,3.7,0.253,1,0.065,0.6,0.041,1.6,0.109
1642878,Tyrese Proctor,1610612739,CLE,18,11,7,12.4,2.3,0.4,1.1,0.421,0.6,0.7,0.917,1.5,0.643,0.8,0.357,0.2,0.095,0,0,0.3,0.143
1630623,Tyson Etienne,1610612751,BKN,7,1,6,4.7,0.4,0,0.1,0,0,0,0,0,0,0.3,0.667,0,0,0,0,0,0
1626145,Tyus Jones,1610612753,ORL,21,13,8,13.9,1,0.3,0.6,0.462,0.1,0.1,1,0.7,0.667,0.2,0.238,0,0.048,0.1,0.095,0,0.048
1642845,VJ Edgecombe,1610612755,PHI,17,10,7,35.6,7.7,1.6,4.4,0.365,0.3,0.4,0.833,3.5,0.45,2.8,0.359,0.6,0.084,0.2,0.031,0.2,0.023
1641705,Victor Wembanyama,1610612759,SAS,12,8,4,34.7,7.8,1.9,3.3,0.575,1.5,1.8,0.818,5.5,0.702,2.2,0.277,0.5,0.064,1,0.128,0.9,0.117
1631246,Vince Williams Jr.,1610612763,MEM,17,6,11,22.8,6.9,1,2.6,0.378,0.2,0.4,0.5,2.4,0.35,3.3,0.479,1.1,0.162,0.5,0.077,0.3,0.043
1630249,Vít Krejčí,1610612737,ATL,18,11,7,23,2.4,0.5,0.8,0.6,0.1,0.1,0.5,1.1,0.432,1.2,0.477,0.2,0.091,0.2,0.068,0.1,0.023
1631117,Walker Kessler,1610612762,UTA,5,2,3,30.8,0.8,0.2,0.4,0.5,0,0,0,0.4,0.5,0.2,0.25,0,0,0.2,0.25,0,0
1642383,Walter Clayton Jr.,1610612762,UTA,16,6,10,15.9,4.1,0.7,1.4,0.5,0.1,0.1,1,1.7,0.409,2.4,0.591,0.9,0.227,0.3,0.061,0.1,0.015
1628976,Wendell Carter Jr.,1610612753,ORL,20,13,7,29.6,0.9,0.3,0.5,0.6,0.3,0.3,0.833,0.9,1.059,0.1,0.059,0,0,0.1,0.118,0.2,0.176
1631111,Wendell Moore Jr.,1610612765,DET,3,3,0,14.4,1.3,0.3,0.7,0.5,0,0,0,0.7,0.5,0.3,0.25,0,0,0.3,0.25,0,0
1642954,Will Richard,1610612744,GSW,20,10,10,18.7,0.6,0.1,0.2,0.333,0.1,0.1,1,0.2,0.364,0.3,0.455,0.1,0.091,0.1,0.182,0.1,0.091
1642860,Will Riley,1610612764,WAS,14,2,12,8.2,2.3,0.6,1.3,0.444,0.1,0.1,0.5,1.2,0.531,0.8,0.344,0,0,0.1,0.063,0.1,0.031
1630214,Xavier Tillman,1610612738,BOS,9,5,4,10.6,0.1,0.1,0.1,1,0,0,0,0.2,2,0,0,0,0,0,0,0,0
1642905,Yang Hansen,1610612757,POR,11,4,7,6.9,0.3,0,0.3,0,0,0,0,0,0,0,0,0,0,0,0,0,0
1642949,Yanic Konan Niederhäuser,1610612746,LAC,10,2,8,5.4,0.3,0.2,0.2,1,0,0,0,0.4,1.333,0,0,0,0,0.1,0.333,0,0
1642274,Yves Missi,1610612740,NOP,16,1,15,20.4,1.8,0.7,1.3,0.55,0.1,0.1,1,1.5,0.828,0.3,0.172,0.1,0.034,0.2,0.103,0.1,0.034
1642258,Zaccharie Risacher,1610612737,ATL,19,12,7,24.7,2.5,0.4,1.2,0.318,0,0.1,0,0.7,0.298,0.9,0.383,0.3,0.106,0.2,0.064,0.1,0.021
1641744,Zach Edey,1610612763,MEM,9,5,4,25.8,0.1,0,0,0,0,0,0,0,0,0,0,0,0,0,0,0,0
203897,Zach LaVine,1610612758,SAC,19,4,15,33.8,6.7,1.7,2.7,0.627,1.4,1.6,0.867,4.8,0.717,2.7,0.409,0.6,0.094,0.4,0.063,0.8,0.118
1630192,Zeke Nnaji,1610612743,DEN,11,9,2,8.2,0.2,0,0,0,0,0,0,0,0,0.1,0.5,0,0,0.1,0.5,0,0
1630533,Ziaire Williams,1610612751,BKN,17,4,13,23,1.6,0.4,0.9,0.4,0.2,0.4,0.667,1,0.607,0.4,0.25,0.1,0.036,0.1,0.071,0.2,0.107
1629627,Zion Williamson,1610612740,NOP,10,1,9,30.9,16.8,3.4,7.7,0.442,3.2,4.6,0.696,10.5,0.625,4.7,0.28,0.8,0.048,1.1,0.065,2.5,0.149
