CLOSE_DEF_PERSON_ID,PLAYER_NAME,PLAYER_LAST_TEAM_ID,PLAYER_LAST_TEAM_ABBREVIATION,PLAYER_POSITION,AGE,GP,G,FREQ,D_FGM,D_FGA,D_FG_PCT,NORMAL_FG_PCT,PCT_PLUSMINUS
203999,Nikola Jokić,1610612743,DEN,C,30,30,30,1,288,548,0.526,0.487,0.039
203497,Rudy Gobert,1610612750,MIN,C,33,31,31,1,226,527,0.429,0.495,-0.066
1642852,Derik Queen,1610612740,NOP,C,20,31,31,1,235,496,0.474,0.499,-0.025
1642843,Cooper Flagg,1610612742,DAL,F,19,31,31,1,227,487,0.466,0.469,-0.003
1630168,Onyeka Okongwu,1610612737,ATL,F-C,25,30,30,1,243,478,0.508,0.49,0.018
1642273,Kyshawn George,1610612764,WAS,F,22,26,26,1,217,469,0.463,0.465,-0.003
1630578,Alperen Sengun,1610612745,HOU,C,23,26,26,1,225,469,0.48,0.491,-0.011
202696,Nikola Vučević,1610612741,CHI,C,35,28,28,1,238,463,0.514,0.494,0.02
1642270,Donovan Clingan,1610612757,POR,C,21,26,26,1,201,462,0.435,0.502,-0.067
1630183,Jaden McDaniels,1610612750,MIN,F,25,29,29,1,199,451,0.441,0.475,-0.033
1630596,Evan Mobley,1610612739,CLE,C,24,26,26,1,206,451,0.457,0.491,-0.034
1627826,Ivica Zubac,1610612746,LAC,C,28,28,28,1,214,448,0.478,0.496,-0.019
1626167,Myles Turner,1610612749,MIL,C-F,29,30,30,1,218,442,0.493,0.49,0.003
1630567,Scottie Barnes,1610612761,TOR,F-G,24,31,31,1,210,437,0.481,0.471,0.009
1641739,Toumani Camara,1610612757,POR,F,25,30,30,1,211,429,0.492,0.475,0.017
1630700,Dyson Daniels,1610612737,ATL,G,22,30,30,1,205,425,0.482,0.469,0.014
1627783,Pascal Siakam,1610612754,IND,F,31,29,29,1,212,424,0.5,0.479,0.021
1631170,Jaime Jaquez Jr.,1610612748,MIA,G,24,29,29,1,175,418,0.419,0.465,-0.047
1630166,Deni Avdija,1610612757,POR,F,24,30,30,1,203,415,0.489,0.472,0.018
1628991,Jaren Jackson Jr.,1610612763,MEM,F-C,26,28,28,1,180,410,0.439,0.483,-0.044
1641824,Matas Buzelis,1610612741,CHI,F,21,29,29,1,194,403,0.481,0.47,0.012
1641750,Ryan Kalkbrenner,1610612766,CHA,C,23,26,26,1,193,403,0.479,0.498,-0.019
1630583,Santi Aldama,1610612763,MEM,F-C,24,30,30,1,195,402,0.485,0.481,0.004
1641718,Keyonte George,1610612762,UTA,G,22,29,29,1,212,401,0.529,0.471,0.057
1630530,Trey Murphy III,1610612740,NOP,F,25,29,29,1,203,400,0.508,0.474,0.033
1629023,P.J. Washington,1610612742,DAL,F,27,26,26,1,181,399,0.454,0.481,-0.028
1642276,Kel'el Ware,1610612748,MIA,C,21,30,30,1,187,397,0.471,0.507,-0.036
1641730,Noah Clowney,1610612751,BKN,F-C,21,28,28,1,209,396,0.528,0.477,0.05
1642851,Kon Knueppel,1610612766,CHA,G-F,20,30,30,1,176,391,0.45,0.474,-0.024
1628436,Luke Kornet,1610612759,SAS,C-F,30,22,22,1,180,391,0.46,0.502,-0.042
1629651,Nic Claxton,1610612751,BKN,C,26,28,28,1,174,391,0.445,0.492,-0.047
1626157,Karl-Anthony Towns,1610612752,NYK,C-F,30,28,28,1,170,388,0.438,0.479,-0.041
1628404,Josh Hart,1610612752,NYK,G,30,28,28,1,185,388,0.477,0.472,0.005
1630581,Josh Giddey,1610612741,CHI,G,23,27,27,1,172,388,0.443,0.457,-0.014
203952,Andrew Wiggins,1610612748,MIA,F,30,26,26,1,166,387,0.429,0.474,-0.045
1627750,Jamal Murray,1610612743,DEN,G,28,29,29,1,179,387,0.463,0.458,0.005
1628401,Derrick White,1610612738,BOS,G,31,28,28,1,162,383,0.423,0.464,-0.041
1630595,Cade Cunningham,1610612765,DET,G,24,27,27,1,158,382,0.414,0.465,-0.052
1629028,Deandre Ayton,1610612747,LAL,C,27,25,25,1,178,380,0.468,0.486,-0.018
1628969,Mikal Bridges,1610612752,NYK,G-F,29,30,30,1,175,380,0.461,0.466,-0.005
1631157,Ryan Rollins,1610612749,MIL,G,23,30,30,1,175,378,0.463,0.46,0.003
1641710,Anthony Black,1610612753,ORL,G,21,30,30,1,193,378,0.511,0.464,0.047
203944,Julius Randle,1610612750,MIN,F-C,31,31,31,1,172,378,0.455,0.486,-0.031
1628976,Wendell Carter Jr.,1610612753,ORL,C-F,26,29,29,1,168,374,0.449,0.497,-0.048
1629638,Nickeil Alexander-Walker,1610612737,ATL,G,27,29,29,1,195,373,0.523,0.46,0.063
1642259,Alex Sarr,1610612764,WAS,C,20,19,19,1,175,371,0.472,0.495,-0.024
1628983,Shai Gilgeous-Alexander,1610612760,OKC,G,27,30,30,1,158,368,0.429,0.458,-0.029
1641717,Cason Wallace,1610612760,OKC,G,22,30,30,1,160,366,0.437,0.466,-0.029
1629029,Luka Dončić,1610612747,LAL,F-G,26,22,22,1,180,365,0.493,0.47,0.023
1631109,Mark Williams,1610612756,PHX,C,24,25,25,1,184,364,0.505,0.502,0.004
1628970,Miles Bridges,1610612766,CHA,F,27,30,30,1,169,364,0.464,0.477,-0.013
1642847,Jeremiah Fears,1610612740,NOP,G,19,31,31,1,192,364,0.527,0.473,0.055
1630217,Desmond Bane,1610612753,ORL,G,27,30,30,1,153,359,0.426,0.465,-0.039
1630552,Jalen Johnson,1610612737,ATL,F,24,28,28,1,169,359,0.471,0.474,-0.003
1631105,Jalen Duren,1610612765,DET,C,22,27,27,1,166,356,0.466,0.489,-0.023
1631217,Moussa Diabaté,1610612766,CHA,F,23,29,29,1,174,354,0.492,0.487,0.005
203468,CJ McCollum,1610612764,WAS,G,34,28,28,1,166,347,0.478,0.462,0.017
1630558,Davion Mitchell,1610612748,MIA,G,27,28,28,1,164,346,0.474,0.462,0.012
1642907,Cedric Coward,1610612763,MEM,G,22,29,29,1,149,345,0.432,0.466,-0.034
1628381,John Collins,1610612746,LAC,F-C,28,29,29,1,143,339,0.422,0.469,-0.047
1631260,AJ Green,1610612749,MIL,G,26,27,27,1,159,338,0.47,0.464,0.006
1629675,Naz Reid,1610612750,MIN,C-F,26,31,31,1,152,337,0.451,0.474,-0.023
1642366,Quinten Post,1610612744,GSW,C,25,31,31,1,139,337,0.412,0.479,-0.067
1631096,Chet Holmgren,1610612760,OKC,C-F,23,26,26,1,145,336,0.432,0.479,-0.047
1642271,Kyle Filipowski,1610612762,UTA,C,22,28,28,1,155,334,0.464,0.473,-0.009
1630178,Tyrese Maxey,1610612755,PHI,G,25,26,26,1,162,334,0.485,0.454,0.031
201935,James Harden,1610612746,LAC,G,36,27,27,1,167,334,0.5,0.473,0.027
1629130,Duncan Robinson,1610612765,DET,F,31,28,28,1,153,333,0.459,0.457,0.002
1630193,Immanuel Quickley,1610612761,TOR,G,26,30,30,1,145,331,0.438,0.456,-0.018
1628978,Donte DiVincenzo,1610612750,MIN,G,28,31,31,1,155,331,0.468,0.462,0.006
1642281,Jaylon Tyson,1610612739,CLE,G-F,23,27,27,1,157,330,0.476,0.464,0.012
1628973,Jalen Brunson,1610612752,NYK,G,29,27,27,1,168,330,0.509,0.459,0.05
1627742,Brandon Ingram,1610612761,TOR,F,28,31,31,1,147,330,0.445,0.462,-0.016
1631108,Max Christie,1610612742,DAL,G,22,30,30,1,159,329,0.483,0.467,0.016
1631221,Collin Gillespie,1610612756,PHX,G,26,29,29,1,152,329,0.462,0.462,0
1627759,Jaylen Brown,1610612738,BOS,G-F,29,27,27,1,140,326,0.429,0.467,-0.038
1630230,Naji Marshall,1610612742,DAL,F,27,32,32,1,147,325,0.452,0.481,-0.029
1642263,Reed Sheppard,1610612745,HOU,G,21,28,28,1,154,324,0.475,0.458,0.017
1630532,Franz Wagner,1610612753,ORL,F,24,24,24,1,154,324,0.475,0.477,-0.002
1626220,Royce O'Neale,1610612756,PHX,F,32,29,29,1,148,321,0.461,0.476,-0.015
1630643,Jay Huff,1610612754,IND,C,28,30,30,1,128,321,0.399,0.485,-0.087
201942,DeMar DeRozan,1610612758,SAC,G-F,36,30,30,1,168,321,0.523,0.484,0.039
1630559,Austin Reaves,1610612747,LAL,G,27,23,23,1,157,320,0.491,0.471,0.02
1631095,Jabari Smith Jr.,1610612745,HOU,F,22,27,27,1,158,320,0.494,0.476,0.018
203084,Harrison Barnes,1610612759,SAS,F,33,30,30,1,151,320,0.472,0.479,-0.007
1631222,Jake LaRavia,1610612747,LAL,F,24,29,29,1,147,319,0.461,0.467,-0.006
203994,Jusuf Nurkić,1610612762,UTA,C,31,26,26,1,157,319,0.492,0.506,-0.014
1630572,Sandro Mamukelashvili,1610612761,TOR,F-C,26,30,30,1,145,319,0.455,0.475,-0.02
1631212,Peyton Watson,1610612743,DEN,G,23,28,28,1,148,318,0.465,0.465,0.001
203110,Draymond Green,1610612744,GSW,F,35,25,25,1,137,317,0.432,0.484,-0.052
1642377,Jaylen Wells,1610612763,MEM,F,22,30,30,1,144,315,0.457,0.471,-0.014
203083,Andre Drummond,1610612755,PHI,C,32,27,27,1,155,312,0.497,0.501,-0.004
1630191,Isaiah Stewart,1610612765,DET,F-C,24,27,27,1,135,311,0.434,0.477,-0.042
1629674,Neemias Queta,1610612738,BOS,C,26,26,26,1,142,311,0.457,0.504,-0.047
1642883,Sion James,1610612766,CHA,G,23,30,30,1,141,310,0.455,0.471,-0.016
1628389,Bam Adebayo,1610612748,MIA,C-F,28,24,24,1,135,308,0.438,0.48,-0.042
1642845,VJ Edgecombe,1610612755,PHI,G,20,24,24,1,136,308,0.442,0.47,-0.029
1630577,Julian Champagnie,1610612759,SAS,F,24,30,30,1,142,307,0.463,0.469,-0.006
1641708,Amen Thompson,1610612745,HOU,G-F,22,28,28,1,122,304,0.401,0.468,-0.066
1628374,Lauri Markkanen,1610612762,UTA,F-C,28,25,25,1,138,303,0.455,0.478,-0.023
1629661,Cameron Johnson,1610612743,DEN,F,29,28,28,1,136,301,0.452,0.463,-0.011
201566,Russell Westbrook,1610612758,SAC,G,37,30,30,1,150,295,0.508,0.48,0.028
1629731,Dean Wade,1610612739,CLE,F-C,29,29,29,1,120,294,0.408,0.468,-0.06
1641764,Brandin Podziemski,1610612744,GSW,G,22,31,31,1,144,294,0.49,0.469,0.021
1630541,Moses Moody,1610612744,GSW,G,23,29,29,1,131,294,0.446,0.461,-0.015
201142,Kevin Durant,1610612745,HOU,F,37,26,26,1,116,294,0.395,0.472,-0.077
1642258,Zaccharie Risacher,1610612737,ATL,F,20,28,28,1,143,292,0.49,0.463,0.027
1626171,Bobby Portis,1610612749,MIL,F,30,30,30,1,156,291,0.536,0.479,0.057
1626164,Devin Booker,1610612756,PHX,G,29,26,26,1,132,289,0.457,0.461,-0.004
1628971,Bruce Brown,1610612743,DEN,G-F,29,30,30,1,136,288,0.472,0.461,0.011
1629060,Rui Hachimura,1610612747,LAL,F,27,26,26,1,151,287,0.526,0.467,0.06
1629631,De'Andre Hunter,1610612739,CLE,F-G,28,28,28,1,148,286,0.517,0.478,0.039
1630249,Vít Krejčí,1610612737,ATL,G,25,27,27,1,137,285,0.481,0.453,0.027
1627739,Kris Dunn,1610612746,LAC,G,31,29,29,1,128,283,0.452,0.464,-0.012
1630170,Devin Vassell,1610612759,SAS,G-F,25,30,30,1,139,282,0.493,0.475,0.018
1627751,Jakob Poeltl,1610612761,TOR,C,30,21,21,1,135,281,0.48,0.483,-0.002
1630202,Payton Pritchard,1610612738,BOS,G,27,29,29,1,125,280,0.446,0.459,-0.012
203501,Tim Hardaway Jr.,1610612743,DEN,G-F,33,30,30,1,142,280,0.507,0.454,0.053
1628392,Isaiah Hartenstein,1610612760,OKC,C-F,27,23,23,1,115,280,0.411,0.484,-0.074
1629656,Quentin Grimes,1610612755,PHI,G,25,26,26,1,119,276,0.431,0.461,-0.029
1641705,Victor Wembanyama,1610612759,SAS,F-C,21,18,18,1,102,274,0.372,0.489,-0.117
1631101,Shaedon Sharpe,1610612757,POR,G,22,26,26,1,153,274,0.558,0.467,0.092
203897,Zach LaVine,1610612758,SAC,G,30,23,23,1,139,273,0.509,0.482,0.027
1629111,Jock Landale,1610612763,MEM,C,30,30,30,1,135,273,0.495,0.49,0.005
1630543,Isaiah Jackson,1610612754,IND,F,23,29,29,1,141,269,0.524,0.496,0.028
1629614,Andrew Nembhard,1610612754,IND,G-F,25,22,22,1,133,268,0.496,0.47,0.026
1628398,Kyle Kuzma,1610612749,MIL,F,30,28,28,1,113,268,0.422,0.473,-0.052
202710,Jimmy Butler III,1610612744,GSW,F,36,27,27,1,130,266,0.489,0.467,0.022
1630180,Saddiq Bey,1610612740,NOP,G-F,26,30,30,1,126,266,0.474,0.478,-0.004
1628368,De'Aaron Fox,1610612759,SAS,G,28,22,22,1,122,265,0.46,0.461,-0.001
1629004,Svi Mykhailiuk,1610612762,UTA,G-F,28,28,28,1,122,264,0.462,0.467,-0.005
1629611,Terance Mann,1610612751,BKN,G-F,29,26,26,1,116,261,0.444,0.465,-0.02
1631094,Paolo Banchero,1610612753,ORL,F,23,20,20,1,123,261,0.471,0.468,0.004
203500,Steven Adams,1610612745,HOU,C,32,23,23,1,116,260,0.446,0.501,-0.055
1642846,Ace Bailey,1610612762,UTA,F,19,29,29,1,122,260,0.469,0.466,0.003
1641709,Ausar Thompson,1610612765,DET,G-F,22,26,26,1,110,257,0.428,0.469,-0.041
1628386,Jarrett Allen,1610612739,CLE,C,27,21,21,1,112,255,0.439,0.509,-0.07
1628415,Dillon Brooks,1610612756,PHX,G-F,29,23,23,1,120,252,0.476,0.472,0.004
203924,Jerami Grant,1610612757,POR,F,31,26,26,1,120,252,0.476,0.477,-0.001
1629008,Michael Porter Jr.,1610612751,BKN,F,27,24,24,1,120,251,0.478,0.475,0.003
1630200,Tre Jones,1610612741,CHI,G,25,23,23,1,126,251,0.502,0.461,0.041
1628378,Donovan Mitchell,1610612739,CLE,G,29,29,29,1,132,250,0.528,0.463,0.065
1642267,Bub Carrington,1610612764,WAS,G,20,28,28,1,126,249,0.506,0.469,0.037
1642345,Oso Ighodaro,1610612756,PHX,F,23,29,29,1,114,249,0.458,0.481,-0.023
1630696,Dru Smith,1610612748,MIA,G,27,30,30,1,110,248,0.444,0.46,-0.017
203471,Dennis Schröder,1610612758,SAC,G,32,23,23,1,120,248,0.484,0.473,0.011
1630162,Anthony Edwards,1610612750,MIN,G,24,24,24,1,115,245,0.469,0.475,-0.005
1630591,Jalen Suggs,1610612753,ORL,G,24,21,21,1,121,244,0.496,0.467,0.029
1642875,Maxime Raynaud,1610612758,SAC,C,22,22,22,1,134,244,0.549,0.498,0.052
1628989,Kevin Huerter,1610612741,CHI,G-F,27,24,24,1,117,244,0.48,0.459,0.02
203076,Anthony Davis,1610612742,DAL,F-C,32,16,16,1,108,241,0.448,0.508,-0.059
1630533,Ziaire Williams,1610612751,BKN,F,24,25,25,1,117,240,0.488,0.461,0.026
1628384,OG Anunoby,1610612752,NYK,F-G,28,20,20,1,102,240,0.425,0.471,-0.046
1629655,Daniel Gafford,1610612742,DAL,F-C,27,21,21,1,115,239,0.481,0.498,-0.017
1631169,Josh Minott,1610612738,BOS,F,23,28,28,1,105,238,0.441,0.472,-0.03
1630631,Jose Alvarado,1610612740,NOP,G,27,30,30,1,123,238,0.517,0.461,0.056
1627741,Buddy Hield,1610612744,GSW,G,33,29,29,1,116,237,0.489,0.466,0.024
1629652,Luguentz Dort,1610612760,OKC,G,26,22,22,1,108,237,0.456,0.467,-0.012
1642264,Stephon Castle,1610612759,SAS,G,21,21,21,1,110,237,0.464,0.47,-0.006
1630314,Brandon Williams,1610612742,DAL,G,26,29,29,1,114,236,0.483,0.451,0.032
1629014,Anfernee Simons,1610612738,BOS,G,26,29,29,1,106,235,0.451,0.452,-0.001
1642856,Egor Dëmin,1610612751,BKN,G,19,26,26,1,118,235,0.502,0.46,0.042
1631230,Dominick Barlow,1610612755,PHI,F,22,18,18,1,102,232,0.44,0.468,-0.028
1630573,Sam Hauser,1610612738,BOS,F,28,29,29,1,102,228,0.447,0.463,-0.016
1641716,Jarace Walker,1610612754,IND,F,22,30,30,1,106,227,0.467,0.464,0.003
1629640,Keldon Johnson,1610612759,SAS,F-G,26,30,30,1,104,227,0.458,0.472,-0.014
1631323,Simone Fontecchio,1610612748,MIA,F,30,29,29,1,97,226,0.429,0.456,-0.027
1631119,Jaylin Williams,1610612760,OKC,F,23,25,25,1,93,226,0.412,0.466,-0.055
203903,Jordan Clarkson,1610612752,NYK,G,33,30,30,1,111,226,0.491,0.448,0.043
201939,Stephen Curry,1610612744,GSW,G,37,22,22,1,115,226,0.509,0.463,0.046
1629048,Goga Bitadze,1610612753,ORL,C-F,26,28,28,1,112,225,0.498,0.485,0.012
1628366,Lonzo Ball,1610612739,CLE,G,28,24,24,1,94,224,0.42,0.461,-0.041
1631099,Keegan Murray,1610612758,SAC,F,25,15,15,1,114,224,0.509,0.485,0.024
1641783,Tristan da Silva,1610612753,ORL,F,24,26,26,1,97,224,0.433,0.461,-0.028
1629628,RJ Barrett,1610612761,TOR,F-G,25,17,17,1,103,221,0.466,0.463,0.003
1629018,Gary Trent Jr.,1610612749,MIL,G,26,29,29,1,103,218,0.472,0.458,0.015
1631165,Keon Ellis,1610612758,SAC,G,25,28,28,1,103,217,0.475,0.471,0.003
1642349,Ajay Mitchell,1610612760,OKC,G,23,29,29,1,74,217,0.341,0.446,-0.105
201144,Mike Conley,1610612750,MIN,G,38,27,27,1,101,216,0.468,0.462,0.006
1641842,Ronald Holland II,1610612765,DET,F,20,28,28,1,93,215,0.433,0.461,-0.028
1626181,Norman Powell,1610612748,MIA,G,32,25,25,1,113,215,0.526,0.463,0.063
1628963,Marvin Bagley III,1610612764,WAS,F,26,23,23,1,98,215,0.456,0.493,-0.037
1631243,Mouhamed Gueye,1610612737,ATL,F,23,30,30,1,88,215,0.409,0.487,-0.077
1630173,Precious Achiuwa,1610612758,SAC,F,26,22,22,1,89,213,0.418,0.492,-0.074
1642285,Cam Spencer,1610612763,MEM,G,25,29,29,1,112,213,0.526,0.463,0.062
202685,Jonas Valančiūnas,1610612743,DEN,C,33,30,30,1,104,213,0.488,0.488,0.001
1642266,Ja'Kobe Walter,1610612761,TOR,G,21,28,28,1,106,212,0.5,0.473,0.027
1629750,Javonte Green,1610612765,DET,G,32,29,29,1,99,212,0.467,0.478,-0.011
1642347,Jamal Shead,1610612761,TOR,G,23,31,31,1,93,211,0.441,0.457,-0.016
1642867,Collin Murray-Boyles,1610612761,TOR,F,20,26,26,1,104,210,0.495,0.483,0.012
1626156,D'Angelo Russell,1610612742,DAL,G,29,24,24,1,96,209,0.459,0.462,-0.003
1631200,Kris Murray,1610612757,POR,F,25,28,28,1,92,209,0.44,0.466,-0.026
1629637,Jaxson Hayes,1610612747,LAL,C-F,25,25,25,1,95,207,0.459,0.486,-0.027
202695,Kawhi Leonard,1610612746,LAC,F,34,19,19,1,108,206,0.524,0.471,0.053
1630171,Isaac Okoro,1610612741,CHI,F-G,24,21,21,1,104,206,0.505,0.478,0.026
1642363,Nique Clifford,1610612758,SAC,G,23,26,26,1,89,204,0.436,0.467,-0.031
1641854,Craig Porter Jr.,1610612739,CLE,G,25,26,26,1,92,204,0.451,0.453,-0.002
1641775,Jordan Walsh,1610612738,BOS,G,21,22,22,1,85,204,0.417,0.471,-0.054
1642274,Yves Missi,1610612740,NOP,C,21,23,23,1,92,203,0.453,0.488,-0.035
1630172,Patrick Williams,1610612741,CHI,F,24,28,28,1,112,203,0.552,0.479,0.073
201587,Nicolas Batum,1610612746,LAC,G-F,37,27,27,1,107,203,0.527,0.467,0.06
1631246,Vince Williams Jr.,1610612763,MEM,G,25,22,22,1,85,203,0.419,0.466,-0.047
1631213,Tyrese Martin,1610612751,BKN,F,26,27,27,1,88,202,0.436,0.452,-0.016
1642346,Ryan Dunn,1610612756,PHX,F,22,24,24,1,87,202,0.431,0.465,-0.035
1641796,Pelle Larsson,1610612748,MIA,G,24,23,23,1,81,201,0.403,0.453,-0.05
1629011,Mitchell Robinson,1610612752,NYK,C-F,27,21,21,1,87,201,0.433,0.486,-0.053
1627747,Caris LeVert,1610612765,DET,G,31,24,24,1,97,200,0.485,0.459,0.026
202699,Tobias Harris,1610612765,DET,F,33,20,20,1,85,200,0.425,0.475,-0.05
1628960,Grayson Allen,1610612756,PHX,G,30,18,18,1,95,199,0.477,0.465,0.012
203935,Marcus Smart,1610612747,LAL,G,31,20,20,1,87,197,0.442,0.461,-0.02
1642954,Will Richard,1610612744,GSW,G,23,24,24,1,93,197,0.472,0.466,0.006
1630529,Herbert Jones,1610612740,NOP,F,27,22,22,1,102,196,0.52,0.474,0.047
1629234,Drew Eubanks,1610612758,SAC,F-C,28,25,25,1,101,196,0.515,0.505,0.01
1628379,Luke Kennard,1610612737,ATL,G,29,28,28,1,103,195,0.528,0.447,0.081
1629006,Josh Okogie,1610612745,HOU,G,27,28,28,1,100,195,0.513,0.464,0.049
1641767,Ben Sheppard,1610612754,IND,G,24,22,22,1,86,195,0.441,0.457,-0.016
1631097,Bennedict Mathurin,1610612754,IND,G-F,23,19,19,1,98,195,0.503,0.475,0.027
1630198,Isaiah Joe,1610612760,OKC,G,26,22,22,1,91,194,0.469,0.459,0.01
202691,Klay Thompson,1610612742,DAL,G,35,29,29,1,74,194,0.381,0.457,-0.076
1630692,Jordan Goodwin,1610612756,PHX,G,27,26,26,1,96,194,0.495,0.463,0.032
1630540,Miles McBride,1610612752,NYK,G,25,20,20,1,88,192,0.458,0.453,0.005
204001,Kristaps Porziņģis,1610612737,ATL,F-C,30,13,13,1,79,191,0.414,0.499,-0.085
203484,Kentavious Caldwell-Pope,1610612763,MEM,G,32,30,30,1,106,189,0.561,0.464,0.097
1630163,LaMelo Ball,1610612766,CHA,G,24,20,20,1,96,185,0.519,0.458,0.061
1630245,Ayo Dosunmu,1610612741,CHI,G,25,23,23,1,77,183,0.421,0.456,-0.035
1628370,Malik Monk,1610612758,SAC,G,27,25,25,1,93,182,0.511,0.453,0.058
1629636,Darius Garland,1610612739,CLE,G,25,16,16,1,89,180,0.494,0.459,0.036
1641706,Brandon Miller,1610612766,CHA,F,23,14,14,1,78,180,0.433,0.465,-0.031
203507,Giannis Antetokounmpo,1610612749,MIL,F,31,17,17,1,73,179,0.408,0.484,-0.077
201572,Brook Lopez,1610612746,LAC,C,37,22,22,1,83,178,0.466,0.49,-0.023
1631107,Nikola Jović,1610612748,MIA,F,22,17,17,1,75,178,0.421,0.464,-0.042
1627734,Domantas Sabonis,1610612758,SAC,F-C,29,11,11,1,105,178,0.59,0.539,0.051
1641737,Adem Bona,1610612755,PHI,F,22,20,20,1,74,178,0.416,0.482,-0.066
1642848,Tre Johnson,1610612764,WAS,G,19,21,21,1,85,177,0.48,0.456,0.024
1642268,Isaiah Collier,1610612762,UTA,G,21,21,21,1,98,176,0.557,0.466,0.09
1630549,Day'Ron Sharpe,1610612751,BKN,C,24,27,27,1,86,175,0.491,0.481,0.011
1642461,Spencer Jones,1610612743,DEN,F,24,24,24,1,78,175,0.446,0.456,-0.011
1642383,Walter Clayton Jr.,1610612762,UTA,G,22,25,25,1,81,174,0.466,0.459,0.006
1630188,Jalen Smith,1610612741,CHI,F-C,25,23,23,1,80,173,0.462,0.483,-0.021
203954,Joel Embiid,1610612755,PHI,C-F,31,12,12,1,76,173,0.439,0.477,-0.038
1641711,Gradey Dick,1610612761,TOR,G-F,22,30,30,1,89,171,0.52,0.444,0.076
1641774,Tristan Vukcevic,1610612764,WAS,F,22,23,23,1,87,170,0.512,0.496,0.015
203114,Khris Middleton,1610612764,WAS,F,34,18,18,1,72,169,0.426,0.476,-0.05
1630551,Justin Champagnie,1610612764,WAS,G-F,24,24,24,1,89,168,0.53,0.48,0.049
1629627,Zion Williamson,1610612740,NOP,F,25,15,15,1,77,166,0.464,0.481,-0.017
1630175,Cole Anthony,1610612749,MIL,G,25,24,24,1,82,165,0.497,0.457,0.04
1630544,Tre Mann,1610612766,CHA,G,24,21,21,1,94,165,0.57,0.466,0.104
1641740,Jaylen Clark,1610612750,MIN,G,24,27,27,1,65,164,0.396,0.455,-0.059
1630568,Luka Garza,1610612738,BOS,C,26,20,20,1,79,162,0.488,0.489,-0.001
1631218,Trayce Jackson-Davis,1610612744,GSW,F,25,20,20,1,71,162,0.438,0.47,-0.032
1641729,Brice Sensabaugh,1610612762,UTA,F,22,27,27,1,82,162,0.506,0.465,0.041
1629632,Coby White,1610612741,CHI,G,25,13,13,1,75,161,0.466,0.451,0.015
1629012,Collin Sexton,1610612766,CHA,G,26,22,22,1,73,160,0.456,0.463,-0.007
1631321,Sidy Cissoko,1610612757,POR,G,21,24,24,1,78,159,0.491,0.456,0.035
1630228,Jonathan Kuminga,1610612744,GSW,F,23,18,18,1,78,159,0.491,0.471,0.019
1629630,Ja Morant,1610612763,MEM,G,26,14,14,1,79,159,0.497,0.46,0.037
1629645,Kevin Porter Jr.,1610612749,MIL,G-F,25,11,11,1,69,157,0.439,0.46,-0.021
201950,Jrue Holiday,1610612757,POR,G,35,12,12,1,73,157,0.465,0.475,-0.01
201143,Al Horford,1610612744,GSW,C-F,39,14,14,1,78,155,0.503,0.498,0.005
1642272,Jared McCain,1610612755,PHI,G,21,19,19,1,74,153,0.484,0.457,0.026
1642348,Justin Edwards,1610612755,PHI,F,22,23,23,1,82,152,0.539,0.463,0.077
1642948,Ryan Nembhard,1610612742,DAL,G,22,19,19,1,67,152,0.441,0.475,-0.034
1630598,Aaron Wiggins,1610612760,OKC,G,26,18,18,1,71,151,0.47,0.466,0.004
1630811,Keaton Wallace,1610612737,ATL,G,26,27,27,1,74,151,0.49,0.445,0.045
1629057,Robert Williams III,1610612757,POR,C-F,28,19,19,1,64,150,0.427,0.478,-0.051
1627780,Gary Payton II,1610612744,GSW,G,33,27,27,1,68,150,0.453,0.48,-0.027
1630241,Sam Merrill,1610612739,CLE,G,29,15,15,1,66,148,0.446,0.472,-0.026
203992,Bogdan Bogdanović,1610612746,LAC,G,33,15,15,1,73,145,0.503,0.468,0.035
203932,Aaron Gordon,1610612743,DEN,F,30,13,13,1,55,145,0.379,0.473,-0.094
2544,LeBron James,1610612747,LAL,F,40,13,13,1,68,144,0.472,0.467,0.005
1627936,Alex Caruso,1610612760,OKC,G,31,21,21,1,66,144,0.458,0.478,-0.02
1630534,Ochai Agbaji,1610612761,TOR,G,25,23,23,1,54,143,0.378,0.454,-0.077
203991,Clint Capela,1610612745,HOU,C,31,26,26,1,64,143,0.448,0.48,-0.032
201567,Kevin Love,1610612762,UTA,F-C,37,17,17,1,84,143,0.587,0.489,0.099
1626145,Tyus Jones,1610612753,ORL,G,29,30,30,1,73,142,0.514,0.457,0.057
1626162,Kelly Oubre Jr.,1610612755,PHI,F-G,30,12,12,1,66,142,0.465,0.471,-0.006
1629673,Jordan Poole,1610612740,NOP,G,26,12,12,1,65,139,0.468,0.454,0.014
1641722,Jordan Hawkins,1610612740,NOP,G,23,23,23,1,74,139,0.532,0.45,0.082
1628418,Thomas Bryant,1610612739,CLE,C-F,28,22,22,1,75,136,0.551,0.493,0.059
1642920,Kobe Sanders,1610612746,LAC,G,23,21,21,1,68,135,0.504,0.459,0.044
1628988,Aaron Holiday,1610612745,HOU,G,29,21,21,1,60,135,0.444,0.464,-0.02
1630557,Corey Kispert,1610612764,WAS,F,26,18,18,1,55,133,0.414,0.465,-0.052
1641744,Zach Edey,1610612763,MEM,C,23,11,11,1,57,133,0.429,0.494,-0.065
1642864,Hugo González,1610612738,BOS,G,19,24,24,1,59,133,0.444,0.461,-0.018
1629013,Landry Shamet,1610612752,NYK,G,28,14,14,1,64,132,0.485,0.454,0.031
1641707,Taylor Hendricks,1610612762,UTA,F,22,16,16,1,60,131,0.458,0.479,-0.021
1631110,Jeremy Sochan,1610612759,SAS,F,22,19,19,1,70,129,0.543,0.479,0.064
1631128,Christian Braun,1610612743,DEN,G,24,11,11,1,58,128,0.453,0.461,-0.008
1631248,Baylor Scheierman,1610612738,BOS,G,25,24,24,1,57,128,0.445,0.467,-0.021
1642844,Dylan Harper,1610612759,SAS,G,19,20,20,1,53,128,0.414,0.445,-0.031
1642450,Daniss Jenkins,1610612765,DET,G,24,21,21,1,69,128,0.539,0.459,0.08
1642278,Tyler Kolek,1610612752,NYK,G,24,23,23,1,55,128,0.43,0.439,-0.01
1631133,Jabari Walker,1610612755,PHI,F,23,27,27,1,59,128,0.461,0.485,-0.024
1630570,Trendon Watford,1610612755,PHI,G-F,25,14,14,1,59,128,0.461,0.46,0.001
1630526,Jeremiah Robinson-Earl,1610612754,IND,F,25,16,16,1,74,127,0.583,0.454,0.129
1630538,Bones Hyland,1610612750,MIN,G,25,20,20,1,64,127,0.504,0.457,0.047
203482,Kelly Olynyk,1610612759,SAS,F-C,34,18,18,1,60,126,0.476,0.482,-0.006
203939,Dwight Powell,1610612742,DAL,F-C,34,20,20,1,67,126,0.532,0.488,0.044
1630208,Nick Richards,1610612756,PHX,C,28,24,24,1,68,125,0.544,0.484,0.06
1630174,Aaron Nesmith,1610612754,IND,G-F,26,11,11,1,60,125,0.48,0.471,0.009
1631255,Karlo Matković,1610612740,NOP,F-C,24,21,21,1,65,125,0.52,0.477,0.043
1630311,Pat Spencer,1610612744,GSW,G,29,18,18,1,57,125,0.456,0.465,-0.009
1642261,Dalton Knecht,1610612747,LAL,F,24,21,21,1,62,124,0.5,0.454,0.046
1627884,Derrick Jones Jr.,1610612746,LAC,F,28,13,13,1,46,124,0.371,0.482,-0.111
1642382,Branden Carlson,1610612760,OKC,C,26,18,18,1,58,123,0.472,0.451,0.021
1641772,Nae'Qwan Tomlin,1610612739,CLE,F,25,21,21,1,54,122,0.443,0.46,-0.017
1642877,Micah Peavy,1610612740,NOP,G-F,24,24,24,1,51,121,0.421,0.468,-0.047
1630579,Jericho Sims,1610612749,MIL,C,27,23,23,1,51,121,0.421,0.464,-0.042
202331,Paul George,1610612755,PHI,F,35,12,12,1,54,120,0.45,0.469,-0.019
1641731,Bilal Coulibaly,1610612764,WAS,G,21,14,14,1,59,116,0.509,0.486,0.022
1642275,Tidjane Salaün,1610612766,CHA,F,20,17,17,1,59,116,0.509,0.45,0.058
1629723,John Konchar,1610612763,MEM,G,29,20,20,1,49,115,0.426,0.455,-0.028
203914,Gary Harris,1610612749,MIL,G,31,20,20,1,54,114,0.474,0.457,0.017
1631121,Bryce McGowens,1610612740,NOP,G,23,17,17,1,55,114,0.482,0.466,0.016
1641715,Cam Whitmore,1610612764,WAS,F,21,21,21,1,55,113,0.487,0.475,0.012
1630194,Paul Reed,1610612765,DET,F,26,20,20,1,52,113,0.46,0.487,-0.027
1628997,Caleb Martin,1610612742,DAL,F,30,24,24,1,56,111,0.505,0.469,0.036
1631126,Caleb Love,1610612757,POR,G,24,20,20,1,55,109,0.505,0.459,0.046
1628396,Tony Bradley,1610612754,IND,C-F,27,19,19,1,51,107,0.477,0.491,-0.014
1631172,Ousmane Dieng,1610612760,OKC,F,22,17,17,1,45,105,0.429,0.439,-0.01
1630619,Moussa Cisse,1610612742,DAL,C,23,17,17,1,50,105,0.476,0.492,-0.016
1642869,Noah Penda,1610612753,ORL,G-F,20,16,16,1,53,105,0.505,0.455,0.05
1641871,Duop Reath,1610612757,POR,C,29,22,22,1,45,105,0.429,0.481,-0.052
1629020,Jarred Vanderbilt,1610612747,LAL,F,26,19,19,1,55,103,0.534,0.469,0.065
1631114,Jalen Williams,1610612760,OKC,G-F,24,12,12,1,40,102,0.392,0.469,-0.077
1631106,Tari Eason,1610612745,HOU,F,24,14,14,1,56,102,0.549,0.474,0.075
1642265,Rob Dillingham,1610612750,MIN,G,20,24,24,1,46,102,0.451,0.454,-0.003
1641738,Kobe Brown,1610612746,LAC,F,25,19,19,1,50,101,0.495,0.464,0.031
1642962,Drake Powell,1610612751,BKN,G-F,20,18,18,1,47,101,0.465,0.461,0.005
1630592,Jalen Wilson,1610612751,BKN,F,25,18,18,1,52,100,0.52,0.458,0.062
1642874,Danny Wolf,1610612751,BKN,F,21,13,13,1,41,99,0.414,0.475,-0.061
1642354,KJ Simpson,1610612766,CHA,G,23,12,12,1,44,97,0.454,0.462,-0.009
1642854,Asa Newell,1610612737,ATL,F,20,18,18,1,49,96,0.51,0.475,0.035
204456,T.J. McConnell,1610612754,IND,G,33,19,19,1,52,95,0.547,0.462,0.085
1630611,Gui Santos,1610612744,GSW,F,23,20,20,1,36,93,0.387,0.458,-0.071
1642878,Tyrese Proctor,1610612739,CLE,G,21,21,21,1,35,92,0.38,0.448,-0.067
1629216,Gabe Vincent,1610612747,LAL,G,29,14,14,1,49,92,0.533,0.451,0.082
1641765,Olivier-Maxence Prosper,1610612763,MEM,F,23,13,13,1,44,90,0.489,0.478,0.011
1629639,Tyler Herro,1610612748,MIA,G,25,6,6,1,43,90,0.478,0.451,0.026
1626204,Larry Nance Jr.,1610612739,CLE,F-C,32,15,15,1,47,89,0.528,0.479,0.049
1642862,Liam McNeeley,1610612766,CHA,F,20,18,18,1,44,88,0.5,0.462,0.038
1627824,Guerschon Yabusele,1610612752,NYK,F,30,25,25,1,43,88,0.489,0.468,0.021
1630574,Ariel Hukporti,1610612752,NYK,C,23,17,17,1,31,88,0.352,0.479,-0.126
1642860,Will Riley,1610612764,WAS,F,19,19,19,1,38,85,0.447,0.469,-0.022
1630702,Jaden Hardy,1610612742,DAL,G,23,20,20,1,40,85,0.471,0.458,0.013
1628467,Maxi Kleber,1610612747,LAL,F,33,14,14,1,40,84,0.476,0.468,0.008
1630545,Terrence Shannon Jr.,1610612750,MIN,G-F,25,22,22,1,40,84,0.476,0.479,-0.002
1642879,Ben Saraf,1610612751,BKN,G,19,12,12,1,45,83,0.542,0.465,0.077
1626172,Kevon Looney,1610612740,NOP,F,29,12,12,1,43,82,0.524,0.513,0.011
1631093,Jaden Ivey,1610612765,DET,G,23,15,15,1,40,82,0.488,0.458,0.03
1628371,Jonathan Isaac,1610612753,ORL,F,28,22,22,1,31,81,0.383,0.471,-0.088
101108,Chris Paul,1610612746,LAC,G,40,16,16,1,41,81,0.506,0.442,0.064
203486,Mason Plumlee,1610612766,CHA,F-C,35,14,14,1,46,80,0.575,0.498,0.077
1642905,Yang Hansen,1610612757,POR,C,20,14,14,1,38,78,0.487,0.515,-0.028
1630679,Ethan Thompson,1610612754,IND,G,26,10,10,1,35,78,0.449,0.44,0.009
1631117,Walker Kessler,1610612762,UTA,C,24,5,5,1,35,77,0.455,0.507,-0.052
1631245,Quenton Jackson,1610612754,IND,G,27,10,10,1,26,76,0.342,0.463,-0.121
1642353,Cam Christie,1610612746,LAC,G,20,18,18,1,29,74,0.392,0.458,-0.066
1631123,Jamaree Bouyea,1610612756,PHX,G,26,13,13,1,31,74,0.419,0.461,-0.042
1628975,Jevon Carter,1610612741,CHI,G,30,14,14,1,36,74,0.486,0.449,0.038
1641763,Julian Phillips,1610612741,CHI,F,22,19,19,1,28,73,0.384,0.451,-0.068
1629726,Garrison Mathews,1610612754,IND,G,29,14,14,1,35,73,0.479,0.452,0.027
1629027,Trae Young,1610612737,ATL,G,27,8,8,1,43,73,0.589,0.461,0.128
1631207,Dalen Terry,1610612741,CHI,F,23,12,12,1,28,72,0.389,0.437,-0.048
1642364,Jamir Watkins,1610612764,WAS,F,24,9,9,1,31,70,0.443,0.464,-0.021
1642262,Cody Williams,1610612762,UTA,F,21,15,15,1,29,69,0.42,0.468,-0.048
1641726,Dereck Lively II,1610612742,DAL,C,21,7,7,1,36,68,0.529,0.495,0.034
1629001,De'Anthony Melton,1610612744,GSW,G,27,8,8,1,34,68,0.5,0.458,0.042
1641724,Jett Howard,1610612753,ORL,G,22,19,19,1,36,67,0.537,0.456,0.082
1642868,Carter Bryant,1610612759,SAS,F,20,19,19,1,30,67,0.448,0.454,-0.006
1642964,Brooks Barnhizer,1610612760,OKC,G,23,16,16,1,31,65,0.477,0.452,0.025
1641733,Nick Smith Jr.,1610612747,LAL,G,21,12,12,1,27,64,0.422,0.451,-0.029
1628380,Zach Collins,1610612741,CHI,F-C,28,8,8,1,30,64,0.469,0.482,-0.013
1630192,Zeke Nnaji,1610612743,DEN,F-C,24,15,15,1,25,64,0.391,0.483,-0.092
1642277,Johnny Furphy,1610612754,IND,G,21,11,11,1,26,63,0.413,0.456,-0.043
1630560,Cam Thomas,1610612751,BKN,G,24,8,8,1,35,62,0.565,0.476,0.088
1630214,Xavier Tillman,1610612738,BOS,F,26,11,11,1,26,62,0.419,0.464,-0.044
1626192,Pat Connaughton,1610612766,CHA,G,32,13,13,1,27,61,0.443,0.458,-0.016
1642928,Dylan Cardwell,1610612758,SAC,C,24,7,7,1,30,61,0.492,0.523,-0.031
203937,Kyle Anderson,1610612762,UTA,F-G,32,9,9,1,36,60,0.6,0.445,0.155
1641712,Rayan Rupert,1610612757,POR,G-F,21,19,19,1,24,59,0.407,0.452,-0.045
1642419,Jamison Battle,1610612761,TOR,F,24,17,17,1,24,58,0.414,0.457,-0.044
1627752,Taurean Prince,1610612749,MIL,F,31,8,8,1,31,58,0.534,0.454,0.081
1630256,Jae'Sean Tate,1610612745,HOU,F,30,14,14,1,31,58,0.534,0.447,0.087
1642484,RayJ Dennis,1610612746,LAC,G,24,12,12,1,32,56,0.571,0.429,0.143
1629599,Amir Coffey,1610612749,MIL,G-F,28,16,16,1,22,55,0.4,0.473,-0.073
1630587,Isaiah Livers,1610612756,PHX,F,27,13,13,1,24,52,0.462,0.459,0.002
1629618,Jalen Pickett,1610612743,DEN,G,26,11,11,1,22,51,0.431,0.432,0
1642859,Jase Richardson,1610612753,ORL,G,20,14,14,1,23,51,0.451,0.461,-0.01
1628502,Nigel Hayes-Davis,1610612756,PHX,F,31,16,16,1,24,50,0.48,0.469,0.011
1628449,Chris Boucher,1610612738,BOS,F,32,8,8,1,20,49,0.408,0.469,-0.061
1643007,Taelon Peter,1610612754,IND,G,23,15,15,1,26,48,0.542,0.45,0.092
1642355,Bronny James,1610612747,LAL,G,21,14,14,1,25,48,0.521,0.467,0.053
1642269,Devin Carter,1610612758,SAC,G,23,8,8,1,23,46,0.5,0.47,0.03
1641757,Jordan Miller,1610612746,LAC,G,25,7,7,1,21,45,0.467,0.463,0.004
1642352,Keshad Johnson,1610612748,MIA,F,24,8,8,1,19,43,0.442,0.471,-0.03
1629026,Kenrich Williams,1610612760,OKC,G-F,31,10,10,1,25,41,0.61,0.481,0.128
1642949,Yanic Konan Niederhäuser,1610612746,LAC,C,22,11,11,1,23,41,0.561,0.482,0.079
1631124,Julian Strawther,1610612743,DEN,G,23,12,12,1,20,41,0.488,0.428,0.059
1642885,Mohamed Diawara,1610612752,NYK,F,20,18,18,1,23,40,0.575,0.416,0.159
1642863,Khaman Maluach,1610612756,PHX,C,19,12,12,1,18,40,0.45,0.51,-0.06
1642914,Javon Small,1610612763,MEM,G,23,8,8,1,17,39,0.436,0.43,0.006
1642857,Kasparas Jakučionis,1610612748,MIA,G,19,4,4,1,22,39,0.564,0.478,0.086
1641748,Andre Jackson Jr.,1610612749,MIL,G,24,9,9,1,21,38,0.553,0.46,0.092
203078,Bradley Beal,1610612746,LAC,G,32,6,6,1,19,37,0.514,0.466,0.047
1642959,Chris Youngblood,1610612760,OKC,G,23,14,14,1,15,36,0.417,0.44,-0.024
1630182,Josh Green,1610612766,CHA,G,25,6,6,1,14,34,0.412,0.461,-0.049
1630322,Lindy Waters III,1610612759,SAS,F,28,14,14,1,19,34,0.559,0.465,0.094
1642853,Rasheer Fleming,1610612756,PHX,F,21,11,11,1,17,33,0.515,0.431,0.084
1629162,Jordan McLaughlin,1610612759,SAS,G,29,10,10,1,21,33,0.636,0.453,0.183
1631247,Luke Travers,1610612739,CLE,F,24,11,11,1,16,33,0.485,0.453,0.032
1642849,Nolan Traore,1610612751,BKN,G,19,8,8,1,12,32,0.375,0.446,-0.071
1642357,David Jones Garcia,1610612759,SAS,F,24,8,8,1,14,31,0.452,0.443,0.009
1630167,Obi Toppin,1610612754,IND,F,27,3,3,1,14,31,0.452,0.474,-0.023
1631103,Malaki Branham,1610612764,WAS,F,22,12,12,1,12,31,0.387,0.481,-0.094
1641989,Elijah Harkless,1610612762,UTA,G,25,6,6,1,17,31,0.548,0.455,0.093
1642876,Adou Thiero,1610612747,LAL,G,21,11,11,1,23,30,0.767,0.467,0.299
202687,Bismack Biyombo,1610612759,SAS,C,33,8,8,1,17,30,0.567,0.471,0.096
1642404,Chaz Lanier,1610612765,DET,G,24,9,9,1,8,30,0.267,0.468,-0.201
1628420,Monte Morris,1610612754,IND,G,30,5,5,1,11,29,0.379,0.445,-0.066
1631120,JD Davison,1610612745,HOU,G,23,12,12,1,12,28,0.429,0.439,-0.01
1631104,Blake Wesley,1610612757,POR,G,22,6,6,1,14,27,0.519,0.458,0.06
1641713,GG Jackson,1610612763,MEM,F,21,6,6,1,13,26,0.5,0.447,0.053
1630164,James Wiseman,1610612754,IND,C,24,4,4,1,13,25,0.52,0.505,0.015
1631288,Jamal Cain,1610612753,ORL,F,26,5,5,1,14,25,0.56,0.431,0.129
1641780,Johni Broome,1610612755,PHI,F,23,4,4,1,15,24,0.625,0.515,0.11
203967,Dario Šarić,1610612758,SAC,F-C,31,5,5,1,13,24,0.542,0.454,0.087
201569,Eric Gordon,1610612755,PHI,G,37,6,6,1,8,23,0.348,0.416,-0.068
1641752,Bobi Klintman,1610612765,DET,F,22,6,6,1,10,22,0.455,0.442,0.013
201145,Jeff Green,1610612745,HOU,F,39,9,9,1,10,22,0.455,0.443,0.011
1642367,Jonathan Mogbo,1610612761,TOR,F,24,9,9,1,10,22,0.455,0.485,-0.031
1628998,Cody Martin,1610612754,IND,F,30,4,4,1,7,21,0.333,0.432,-0.099
1642866,Joan Beringer,1610612750,MIN,F,19,8,8,1,11,21,0.524,0.467,0.057
1641809,Drew Peterson,1610612766,CHA,F,26,6,6,1,8,20,0.4,0.458,-0.058
1631111,Wendell Moore Jr.,1610612765,DET,G,24,3,3,1,5,19,0.263,0.46,-0.197
1642873,Amari Williams,1610612738,BOS,F-C,23,4,4,1,7,18,0.389,0.516,-0.127
1641725,Trey Alexander,1610612740,NOP,G,22,3,3,1,7,17,0.412,0.471,-0.059
1642358,AJ Johnson,1610612764,WAS,G,21,9,9,1,7,17,0.412,0.439,-0.027
1642449,Tolu Smith,1610612765,DET,F,25,2,2,1,7,17,0.412,0.49,-0.079
1631132,Christian Koloko,1610612763,MEM,C,25,4,4,1,10,16,0.625,0.482,0.144
1641810,Antonio Reeves,1610612766,CHA,G,25,6,6,1,7,15,0.467,0.465,0.002
1631115,Orlando Robinson,1610612753,ORL,C,25,3,3,1,11,15,0.733,0.463,0.27
1642359,Pacôme Dadiet,1610612752,NYK,F,20,7,7,1,7,14,0.5,0.485,0.016
1641816,Hunter Tyson,1610612743,DEN,F,25,10,10,1,6,14,0.429,0.481,-0.053
1631451,Javonte Cooke,1610612757,POR,G,26,5,5,1,8,14,0.571,0.461,0.11
1642950,Lachlan Olbrich,1610612741,CHI,C,21,5,5,1,9,14,0.643,0.508,0.135
1641998,Trey Jemison III,1610612752,NYK,C,26,3,3,1,9,14,0.643,0.45,0.193
1631159,Leonard Miller,1610612750,MIN,F,22,5,5,1,6,13,0.462,0.395,0.066
201599,DeAndre Jordan,1610612740,NOP,C,37,2,2,1,5,13,0.385,0.571,-0.187
1630264,Anthony Gill,1610612764,WAS,F,33,7,7,1,6,13,0.462,0.478,-0.017
1630644,Mac McClung,1610612754,IND,G,26,2,2,1,6,13,0.462,0.448,0.014
1630623,Tyson Etienne,1610612751,BKN,G,26,5,5,1,3,12,0.25,0.346,-0.096
203552,Seth Curry,1610612744,GSW,G,35,2,2,1,8,12,0.667,0.464,0.203
200768,Kyle Lowry,1610612755,PHI,G,39,3,3,1,3,12,0.25,0.445,-0.195
1642282,Hunter Sallis,1610612755,PHI,G,22,4,4,1,5,12,0.417,0.467,-0.051
1641801,Emanuel Miller,1610612741,CHI,F,25,5,5,1,7,11,0.636,0.439,0.197
1641813,Mark Sears,1610612749,MIL,G,23,5,5,1,4,10,0.4,0.419,-0.019
1630639,A.J. Lawson,1610612761,TOR,G,25,2,2,1,5,10,0.5,0.485,0.016
1642942,Jahmai Mashack,1610612763,MEM,G,23,4,4,1,6,10,0.6,0.412,0.189
1642066,Myron Gardner,1610612748,MIA,F,24,4,4,1,4,9,0.444,0.526,-0.082
1629646,Charles Bassey,1610612763,MEM,C-F,25,2,2,1,5,9,0.556,0.527,0.029
1642443,Jahmir Young,1610612748,MIA,G,25,4,4,1,4,9,0.444,0.444,0
1629680,Matisse Thybulle,1610612757,POR,G-F,28,4,4,1,3,9,0.333,0.457,-0.123
1641790,PJ Hall,1610612766,CHA,C,23,4,4,1,2,8,0.25,0.521,-0.271
1642368,N'Faly Dante,1610612737,ATL,C,24,3,3,1,1,8,0.125,0.448,-0.323
1630621,Hunter Dickinson,1610612740,NOP,C,25,1,1,1,4,8,0.5,0.457,0.043
1630224,Jalen Green,1610612756,PHX,G,23,2,2,1,1,8,0.125,0.421,-0.296
1642403,Isaac Jones,1610612765,DET,F,25,3,3,1,4,7,0.571,0.447,0.124
1643141,Jahmyl Telfort,1610612746,LAC,G,24,3,3,1,2,7,0.286,0.444,-0.159
1631216,Caleb Houstan,1610612737,ATL,G,22,4,4,1,6,7,0.857,0.482,0.375
1631250,Pete Nance,1610612749,MIL,F,25,3,3,1,1,7,0.143,0.477,-0.334
1629634,Brandon Clarke,1610612763,MEM,F,29,2,2,1,3,7,0.429,0.497,-0.068
1630548,Johnny Juzang,1610612750,MIN,G,24,5,5,1,3,6,0.5,0.406,0.094
1630604,E.J. Liddell,1610612751,BKN,F,25,6,6,1,3,6,0.5,0.543,-0.043
1642935,Chucky Hepburn,1610612761,TOR,G,22,2,2,1,4,6,0.667,0.455,0.212
203648,Thanasis Antetokounmpo,1610612749,MIL,F,33,4,4,1,3,6,0.5,0.56,-0.06
204060,Joe Ingles,1610612750,MIN,F-G,38,3,3,1,2,6,0.333,0.423,-0.09
1642918,Alijah Martin,1610612761,TOR,G,24,2,2,1,3,6,0.5,0.54,-0.04
1642939,Miles Kelly,1610612742,DAL,G,22,1,1,1,4,6,0.667,0.431,0.236
1642434,Riley Minix,1610612759,SAS,F,25,3,3,1,2,5,0.4,0.37,0.03
1643024,Chris Mañon,1610612747,LAL,G,24,3,3,1,2,4,0.5,0.431,0.069
1642938,Curtis Jones,1610612743,DEN,G,24,2,2,1,2,4,0.5,0.368,0.133
1631204,Marcus Sasser,1610612765,DET,G,25,2,2,1,4,4,1,0.493,0.507
1641787,Tosan Evbuomwan,1610612752,NYK,F,24,2,2,1,1,4,0.25,0.473,-0.223
1627827,Dorian Finney-Smith,1610612745,HOU,F,32,1,1,1,4,4,1,0.482,0.518
1641747,DaRon Holmes II,1610612743,DEN,F,23,2,2,1,1,3,0.333,0.372,-0.038
202066,Garrett Temple,1610612761,TOR,G-F,39,3,3,1,1,3,0.333,0.386,-0.053
1631127,Harrison Ingram,1610612759,SAS,F,23,2,2,1,1,3,0.333,0.372,-0.038
1641753,Chris Livingston,1610612739,CLE,F,22,1,1,1,2,3,0.667,0.445,0.222
1642886,Koby Brea,1610612756,PHX,G,23,1,1,1,1,3,0.333,0.569,-0.236
1630536,Sharife Cooper,1610612764,WAS,G,24,3,3,1,1,3,0.333,0.484,-0.151
203926,Doug McDermott,1610612758,SAC,F,33,1,1,1,0,3,0,0.479,-0.479
1641755,Kevin McCullar Jr.,1610612752,NYK,G,24,2,2,1,2,3,0.667,0.537,0.129
1631342,Daeqwon Plowden,1610612758,SAC,G-F,27,1,1,1,0,3,0,0.473,-0.473
1631210,Jacob Toppin,1610612737,ATL,F,25,2,2,1,0,2,0,0.446,-0.446
1642280,Trentyn Flowers,1610612741,CHI,F,20,2,2,1,1,2,0.5,0.474,0.027
1631199,Ron Harper Jr.,1610612738,BOS,G-F,25,2,2,1,1,2,0.5,0.555,-0.055
1641732,Colby Jones,1610612765,DET,G,23,1,1,1,1,1,1,0.518,0.482
1642880,Kam Jones,1610612754,IND,G,23,1,1,1,0,1,0,0.479,-0.479
1631166,Drew Timme,1610612747,LAL,F,25,1,1,1,1,1,1,0.584,0.416
