GROUP_SET,PLAYER_ID,PLAYER_NAME,NICKNAME,TEAM_ID,TEAM_ABBREVIATION,AGE,GP,W,L,W_PCT,MIN,FGM,FGA,FG_PCT,FG3M,FG3A,FG3_PCT,FTM,FTA,FT_PCT,OREB,DREB,REB,AST,TOV,STL,BLK,BLKA,PF,PFD,PTS,PLUS_MINUS,NBA_FANTASY_PTS,DD2,TD3,WNBA_FANTASY_PTS,GP_RANK,W_RANK,L_RANK,W_PCT_RANK,MIN_RANK,FGM_RANK,FGA_RANK,FG_PCT_RANK,FG3M_RANK,FG3A_RANK,FG3_PCT_RANK,FTM_RANK,FTA_RANK,FT_PCT_RANK,OREB_RANK,DREB_RANK,REB_RANK,AST_RANK,TOV_RANK,STL_RANK,BLK_RANK,BLKA_RANK,PF_RANK,PFD_RANK,PTS_RANK,PLUS_MINUS_RANK,NBA_FANTASY_PTS_RANK,DD2_RANK,TD3_RANK,WNBA_FANTASY_PTS_RANK,TEAM_COUNT
Players,1631260,AJ Green,AJ,1610612749,MIL,26,14,6,8,0.429,47.4016666666667,3,11,0.273,3,11,0.273,4,6,0.667,0,2,2,1,1,0,0,1,4,7,13,-5,15.9,0,0,19,52,87,344,238,61,131,102,237,35,23,122,87,78,152,193,172,206,155,118,158,128,269,263,43,116,258,179,145,17,146,1
Players,203932,Aaron Gordon,Aaron,1610612743,DEN,30,3,0,3,0,16.7383333333333,3,6,0.5,1,2,0.5,1,1,1,0,2,2,0,2,0,0,1,5,1,8,-18,8.4,1,0,11,291,349,155,349,205,131,163,92,97,160,31,180,212,1,193,172,206,220,63,158,128,269,303,188,159,362,240,82,17,210,1
Players,1628988,Aaron Holiday,Aaron,1610612745,HOU,29,8,4,4,0.5,9.10166666666667,2,5,0.4,2,4,0.5,2,3,0.667,1,0,1,2,1,1,0,0,2,4,8,-3,14.2,0,0,15,173,148,200,165,263,170,181,165,58,103,31,133,137,152,106,279,251,107,118,73,128,1,171,86,159,233,191,145,17,177,1
Players,1630174,Aaron Nesmith,Aaron,1610612754,IND,26,5,1,4,0.2,14.3166666666667,2,5,0.4,1,3,0.333,2,4,0.5,3,2,5,0,0,0,0,0,0,3,7,1,13,0,0,13,246,289,200,330,227,170,181,165,97,127,87,133,109,183,41,172,114,220,195,158,128,1,1,114,174,152,204,145,17,194,1
Players,1630598,Aaron Wiggins,Aaron,1610612760,OKC,26,6,5,1,0.833,10.3883333333333,2,6,0.333,2,6,0.333,0,0,0,1,1,2,2,0,0,0,0,1,0,6,20,11.4,0,0,12,219,116,42,43,255,170,163,198,58,69,87,220,231,220,106,225,206,107,195,158,128,1,108,255,178,28,215,145,17,199,1
Players,1642846,Ace Bailey,Ace,1610612762,UTA,19,7,4,3,0.571,19.1733333333333,1,5,0.2,0,2,0,0,1,0,1,1,2,2,0,0,0,0,2,0,2,7,7.4,0,0,6,192,148,155,129,191,216,181,256,163,160,163,220,212,220,106,225,206,107,195,158,128,1,171,255,255,95,255,145,17,253,1
Players,1641737,Adem Bona,Adem,1610612755,PHI,22,7,4,3,0.571,20.3033333333333,1,1,1,0,0,0,0,2,0,1,1,2,0,0,0,3,0,1,4,2,9,13.4,0,0,10,192,148,155,129,186,216,270,1,163,248,163,220,157,220,106,225,206,220,195,158,6,1,108,86,255,72,198,145,17,216,1
Players,1642349,Ajay Mitchell,Ajay,1610612760,OKC,23,10,7,3,0.7,26.2666666666667,5,10,0.5,0,1,0,6,6,1,0,1,1,0,0,1,0,0,2,6,16,20,20.2,0,0,19,124,55,155,77,143,93,110,92,163,200,163,60,78,1,193,225,251,220,195,73,128,1,171,56,95,28,151,145,17,146,1
Players,201143,Al Horford,Al,1610612744,GSW,39,8,3,5,0.375,17.2083333333333,1,2,0.5,1,2,0.5,0,0,0,3,1,4,2,1,0,0,0,2,1,3,-2,9.8,0,0,10,173,199,245,265,203,216,248,92,97,160,31,220,231,220,41,225,140,107,118,158,128,1,171,188,235,204,228,145,17,216,1
Players,1627936,Alex Caruso,Alex,1610612760,OKC,31,7,5,2,0.714,20.9283333333333,1,8,0.125,1,3,0.333,0,0,0,4,3,7,1,0,1,1,1,2,0,3,15,18.9,0,0,16,192,116,105,73,179,216,131,272,97,127,87,220,231,220,26,128,79,155,195,73,48,269,171,255,235,41,160,145,17,168,1
Players,1642259,Alex Sarr,Alex,1610612764,WAS,20,7,3,4,0.429,33.395,6,14,0.429,2,6,0.333,2,4,0.5,2,8,10,1,3,1,0,2,5,3,16,-13,29.5,4,0,31,192,199,200,238,117,73,70,151,58,69,87,133,109,183,64,39,48,155,33,73,128,352,303,114,95,335,108,31,17,92,1
Players,1630578,Alperen Sengun,Alperen,1610612745,HOU,23,14,6,8,0.429,80.0233333333333,20,49,0.408,0,5,0,11,18,0.611,13,11,24,12,9,1,3,5,16,13,51,6,100.8,9,1,95,52,87,344,238,6,6,4,163,163,85,163,30,17,173,1,14,2,6,2,73,6,392,393,12,13,102,8,7,9,10,1
Players,1642873,Amari Williams,Amari,1610612738,BOS,23,2,2,0,1,0.0833333333333333,0,0,0,0,0,0,0,0,0,0,0,0,0,0,0,0,0,0,0,0,2,0,0,0,0,314,239,1,1,383,274,309,274,163,248,163,220,231,220,193,279,296,220,195,158,128,1,1,255,291,141,324,145,17,325,1
Players,1641708,Amen Thompson,Amen,1610612745,HOU,22,14,6,8,0.429,75.715,15,28,0.536,0,2,0,9,11,0.818,3,8,11,4,2,1,0,2,7,7,39,-8,59.2,3,0,56,52,87,344,238,10,14,22,85,163,160,163,40,46,117,41,39,39,57,63,73,128,352,347,43,26,294,32,40,17,33,1
Players,203083,Andre Drummond,Andre,1610612755,PHI,32,10,6,4,0.6,29.2816666666667,3,6,0.5,0,1,0,4,5,0.8,4,8,12,0,1,0,1,0,3,3,10,10,26.4,7,0,24,124,87,200,110,135,131,163,92,163,200,163,87,95,122,26,39,33,220,118,158,48,1,222,114,136,65,115,14,17,122,1
Players,1641748,Andre Jackson Jr.,Andre,1610612749,MIL,24,1,0,1,0,0.766666666666667,0,0,0,0,0,0,0,0,0,0,0,0,0,0,0,0,0,0,0,0,0,0,0,0,0,349,349,42,349,357,274,309,274,163,248,163,220,231,220,193,279,296,220,195,158,128,1,1,255,291,166,324,145,17,325,1
Players,1629614,Andrew Nembhard,Andrew,1610612754,IND,25,7,2,5,0.286,25.5833333333333,7,15,0.467,1,3,0.333,2,3,0.667,0,2,2,2,4,0,0,1,4,3,17,-8,18.4,1,0,22,192,239,245,313,149,56,63,134,97,127,87,133,137,152,193,172,206,107,22,158,128,269,263,114,84,294,162,82,17,130,1
Players,203952,Andrew Wiggins,Andrew,1610612748,MIA,30,13,7,6,0.538,34.6333333333333,5,9,0.556,4,5,0.8,4,4,1,0,3,3,1,1,3,0,0,4,2,18,-8,31.1,0,0,32,61,55,281,154,113,93,122,76,23,85,16,87,109,1,193,128,170,155,118,12,128,1,263,143,79,294,100,145,17,88,1
Players,1629014,Anfernee Simons,Anfernee,1610612738,BOS,26,12,6,6,0.5,9.48166666666667,0,0,0,0,0,0,2,2,1,0,0,0,2,1,0,0,0,3,1,2,14,4,0,0,4,78,87,281,165,261,274,309,274,163,248,163,133,157,1,193,279,296,107,118,158,128,1,222,188,255,45,283,145,17,277,1
Players,1641710,Anthony Black,Anthony,1610612753,ORL,21,12,8,4,0.667,41.135,8,15,0.533,1,4,0.25,3,7,0.429,0,4,4,1,1,3,2,0,5,5,20,-1,40.3,0,0,36,78,38,200,87,79,46,63,87,97,103,124,115,67,211,193,103,140,155,118,12,21,1,303,72,71,193,72,145,17,76,1
Players,203076,Anthony Davis,Anthony,1610612742,DAL,32,9,5,4,0.556,25.7383333333333,7,14,0.5,0,1,0,1,1,1,4,5,9,2,1,0,1,0,6,3,15,-3,30.8,8,0,28,145,116,200,142,147,56,70,92,163,200,163,180,212,1,26,77,56,107,118,158,48,1,323,114,104,233,103,9,17,102,1
Players,1630162,Anthony Edwards,Anthony,1610612750,MIN,24,12,7,5,0.583,54.3616666666667,25,36,0.694,8,14,0.571,10,12,0.833,0,10,10,5,5,1,2,0,7,7,68,12,91.5,1,0,97,78,55,245,121,38,3,12,37,2,10,27,34,37,105,193,23,48,41,16,73,21,1,347,43,5,53,11,82,17,8,1
Players,1630574,Ariel Hukporti,Ariel,1610612752,NYK,23,2,1,1,0.5,3.99166666666667,0,0,0,0,0,0,0,0,0,0,0,0,0,0,0,0,0,0,0,0,-1,0,0,0,0,314,289,42,165,306,274,309,274,163,248,163,220,231,220,193,279,296,220,195,158,128,1,1,255,291,193,324,145,17,325,1
Players,1642854,Asa Newell,Asa,1610612737,ATL,20,2,0,2,0,0.2,0,0,0,0,0,0,0,0,0,0,1,1,0,0,0,0,0,0,0,0,1,1.2,0,0,1,314,349,105,349,378,274,309,274,163,248,163,220,231,220,193,225,251,220,195,158,128,1,1,255,291,152,311,145,17,308,1
Players,1641709,Ausar Thompson,Ausar,1610612765,DET,22,16,12,4,0.75,47.2916666666667,8,13,0.615,0,1,0,0,0,0,6,12,18,6,2,2,1,0,4,1,16,30,53.6,2,0,46,24,2,200,57,62,46,74,57,163,200,163,220,231,220,12,10,9,27,63,32,48,1,263,188,95,19,45,53,17,58,1
Players,1630559,Austin Reaves,Austin,1610612747,LAL,27,6,6,0,1,13.3766666666667,3,8,0.375,0,3,0,6,6,1,0,2,2,1,2,0,0,0,0,7,12,9,13.9,4,0,15,219,87,1,1,237,131,131,188,163,127,163,60,78,1,193,172,206,155,63,158,128,1,1,43,120,72,193,31,17,177,1
Players,1630245,Ayo Dosunmu,Ayo,1610612741,CHI,25,13,7,6,0.538,36.2233333333333,4,11,0.364,3,6,0.5,6,7,0.857,0,3,3,3,3,0,0,1,2,3,17,-22,22.1,0,0,26,61,55,281,154,106,113,102,192,35,69,31,60,67,95,193,128,170,78,33,158,128,269,171,114,84,380,139,145,17,111,1
Players,1628389,Bam Adebayo,Bam,1610612748,MIA,28,11,4,7,0.364,24.4566666666667,3,10,0.3,0,2,0,4,4,1,2,5,7,2,0,1,0,1,3,4,10,-20,24.4,8,0,21,107,148,314,272,154,131,110,226,163,160,163,87,109,1,64,77,79,107,195,73,128,269,222,86,136,373,125,9,17,138,1
Players,1631248,Baylor Scheierman,Baylor,1610612738,BOS,25,2,2,0,1,4.96333333333333,0,0,0,0,0,0,0,0,0,0,0,0,1,0,0,0,0,2,0,0,1,1.5,0,0,1,314,239,1,1,299,274,309,274,163,248,163,220,231,220,193,279,296,155,195,158,128,1,171,255,291,152,308,145,17,308,1
Players,1642879,Ben Saraf,Ben,1610612751,BKN,19,1,0,1,0,0.516666666666667,0,0,0,0,0,0,0,0,0,0,0,0,0,0,0,0,0,0,0,0,-3,0,0,0,0,349,349,42,349,367,274,309,274,163,248,163,220,231,220,193,279,296,220,195,158,128,1,1,255,291,233,324,145,17,325,1
Players,1641767,Ben Sheppard,Ben,1610612754,IND,24,7,1,6,0.143,20.76,0,2,0,0,2,0,1,2,0.5,2,5,7,0,1,0,0,1,5,2,1,-19,8.4,0,0,8,192,289,281,344,183,274,248,274,163,160,163,180,157,183,64,77,79,220,118,158,128,269,303,143,285,369,240,145,17,240,1
Players,1631097,Bennedict Mathurin,Bennedict,1610612754,IND,23,8,2,6,0.25,36.4333333333333,3,12,0.25,0,7,0,5,7,0.714,0,7,7,0,2,1,0,0,5,6,11,-10,20.4,1,0,20,173,239,281,320,103,131,89,239,163,58,163,71,67,146,193,53,79,220,63,73,128,1,303,56,128,308,148,82,17,142,1
Players,1641731,Bilal Coulibaly,Bilal,1610612764,WAS,21,4,2,2,0.5,16.07,2,3,0.667,0,0,0,0,0,0,0,5,5,1,0,1,1,1,3,0,4,0,17.5,0,0,14,267,239,105,165,211,170,225,39,163,248,163,220,231,220,193,77,114,155,195,73,48,269,222,255,217,166,166,145,17,184,1
Players,1626171,Bobby Portis,Bobby,1610612749,MIL,30,6,2,4,0.333,15.3483333333333,1,2,0.5,0,0,0,0,0,0,1,3,4,1,1,0,0,0,1,1,2,-9,7.3,2,0,7,219,239,200,279,217,216,248,92,163,248,163,220,231,220,106,128,140,155,118,158,128,1,108,188,255,301,256,53,17,247,1
Players,203992,Bogdan Bogdanović,Bogdan,1610612746,LAC,33,5,1,4,0.2,20.8216666666667,1,2,0.5,0,1,0,0,0,0,0,0,0,2,1,1,0,0,3,0,2,13,7,0,0,6,246,289,200,330,180,216,248,92,163,200,163,220,231,220,193,279,296,107,118,73,128,1,222,255,255,49,258,145,17,253,1
Players,1630538,Bones Hyland,Bones,1610612750,MIN,25,6,2,4,0.333,5.9,0,2,0,0,2,0,1,3,0.333,0,0,0,1,0,0,0,0,3,1,1,-2,2.5,0,0,2,219,239,200,279,284,274,248,274,163,160,163,180,137,214,193,279,296,155,195,158,128,1,222,188,285,204,295,145,17,293,1
Players,1641764,Brandin Podziemski,Brandin,1610612744,GSW,22,15,6,9,0.4,35.45,6,12,0.5,3,6,0.5,0,2,0,3,5,8,7,3,0,1,0,3,3,15,-5,35.1,0,0,35,39,87,361,252,110,73,89,92,35,69,31,220,157,220,41,77,66,20,33,158,48,1,222,114,104,258,82,145,17,79,1
Players,1629634,Brandon Clarke,Brandon,1610612763,MEM,29,1,1,0,1,0.00666666666666667,0,0,0,0,0,0,0,0,0,0,0,0,0,0,0,0,0,0,0,0,0,0,0,0,0,349,289,1,1,392,274,309,274,163,248,163,220,231,220,193,279,296,220,195,158,128,1,1,255,291,166,324,145,17,325,1
Players,1627742,Brandon Ingram,Brandon,1610612761,TOR,28,16,11,5,0.688,50.3666666666667,11,35,0.314,1,10,0.1,6,8,0.75,2,7,9,5,3,2,1,0,3,7,29,7,53.3,0,0,50,24,7,245,84,51,30,14,223,97,26,160,60,60,135,64,53,56,41,33,32,48,1,222,43,40,95,47,145,17,49,1
Players,1641706,Brandon Miller,Brandon,1610612766,CHA,23,5,4,1,0.8,23.0783333333333,3,12,0.25,1,3,0.333,3,3,1,0,5,5,2,1,1,1,0,4,2,10,17,24,1,0,22,246,148,42,45,166,131,89,239,97,127,87,115,137,1,193,77,114,107,118,73,48,1,263,143,136,37,127,82,17,130,1
Players,1630314,Brandon Williams,Brandon,1610612742,DAL,26,12,6,6,0.5,49.95,4,19,0.211,1,9,0.111,8,9,0.889,0,4,4,5,3,2,0,3,8,5,17,30,32.3,0,0,31,78,87,281,165,54,113,49,255,97,37,157,49,56,89,193,103,140,41,33,32,128,375,361,72,84,19,90,145,17,92,1
Players,1641729,Brice Sensabaugh,Brice,1610612762,UTA,22,7,5,2,0.714,24.14,3,5,0.6,2,3,0.667,2,3,0.667,1,1,2,0,1,1,0,0,1,1,10,3,14.4,0,0,16,192,116,105,73,159,131,181,60,58,127,17,133,137,152,106,225,206,220,118,73,128,1,108,188,136,129,187,145,17,168,1
Players,1642355,Bronny James,Bronny,1610612747,LAL,21,1,1,0,1,1.2,0,1,0,0,0,0,0,0,0,0,0,0,0,0,0,0,0,0,0,0,2,0,0,0,0,349,289,1,1,343,274,270,274,163,248,163,220,231,220,193,279,296,220,195,158,128,1,1,255,291,141,324,145,17,325,1
Players,201572,Brook Lopez,Brook,1610612746,LAC,37,1,0,1,0,0,0,0,0,0,0,0,0,0,0,0,0,0,0,0,0,0,0,0,0,0,0,0,0,0,0,349,349,42,349,393,274,309,274,163,248,163,220,231,220,193,279,296,220,195,158,128,1,1,255,291,166,324,145,17,325,1
Players,1628971,Bruce Brown,Bruce,1610612743,DEN,29,9,3,6,0.333,13.655,1,1,1,1,1,1,0,0,0,1,3,4,0,0,0,0,0,1,1,3,-16,7.8,0,0,8,145,199,281,279,234,216,270,1,97,200,1,220,231,220,106,128,140,220,195,158,128,1,108,188,235,353,248,145,17,240,1
Players,1631121,Bryce McGowens,Bryce,1610612740,NOP,23,3,1,2,0.333,2.675,0,0,0,0,0,0,0,0,0,0,0,0,0,1,0,0,0,0,0,0,-6,-1,0,0,0,291,289,105,279,315,274,309,274,163,248,163,220,231,220,193,279,296,220,118,158,128,1,1,255,291,272,394,145,17,325,1
Players,1642267,Bub Carrington,Bub,1610612764,WAS,20,8,3,5,0.375,23.105,1,7,0.143,0,3,0,2,2,1,1,3,4,2,2,0,1,1,3,2,4,-18,12.8,0,0,12,173,199,245,265,165,216,145,269,163,127,163,133,157,1,106,128,140,107,63,158,48,269,222,143,217,362,205,145,17,199,1
Players,1627741,Buddy Hield,Buddy,1610612744,GSW,33,6,3,3,0.5,9.61166666666667,1,3,0.333,0,2,0,0,0,0,0,2,2,2,0,1,0,0,0,1,2,-3,10.4,0,0,8,219,199,155,165,260,216,225,198,163,160,163,220,231,220,193,172,206,107,195,73,128,1,1,188,255,233,223,145,17,240,1
Players,203468,CJ McCollum,CJ,1610612764,WAS,34,10,4,6,0.4,43.7383333333333,9,28,0.321,5,14,0.357,4,7,0.571,2,3,5,3,2,0,2,3,6,4,27,-13,41.5,0,0,44,124,148,281,252,72,40,22,220,12,10,84,87,67,182,64,128,114,78,63,158,21,375,323,86,43,335,69,145,17,62,1
Players,1630595,Cade Cunningham,Cade,1610612765,DET,24,18,12,6,0.667,75.1633333333333,32,64,0.5,1,12,0.083,33,39,0.846,5,10,15,12,7,3,3,1,8,23,98,40,145,10,2,138,13,2,281,87,11,1,1,92,97,19,161,2,2,101,16,23,20,6,10,12,6,269,361,3,2,8,1,4,4,1,1
Players,1631126,Caleb Love,Caleb,1610612757,POR,24,5,2,3,0.4,15.3383333333333,4,7,0.571,3,6,0.5,0,0,0,1,0,1,0,0,0,1,0,1,0,11,1,15.2,0,0,17,246,239,155,252,219,113,145,68,35,69,31,220,231,220,106,279,251,220,195,158,48,1,108,255,128,152,182,145,17,163,1
Players,1628997,Caleb Martin,Caleb,1610612742,DAL,30,8,4,4,0.5,1.70333333333333,0,0,0,0,0,0,0,0,0,0,1,1,0,0,0,0,0,1,0,0,-12,1.2,0,0,1,173,148,200,165,331,274,309,274,163,248,163,220,231,220,193,225,251,220,195,158,128,1,108,255,291,325,311,145,17,308,1
Players,1642285,Cam Spencer,Cam,1610612763,MEM,25,13,7,6,0.538,20.5716666666667,4,7,0.571,2,2,1,0,0,0,2,3,5,5,1,0,0,2,1,0,10,4,22.5,1,0,22,61,55,281,154,184,113,145,68,58,160,1,220,231,220,64,128,114,41,118,158,128,352,108,255,136,121,137,82,17,130,1
Players,1630560,Cam Thomas,Cam,1610612751,BKN,24,3,0,3,0,8.98666666666667,2,9,0.222,1,4,0.25,0,0,0,0,0,0,0,0,0,0,1,2,1,5,-7,5,0,0,6,291,349,155,349,265,170,122,252,97,103,124,220,231,220,193,279,296,220,195,158,128,269,171,188,204,286,276,145,17,253,1
Players,1641715,Cam Whitmore,Cam,1610612764,WAS,21,4,1,3,0.25,12.805,1,2,0.5,0,1,0,2,3,0.667,0,2,2,0,1,0,0,0,2,2,4,-10,5.4,0,0,6,267,289,155,320,244,216,248,92,163,200,163,133,137,152,193,172,206,220,118,158,128,1,171,143,217,308,267,145,17,253,1
Players,1629661,Cameron Johnson,Cameron,1610612743,DEN,29,10,4,6,0.4,43.785,1,7,0.143,1,5,0.2,5,6,0.833,0,5,5,2,0,1,1,1,3,3,8,-17,23,0,0,20,124,148,281,252,71,216,145,269,97,85,139,71,78,105,193,77,114,107,195,73,48,269,222,114,159,357,133,145,17,142,1
Players,1627747,Caris LeVert,Caris,1610612765,DET,31,11,6,5,0.545,30.12,5,13,0.385,3,10,0.3,3,6,0.5,0,5,5,1,2,2,2,0,2,5,16,9,33.5,0,0,33,107,87,245,151,132,93,74,184,35,26,116,115,78,183,193,77,114,155,63,32,21,1,171,72,95,72,85,145,17,85,1
Players,1641717,Cason Wallace,Cason,1610612760,OKC,22,10,7,3,0.7,36.4266666666667,3,6,0.5,3,6,0.5,0,0,0,4,2,6,1,2,3,0,0,4,1,9,31,24.7,0,0,25,124,55,155,77,104,131,163,92,35,69,31,220,231,220,26,172,90,155,63,12,128,1,263,188,150,16,123,145,17,116,1
Players,1642907,Cedric Coward,Cedric,1610612763,MEM,22,15,8,7,0.533,51.5916666666667,7,22,0.318,2,9,0.222,5,10,0.5,4,11,15,4,3,0,2,2,3,5,21,8,48,4,0,46,39,38,314,162,48,56,42,221,58,37,137,71,51,183,26,14,20,57,33,158,21,352,222,72,66,85,61,31,17,58,1
Players,1642404,Chaz Lanier,Chaz,1610612765,DET,24,2,2,0,1,0.155,0,0,0,0,0,0,0,0,0,0,0,0,0,0,0,0,0,0,0,0,5,0,0,0,0,314,239,1,1,381,274,309,274,163,248,163,220,231,220,193,279,296,220,195,158,128,1,1,255,291,109,324,145,17,325,1
Players,1631096,Chet Holmgren,Chet,1610612760,OKC,23,10,8,2,0.8,40.0733333333333,6,12,0.5,3,5,0.6,12,15,0.8,5,7,12,0,0,0,1,2,7,8,27,42,44.4,2,0,44,124,38,105,45,83,73,89,92,35,85,24,25,25,122,16,53,33,220,195,158,48,352,347,35,43,6,64,53,17,62,1
Players,1628449,Chris Boucher,Chris,1610612738,BOS,32,1,0,1,0,0.533333333333333,0,0,0,0,0,0,0,0,0,0,0,0,0,0,0,0,0,0,0,0,-2,0,0,0,0,349,349,42,349,365,274,309,274,163,248,163,220,231,220,193,279,296,220,195,158,128,1,1,255,291,204,324,145,17,325,1
Players,1641753,Chris Livingston,Chris,1610612739,CLE,22,1,0,1,0,0.0333333333333333,0,0,0,0,0,0,0,0,0,0,0,0,0,0,0,0,0,0,0,0,0,0,0,0,0,349,349,42,349,386,274,309,274,163,248,163,220,231,220,193,279,296,220,195,158,128,1,1,255,291,166,324,145,17,325,1
Players,1631128,Christian Braun,Christian,1610612743,DEN,24,2,0,2,0,13.1816666666667,0,1,0,0,1,0,0,0,0,0,1,1,0,1,0,1,0,2,0,0,-16,3.2,0,0,3,314,349,105,349,239,274,270,274,163,200,163,220,231,220,193,225,251,220,118,158,48,1,171,255,291,353,287,145,17,286,1
Players,1631132,Christian Koloko,Christian,1610612763,MEM,25,1,0,1,0,0,0,0,0,0,0,0,0,0,0,0,0,0,0,0,0,0,0,0,0,0,0,0,0,0,0,349,349,42,349,393,274,309,274,163,248,163,220,231,220,193,279,296,220,195,158,128,1,1,255,291,166,324,145,17,325,1
Players,1629632,Coby White,Coby,1610612741,CHI,25,10,7,3,0.7,41.5366666666667,13,26,0.5,5,9,0.556,16,21,0.762,0,3,3,6,4,1,0,3,6,12,47,16,58.6,0,0,63,124,55,155,77,78,22,31,92,12,37,29,12,11,134,193,128,170,27,22,73,128,375,323,13,16,40,35,145,17,28,1
Players,1642262,Cody Williams,Cody,1610612762,UTA,21,2,1,1,0.5,5.17166666666667,1,3,0.333,0,1,0,0,0,0,0,0,0,0,0,0,0,0,3,0,2,10,2,0,0,2,314,289,42,165,295,216,225,198,163,200,163,220,231,220,193,279,296,220,195,158,128,1,222,255,255,65,299,145,17,293,1
Players,1630175,Cole Anthony,Cole,1610612749,MIL,25,3,3,0,1,5.63,3,4,0.75,0,1,0,0,0,0,0,0,0,1,1,1,0,0,3,0,6,14,9.5,0,0,9,291,199,1,1,287,131,203,28,163,200,163,220,231,220,193,279,296,155,118,73,128,1,222,255,178,45,229,145,17,229,1
Players,1631221,Collin Gillespie,Collin,1610612756,PHX,26,12,6,6,0.5,42.76,7,15,0.467,4,8,0.5,4,4,1,1,4,5,6,2,2,0,0,2,4,22,9,41,1,0,41,78,87,281,165,74,56,63,134,23,47,31,87,109,1,106,103,114,27,63,32,128,1,171,86,60,72,70,82,17,69,1
Players,1642867,Collin Murray-Boyles,Collin,1610612761,TOR,20,1,1,0,1,0.483333333333333,0,0,0,0,0,0,0,0,0,0,0,0,0,0,0,0,0,0,0,0,-2,0,0,0,0,349,289,1,1,369,274,309,274,163,248,163,220,231,220,193,279,296,220,195,158,128,1,1,255,291,204,324,145,17,325,1
Players,1629012,Collin Sexton,Collin,1610612766,CHA,26,6,1,5,0.167,22.8533333333333,3,9,0.333,2,4,0.5,1,1,1,1,0,1,0,2,0,0,1,3,2,9,5,8.2,0,0,12,219,289,245,341,167,131,122,198,58,103,31,180,212,1,106,279,251,220,63,158,128,269,222,143,150,109,243,145,17,199,1
Players,1642843,Cooper Flagg,Cooper,1610612742,DAL,19,23,10,13,0.435,102.233333333333,21,44,0.477,2,7,0.286,24,29,0.828,6,21,27,10,3,2,2,4,8,20,68,-3,124.4,2,0,115,2,14,392,237,1,5,5,132,58,58,118,6,6,116,12,1,1,8,33,32,21,390,361,5,5,233,3,53,17,4,1
Players,1630557,Corey Kispert,Corey,1610612764,WAS,26,2,0,2,0,5.395,0,0,0,0,0,0,0,0,0,0,1,1,1,0,0,0,0,0,0,0,-4,2.7,0,0,2,314,349,105,349,291,274,309,274,163,248,163,220,231,220,193,225,251,155,195,158,128,1,1,255,291,245,292,145,17,293,1
Players,1641854,Craig Porter Jr.,Craig,1610612739,CLE,25,1,0,1,0,0.683333333333333,0,0,0,0,0,0,0,0,0,0,0,0,0,0,0,0,0,0,0,0,-4,0,0,0,0,349,349,42,349,360,274,309,274,163,248,163,220,231,220,193,279,296,220,195,158,128,1,1,255,291,245,324,145,17,325,1
Players,1626156,D'Angelo Russell,D'Angelo,1610612742,DAL,29,7,2,5,0.286,24.03,6,19,0.316,1,8,0.125,6,9,0.667,0,1,1,2,3,0,0,0,2,6,19,-13,20.2,1,0,23,192,239,245,313,160,73,49,222,97,47,153,60,56,152,193,225,251,107,33,158,128,1,171,56,76,335,151,82,17,127,1
Players,1642261,Dalton Knecht,Dalton,1610612747,LAL,24,2,2,0,1,1.65666666666667,0,0,0,0,0,0,0,0,0,0,0,0,0,0,0,0,0,0,0,0,-2,0,0,0,0,314,239,1,1,333,274,309,274,163,248,163,220,231,220,193,279,296,220,195,158,128,1,1,255,291,204,324,145,17,325,1
Players,1629655,Daniel Gafford,Daniel,1610612742,DAL,27,15,4,11,0.267,53.46,8,12,0.667,0,0,0,9,11,0.818,9,8,17,2,2,2,5,1,9,9,25,-7,67.4,1,0,58,39,148,388,318,43,46,89,39,163,248,163,40,46,117,3,39,13,107,63,32,1,269,372,27,53,286,26,82,17,32,1
Players,1642450,Daniss Jenkins,Daniss,1610612765,DET,24,8,6,2,0.75,21.8266666666667,3,9,0.333,2,4,0.5,5,8,0.625,0,4,4,2,0,0,0,1,3,6,13,5,20.8,1,0,21,173,87,105,57,172,131,122,198,58,103,31,71,60,170,193,103,140,107,195,158,128,269,222,56,116,109,146,82,17,138,1
Players,1642874,Danny Wolf,Danny,1610612751,BKN,21,3,1,2,0.333,5.525,1,2,0.5,0,0,0,1,2,0.5,0,1,1,0,0,0,0,0,0,1,3,-3,4.2,0,0,4,291,289,105,279,288,216,248,92,163,248,163,180,157,183,193,225,251,220,195,158,128,1,1,188,235,233,280,145,17,277,1
Players,203967,Dario Šarić,Dario,1610612758,SAC,31,1,1,0,1,1.45,0,0,0,0,0,0,0,0,0,0,0,0,1,0,0,0,0,0,0,0,5,1.5,0,0,1,349,289,1,1,341,274,309,274,163,248,163,220,231,220,193,279,296,155,195,158,128,1,1,255,291,109,308,145,17,308,1
Players,1629636,Darius Garland,Darius,1610612739,CLE,25,8,1,7,0.125,30.0283333333333,3,15,0.2,1,5,0.2,3,4,0.75,1,5,6,6,4,0,1,0,1,2,10,-18,25.2,2,0,25,173,289,314,346,133,131,63,256,97,85,139,115,109,135,106,77,90,27,22,158,48,1,108,143,136,362,119,53,17,116,1
Players,1630558,Davion Mitchell,Davion,1610612748,MIA,27,14,7,7,0.5,43.55,2,5,0.4,0,3,0,2,3,0.667,0,5,5,7,3,1,0,0,5,4,6,-6,22.5,1,0,20,52,55,314,165,73,170,181,165,163,127,163,133,137,152,193,77,114,20,33,73,128,1,303,86,178,272,137,82,17,142,1
Players,1630549,Day'Ron Sharpe,Day'Ron,1610612751,BKN,24,1,0,1,0,0.316666666666667,0,0,0,0,0,0,0,0,0,0,0,0,0,0,0,0,0,0,0,0,-2,0,0,0,0,349,349,42,349,374,274,309,274,163,248,163,220,231,220,193,279,296,220,195,158,128,1,1,255,291,204,324,145,17,325,1
Players,1628368,De'Aaron Fox,De'Aaron,1610612759,SAS,28,10,8,2,0.8,34.3166666666667,8,22,0.364,3,9,0.333,11,11,1,1,2,3,4,3,1,0,1,5,7,30,35,39.6,2,0,42,124,38,105,45,114,46,42,192,35,37,87,30,46,1,106,172,170,57,33,73,128,269,303,43,38,13,74,53,17,67,1
Players,1629631,De'Andre Hunter,De'Andre,1610612739,CLE,28,12,5,7,0.417,32.0883333333333,5,12,0.417,0,3,0,6,7,0.857,1,3,4,2,2,1,0,1,8,6,16,-15,24.8,0,0,24,78,116,314,245,121,93,89,157,163,127,163,60,67,95,106,128,140,107,63,73,128,269,361,56,95,348,122,145,17,122,1
Players,1629001,De'Anthony Melton,De'Anthony,1610612744,GSW,27,5,1,4,0.2,11.51,0,4,0,0,1,0,2,2,1,0,0,0,0,1,2,1,1,2,0,2,-18,10,0,0,8,246,289,200,330,250,274,203,274,163,200,163,133,157,1,193,279,296,220,118,32,48,269,171,255,255,362,227,145,17,240,1
Players,201942,DeMar DeRozan,DeMar,1610612758,SAC,36,14,7,7,0.5,57.73,9,23,0.391,1,3,0.333,28,30,0.933,1,3,4,6,1,2,0,0,4,22,47,-10,65.8,0,0,62,52,55,314,165,36,40,39,179,97,127,87,5,5,82,106,128,140,27,118,32,128,1,263,4,16,308,28,145,17,29,1
Players,1629731,Dean Wade,Dean,1610612739,CLE,29,12,4,8,0.333,32.0866666666667,1,5,0.2,0,2,0,1,1,1,1,5,6,3,0,0,0,1,5,4,3,-19,14.7,0,0,12,78,148,344,279,122,216,181,256,163,160,163,180,212,1,106,77,90,78,195,158,128,269,303,86,235,369,185,145,17,199,1
Players,1629028,Deandre Ayton,Deandre,1610612747,LAL,27,7,7,0,1,21.51,2,3,0.667,0,0,0,2,2,1,2,4,6,1,0,1,2,0,2,1,6,11,23.7,6,0,19,192,55,1,1,174,170,225,39,163,248,163,133,157,1,64,103,90,155,195,73,21,1,171,188,178,60,129,19,17,146,1
Players,1630166,Deni Avdija,Deni,1610612757,POR,24,21,10,11,0.476,82.6533333333333,19,40,0.475,2,10,0.2,22,27,0.815,2,14,16,15,8,1,2,3,20,19,62,-5,104.7,8,2,101,3,14,388,215,3,8,8,133,58,26,139,7,7,120,64,9,16,2,4,73,21,375,395,7,7,258,7,9,4,7,1
Players,203471,Dennis Schröder,Dennis,1610612758,SAC,32,10,6,4,0.6,36.4816666666667,8,14,0.571,3,7,0.429,6,6,1,2,6,8,2,1,2,0,1,3,6,25,-9,42.6,2,0,42,124,87,200,110,102,46,70,68,35,58,65,60,78,1,64,68,66,107,118,32,128,269,222,56,53,301,66,53,17,67,1
Players,1641726,Dereck Lively II,Dereck,1610612742,DAL,21,3,2,1,0.667,5.465,0,0,0,0,0,0,0,0,0,0,0,0,0,0,1,1,0,2,0,0,5,6,0,0,4,291,239,42,87,289,274,309,274,163,248,163,220,231,220,193,279,296,220,195,73,48,1,171,255,291,109,264,145,17,277,1
Players,1642852,Derik Queen,Derik,1610612740,NOP,21,13,4,9,0.308,49.1216666666667,7,19,0.368,0,3,0,8,12,0.667,2,11,13,3,6,3,2,3,6,7,22,-25,51.1,5,1,48,61,148,361,307,56,56,49,191,163,127,163,49,37,152,64,14,29,78,11,12,21,375,323,43,60,386,56,27,9,54,1
Players,1627884,Derrick Jones Jr.,Derrick,1610612746,LAC,28,4,2,2,0.5,24.7133333333333,1,3,0.333,0,1,0,4,4,1,0,3,3,1,1,1,1,1,2,2,6,4,16.1,0,0,14,267,239,105,165,153,216,225,198,163,200,163,87,109,1,193,128,170,155,118,73,48,269,171,143,178,121,175,145,17,184,1
Players,1628401,Derrick White,Derrick,1610612738,BOS,31,16,7,9,0.438,44.6233333333333,11,21,0.524,8,14,0.571,8,10,0.8,0,0,0,6,3,2,0,0,6,5,38,-8,50,1,0,56,24,55,361,233,69,30,45,90,2,10,27,49,51,122,193,279,296,27,33,32,128,1,323,72,27,294,58,82,17,33,1
Players,1630217,Desmond Bane,Desmond,1610612753,ORL,27,15,10,5,0.667,68.7183333333333,12,37,0.324,3,13,0.231,16,16,1,4,10,14,13,2,1,2,4,7,10,43,12,86.3,0,0,79,39,14,245,87,21,27,11,219,35,14,136,12,20,1,26,23,25,5,63,73,21,390,347,24,20,53,13,145,17,15,1
Players,1626164,Devin Booker,Devin,1610612756,PHX,29,13,7,6,0.538,45.36,17,31,0.548,2,13,0.154,22,26,0.846,2,6,8,7,2,0,0,1,11,16,58,18,76.1,3,0,75,61,55,281,154,66,11,16,78,58,14,149,7,8,101,64,68,66,20,63,158,128,269,387,9,10,33,16,40,17,18,1
Players,1630170,Devin Vassell,Devin,1610612759,SAS,25,15,11,4,0.733,40.62,5,11,0.455,4,10,0.4,6,7,0.857,2,2,4,0,2,0,1,0,4,4,20,26,25.8,0,0,30,39,7,200,71,82,93,102,142,23,26,69,60,67,95,64,172,140,220,63,158,48,1,263,86,71,24,117,145,17,94,1
Players,1628415,Dillon Brooks,Dillon,1610612756,PHX,29,12,8,4,0.667,38.7433333333333,7,16,0.438,1,5,0.2,3,5,0.6,0,5,5,2,2,2,0,1,9,3,18,20,31,0,0,30,78,38,200,87,91,56,60,149,97,85,139,115,95,174,193,77,114,107,63,32,128,269,372,114,79,28,102,145,17,94,1
Players,1627734,Domantas Sabonis,Domantas,1610612758,SAC,29,4,2,2,0.5,13.8333333333333,2,3,0.667,0,1,0,1,3,0.333,2,4,6,0,2,0,0,0,2,2,5,-21,10.2,4,0,11,267,239,105,165,232,170,225,39,163,200,163,180,137,214,64,103,90,220,63,158,128,1,171,143,204,376,225,31,17,210,1
Players,1631230,Dominick Barlow,Dominick,1610612755,PHI,22,7,4,3,0.571,33.385,2,7,0.286,0,2,0,2,4,0.5,2,3,5,1,0,0,1,0,1,4,6,-5,16.5,0,0,14,192,148,155,129,118,170,145,231,163,160,163,133,109,183,64,128,114,155,195,158,48,1,108,86,178,258,173,145,17,184,1
Players,1642270,Donovan Clingan,Donovan,1610612757,POR,21,16,8,8,0.5,42.325,7,8,0.875,0,0,0,4,11,0.364,7,11,18,3,3,3,1,1,3,7,18,12,53.1,6,0,47,24,38,344,165,75,56,131,24,163,248,163,87,46,213,7,14,9,78,33,12,48,269,222,43,79,53,48,19,17,56,1
Players,1628378,Donovan Mitchell,Donovan,1610612739,CLE,29,16,6,10,0.375,50.56,16,41,0.39,6,19,0.316,5,7,0.714,3,8,11,1,1,4,0,1,6,6,43,-6,68.7,1,0,69,24,87,379,265,50,13,7,181,6,3,113,71,67,146,41,39,39,155,118,6,128,269,323,56,20,272,24,82,17,23,1
Players,1628978,Donte DiVincenzo,Donte,1610612750,MIN,28,15,8,7,0.533,53.8216666666667,6,17,0.353,5,11,0.455,6,7,0.857,2,5,7,5,4,5,0,1,12,6,23,15,49.9,1,0,50,39,38,314,162,42,73,57,195,12,23,63,60,67,95,64,77,79,41,22,3,128,269,390,56,56,41,59,82,17,49,1
Players,203926,Doug McDermott,Doug,1610612758,SAC,33,1,1,0,1,1.40333333333333,0,0,0,0,0,0,0,0,0,0,0,0,0,0,0,0,0,0,0,0,4,0,0,0,0,349,289,1,1,342,274,309,274,163,248,163,220,231,220,193,279,296,220,195,158,128,1,1,255,291,121,324,145,17,325,1
Players,1642962,Drake Powell,Drake,1610612751,BKN,20,1,0,1,0,1.03333333333333,0,0,0,0,0,0,0,0,0,0,0,0,0,0,0,0,0,1,0,0,0,0,0,0,0,349,349,42,349,346,274,309,274,163,248,163,220,231,220,193,279,296,220,195,158,128,1,108,255,291,166,324,145,17,325,1
Players,203110,Draymond Green,Draymond,1610612744,GSW,35,12,4,8,0.333,41.06,3,4,0.75,0,0,0,0,0,0,1,8,9,7,2,1,1,0,6,1,6,-29,31.3,0,0,26,78,148,344,279,80,131,203,28,163,248,163,220,231,220,106,39,56,20,63,73,48,1,323,188,178,389,95,145,17,111,1
Players,1629234,Drew Eubanks,Drew,1610612758,SAC,28,4,4,0,1,2.86,0,0,0,0,0,0,0,0,0,0,1,1,0,0,0,0,0,0,0,0,8,1.2,0,0,1,267,148,1,1,314,274,309,274,163,248,163,220,231,220,193,225,251,220,195,158,128,1,1,255,291,85,311,145,17,308,1
Players,1641809,Drew Peterson,Drew,1610612766,CHA,26,1,0,1,0,0.95,0,1,0,0,1,0,0,0,0,1,0,1,0,0,0,0,0,0,0,0,-1,1.2,0,0,1,349,349,42,349,354,274,270,274,163,200,163,220,231,220,106,279,251,220,195,158,128,1,1,255,291,193,311,145,17,308,1
Players,1630696,Dru Smith,Dru,1610612748,MIA,27,3,1,2,0.333,1.14,0,0,0,0,0,0,0,0,0,0,0,0,0,0,0,0,0,0,0,0,-2,0,0,0,0,291,289,105,279,344,274,309,274,163,248,163,220,231,220,193,279,296,220,195,158,128,1,1,255,291,204,324,145,17,325,1
Players,1629130,Duncan Robinson,Duncan,1610612765,DET,31,17,13,4,0.765,41.7683333333333,4,10,0.4,3,8,0.375,2,2,1,0,4,4,1,2,2,1,1,1,4,13,50,26.3,0,0,27,16,1,200,56,77,113,110,165,35,47,78,133,157,1,193,103,140,155,63,32,48,269,108,86,116,3,116,145,17,106,1
Players,203939,Dwight Powell,Dwight,1610612742,DAL,34,6,2,4,0.333,13.5383333333333,0,1,0,0,0,0,3,5,0.6,1,2,3,1,0,1,0,0,4,3,3,-3,11.1,0,0,9,219,239,200,279,235,274,270,274,163,248,163,115,95,174,106,172,170,155,195,73,128,1,263,114,235,233,220,145,17,229,1
Players,1642928,Dylan Cardwell,Dylan,1610612758,SAC,24,6,3,3,0.5,11.4,1,3,0.333,0,0,0,2,4,0.5,0,1,1,0,0,1,1,0,3,2,4,-3,11.2,0,0,9,219,199,155,165,251,216,225,198,163,248,163,133,109,183,193,225,251,220,195,73,48,1,222,143,217,233,218,145,17,229,1
Players,1642844,Dylan Harper,Dylan,1610612759,SAS,19,5,4,1,0.8,12.925,3,6,0.5,0,1,0,2,2,1,1,1,2,0,1,0,0,1,0,1,8,-12,9.4,0,0,10,246,148,42,45,241,131,163,92,163,200,163,133,157,1,106,225,206,220,118,158,128,269,1,188,159,325,230,145,17,216,1
Players,1630700,Dyson Daniels,Dyson,1610612737,ATL,22,18,9,9,0.5,70.3616666666667,10,16,0.625,0,0,0,2,3,0.667,6,9,15,8,2,1,1,1,7,5,22,-17,56,2,0,49,13,21,361,165,19,34,60,52,163,248,163,133,137,152,12,29,20,15,63,73,48,269,347,72,60,357,41,53,17,52,1
Players,1642856,Egor Dëmin,Egor,1610612751,BKN,19,6,2,4,0.333,8.23333333333333,1,6,0.167,1,3,0.333,0,0,0,0,0,0,0,0,0,0,2,1,0,3,-6,3,0,0,4,219,239,200,279,270,216,163,265,97,127,87,220,231,220,193,279,296,220,195,158,128,352,108,255,235,272,290,145,17,277,1
Players,1641989,Elijah Harkless,Elijah,1610612762,UTA,25,2,1,1,0.5,2.16833333333333,0,0,0,0,0,0,0,0,0,0,0,0,0,1,0,0,0,1,1,0,2,-1,0,0,0,314,289,42,165,322,274,309,274,163,248,163,220,231,220,193,279,296,220,118,158,128,1,108,188,291,141,394,145,17,325,1
Players,1630679,Ethan Thompson,Ethan,1610612754,IND,26,2,1,1,0.5,4.21666666666667,0,0,0,0,0,0,2,3,0.667,3,0,3,0,0,0,0,0,1,1,2,9,5.6,0,0,5,314,289,42,165,303,274,309,274,163,248,163,133,137,152,41,279,170,220,195,158,128,1,108,188,255,72,265,145,17,270,1
Players,1630596,Evan Mobley,Evan,1610612739,CLE,24,16,6,10,0.375,43.98,8,13,0.615,2,4,0.5,9,11,0.818,7,11,18,4,3,1,1,0,5,6,27,-7,57.6,7,0,55,24,87,379,265,70,46,74,57,58,103,31,40,46,117,7,14,9,57,33,73,48,1,303,56,43,286,37,14,17,37,1
Players,1630532,Franz Wagner,Franz,1610612753,ORL,24,12,7,5,0.583,50.1233333333333,10,25,0.4,3,10,0.3,13,15,0.867,2,7,9,2,0,1,0,2,6,8,36,8,52.8,0,0,52,78,55,245,121,53,34,35,165,35,26,116,20,25,94,64,53,56,107,195,73,128,352,323,35,32,85,51,145,17,43,1
Players,1641713,GG Jackson,GG,1610612763,MEM,21,1,0,1,0,4.22166666666667,0,1,0,0,1,0,0,0,0,0,0,0,0,0,0,0,0,0,0,0,-2,0,0,0,0,349,349,42,349,302,274,270,274,163,200,163,220,231,220,193,279,296,220,195,158,128,1,1,255,291,204,324,145,17,325,1
Players,1629216,Gabe Vincent,Gabe,1610612747,LAL,29,2,2,0,1,1.46333333333333,0,0,0,0,0,0,0,0,0,0,0,0,0,0,0,0,0,0,0,0,2,0,0,0,0,314,239,1,1,340,274,309,274,163,248,163,220,231,220,193,279,296,220,195,158,128,1,1,255,291,141,324,145,17,325,1
Players,1629726,Garrison Mathews,Garrison,1610612754,IND,29,2,0,2,0,2.42333333333333,0,0,0,0,0,0,0,0,0,0,0,0,0,0,0,0,0,1,0,0,-10,0,0,0,0,314,349,105,349,319,274,309,274,163,248,163,220,231,220,193,279,296,220,195,158,128,1,108,255,291,308,324,145,17,325,1
Players,203914,Gary Harris,Gary,1610612749,MIL,31,1,1,0,1,1.74833333333333,0,0,0,0,0,0,0,0,0,0,0,0,0,0,0,0,0,0,0,0,-2,0,0,0,0,349,289,1,1,329,274,309,274,163,248,163,220,231,220,193,279,296,220,195,158,128,1,1,255,291,204,324,145,17,325,1
Players,1627780,Gary Payton II,Gary,1610612744,GSW,33,12,6,6,0.5,17.49,4,7,0.571,1,3,0.333,0,0,0,0,3,3,2,1,0,0,0,2,0,9,-10,14.6,1,0,15,78,87,281,165,200,113,145,68,97,127,87,220,231,220,193,128,170,107,118,158,128,1,171,255,150,308,186,82,17,177,1
Players,1629018,Gary Trent Jr.,Gary,1610612749,MIL,26,11,5,6,0.455,39.3766666666667,3,10,0.3,3,8,0.375,3,5,0.6,0,1,1,0,3,1,0,1,6,3,12,-9,13.2,0,0,18,107,116,281,225,88,131,110,226,35,47,78,115,95,174,193,225,251,220,33,73,128,269,323,114,120,301,201,145,17,156,1
Players,203507,Giannis Antetokounmpo,Giannis,1610612749,MIL,31,11,6,5,0.545,45.1416666666667,12,26,0.462,0,2,0,14,21,0.667,8,9,17,6,8,2,1,1,6,15,38,-4,68.4,6,0,67,107,87,245,151,68,27,31,139,163,160,163,18,11,152,6,29,13,27,4,32,48,269,323,10,27,245,25,19,17,25,1
Players,1629048,Goga Bitadze,Goga,1610612753,ORL,26,7,4,3,0.571,5.84,0,0,0,0,0,0,0,0,0,0,1,1,0,0,0,0,0,1,1,0,-10,1.2,0,0,1,192,148,155,129,286,274,309,274,163,248,163,220,231,220,193,225,251,220,195,158,128,1,108,188,291,308,311,145,17,308,1
Players,1641711,Gradey Dick,Gradey,1610612761,TOR,22,1,1,0,1,0.616666666666667,0,0,0,0,0,0,0,0,0,0,1,1,0,0,0,0,0,0,0,0,0,1.2,0,0,1,349,289,1,1,363,274,309,274,163,248,163,220,231,220,193,225,251,220,195,158,128,1,1,255,291,166,311,145,17,308,1
Players,1628960,Grayson Allen,Grayson,1610612756,PHX,30,7,4,3,0.571,24.2566666666667,3,7,0.429,1,4,0.25,7,9,0.778,0,3,3,5,0,0,0,1,4,7,14,9,25.1,0,0,23,192,148,155,129,155,131,145,151,97,103,124,54,56,132,193,128,170,41,195,158,128,269,263,43,111,72,120,145,17,127,1
Players,1630611,Gui Santos,Gui,1610612744,GSW,23,2,1,1,0.5,6.93,2,3,0.667,0,1,0,1,2,0.5,0,1,1,0,0,0,0,0,2,2,5,9,6.2,0,0,6,314,289,42,165,278,170,225,39,163,200,163,180,157,183,193,225,251,220,195,158,128,1,171,143,204,72,263,145,17,253,1
Players,203084,Harrison Barnes,Harrison,1610612759,SAS,33,15,12,3,0.8,39.7783333333333,5,11,0.455,2,5,0.4,4,4,1,0,2,2,3,0,1,2,1,4,2,16,54,31.9,0,0,29,39,2,155,45,86,93,102,142,58,85,69,87,109,1,193,172,206,78,195,73,21,269,263,143,95,2,92,145,17,97,1
Players,1630529,Herbert Jones,Herbert,1610612740,NOP,27,10,3,7,0.3,38.385,3,5,0.6,0,0,0,0,0,0,0,3,3,2,0,3,1,1,8,1,6,-22,24.6,0,0,19,124,199,314,309,92,131,181,60,163,248,163,220,231,220,193,128,170,107,195,12,48,269,361,188,178,380,124,145,17,146,1
Players,1642864,Hugo González,Hugo,1610612738,BOS,19,4,2,2,0.5,8.54833333333333,0,1,0,0,1,0,0,0,0,1,2,3,0,1,0,0,0,1,0,0,1,2.6,0,0,3,267,239,105,165,268,274,270,274,163,200,163,220,231,220,106,172,170,220,118,158,128,1,108,255,291,152,294,145,17,286,1
Players,1630193,Immanuel Quickley,Immanuel,1610612761,TOR,26,16,11,5,0.688,45.2,9,20,0.45,6,12,0.5,3,5,0.6,1,4,5,3,1,2,0,0,2,3,27,3,42.5,2,0,45,24,7,245,84,67,40,47,146,6,19,31,115,95,174,106,103,114,78,118,32,128,1,171,114,43,129,67,53,17,61,1
Players,1630171,Isaac Okoro,Isaac,1610612741,CHI,24,12,7,5,0.583,39.725,3,6,0.5,0,1,0,0,0,0,1,2,3,1,0,1,1,1,7,0,6,-17,17.1,0,0,14,78,55,245,121,87,131,163,92,163,200,163,220,231,220,106,172,170,155,195,73,48,269,347,255,178,357,168,145,17,184,1
Players,1642268,Isaiah Collier,Isaiah,1610612762,UTA,21,7,4,3,0.571,39.9316666666667,5,7,0.714,0,0,0,2,2,1,1,7,8,8,4,0,0,0,6,1,12,13,29.6,1,0,28,192,148,155,129,84,93,145,35,163,248,163,133,157,1,106,53,66,15,22,158,128,1,323,188,120,49,107,82,17,102,1
Players,1628392,Isaiah Hartenstein,Isaiah,1610612760,OKC,27,9,6,3,0.667,38.1383333333333,4,5,0.8,0,0,0,1,3,0.333,7,6,13,1,0,1,0,0,3,3,9,17,29.1,3,0,25,145,87,155,87,96,113,181,27,163,248,163,180,137,214,7,68,29,155,195,73,128,1,222,114,150,37,109,40,17,116,1
Players,1630543,Isaiah Jackson,Isaiah,1610612754,IND,23,6,2,4,0.333,15.3466666666667,1,1,1,0,0,0,4,4,1,1,3,4,0,0,0,0,0,2,2,6,9,10.8,2,0,10,219,239,200,279,218,216,270,1,163,248,163,87,109,1,106,128,140,220,195,158,128,1,171,143,178,72,221,53,17,216,1
Players,1630198,Isaiah Joe,Isaiah,1610612760,OKC,26,4,3,1,0.75,5.21666666666667,1,3,0.333,1,3,0.333,1,2,0.5,0,1,1,0,0,0,0,0,0,1,4,10,5.2,0,0,6,267,199,42,57,294,216,225,198,97,127,87,180,157,183,193,225,251,220,195,158,128,1,1,188,217,65,275,145,17,253,1
Players,1630191,Isaiah Stewart,Isaiah,1610612765,DET,24,12,7,5,0.583,25.5766666666667,0,3,0,0,0,0,1,2,0.5,1,2,3,1,0,0,2,1,3,1,1,14,12.1,2,0,9,78,55,245,121,150,274,225,274,163,248,163,180,157,183,106,172,170,155,195,158,21,269,222,188,285,45,209,53,17,229,1
Players,1627826,Ivica Zubac,Ivica,1610612746,LAC,28,12,2,10,0.167,48.7416666666667,6,10,0.6,0,0,0,11,14,0.786,3,11,14,4,2,1,0,1,8,10,23,-16,46.8,8,0,43,78,239,379,341,58,73,110,60,163,248,163,30,28,131,41,14,25,57,63,73,128,269,361,24,56,353,63,9,17,66,1
Players,1629630,Ja Morant,Ja,1610612763,MEM,26,7,2,5,0.286,17.4483333333333,5,13,0.385,1,4,0.25,5,6,0.833,0,1,1,2,3,1,0,0,0,4,16,-13,20.2,2,0,22,192,239,245,313,201,93,74,184,97,103,124,71,78,105,193,225,251,107,33,73,128,1,1,86,95,335,151,53,17,130,1
Players,1642266,Ja'Kobe Walter,Ja'Kobe,1610612761,TOR,21,4,3,1,0.75,15.9866666666667,1,2,0.5,1,2,0.5,0,0,0,1,1,2,0,0,0,0,0,2,3,3,5,5.4,0,0,6,267,199,42,57,212,216,248,92,97,160,31,220,231,220,106,225,206,220,195,158,128,1,171,114,235,109,267,145,17,253,1
Players,1631095,Jabari Smith Jr.,Jabari,1610612745,HOU,22,12,5,7,0.417,76.8516666666667,11,27,0.407,6,15,0.4,5,6,0.833,2,17,19,1,2,3,1,2,11,6,33,-11,67.3,5,0,67,78,116,314,245,9,30,26,164,6,9,69,71,78,105,64,3,7,155,63,12,48,352,387,56,36,321,27,27,17,25,1
Players,1631133,Jabari Walker,Jabari,1610612755,PHI,23,4,2,2,0.5,4.90666666666667,0,0,0,0,0,0,0,0,0,0,2,2,0,0,0,0,0,0,0,0,-4,2.4,0,0,2,267,239,105,165,300,274,309,274,163,248,163,220,231,220,193,172,206,220,195,158,128,1,1,255,291,245,297,145,17,293,1
Players,1630702,Jaden Hardy,Jaden,1610612742,DAL,23,3,1,2,0.333,1.72666666666667,0,0,0,0,0,0,0,0,0,0,0,0,0,0,0,0,0,0,0,0,-3,0,0,0,0,291,289,105,279,330,274,309,274,163,248,163,220,231,220,193,279,296,220,195,158,128,1,1,255,291,233,324,145,17,325,1
Players,1631093,Jaden Ivey,Jaden,1610612765,DET,23,1,0,1,0,0.35,0,0,0,0,0,0,0,0,0,0,0,0,0,0,0,0,0,0,0,0,0,0,0,0,0,349,349,42,349,373,274,309,274,163,248,163,220,231,220,193,279,296,220,195,158,128,1,1,255,291,166,324,145,17,325,1
Players,1630183,Jaden McDaniels,Jaden,1610612750,MIN,25,13,6,7,0.462,60.43,7,13,0.538,1,3,0.333,6,6,1,2,7,9,4,4,3,0,0,9,3,21,7,42.8,0,0,41,61,87,314,224,29,56,74,80,97,127,87,60,78,1,64,53,56,57,22,12,128,1,372,114,66,95,65,145,17,69,1
Players,1630256,Jae'Sean Tate,Jae'Sean,1610612745,HOU,30,1,0,1,0,0.85,0,0,0,0,0,0,0,0,0,0,0,0,0,0,0,0,0,0,0,0,-6,0,0,0,0,349,349,42,349,355,274,309,274,163,248,163,220,231,220,193,279,296,220,195,158,128,1,1,255,291,272,324,145,17,325,1
Players,1631170,Jaime Jaquez Jr.,Jaime,1610612748,MIA,24,9,5,4,0.556,30.9683333333333,6,10,0.6,0,0,0,9,10,0.9,1,4,5,6,1,0,1,0,2,6,21,0,38,2,0,34,145,116,200,142,127,73,110,60,163,248,163,40,51,88,106,103,114,27,118,158,48,1,171,56,66,166,79,53,17,81,1
Players,1631222,Jake LaRavia,Jake,1610612747,LAL,24,9,9,0,1,17.6566666666667,2,4,0.5,0,2,0,1,1,1,2,2,4,1,2,0,0,0,1,1,5,27,9.3,0,0,10,145,21,1,1,198,170,203,92,163,160,163,180,212,1,64,172,140,155,63,158,128,1,108,188,204,22,233,145,17,216,1
Players,1627751,Jakob Poeltl,Jakob,1610612761,TOR,30,9,7,2,0.778,26.8666666666667,5,6,0.833,0,0,0,1,1,1,3,3,6,0,0,0,1,0,2,3,11,-2,21.2,1,0,19,145,55,105,53,140,93,163,26,163,248,163,180,212,1,41,128,90,220,195,158,48,1,171,114,128,204,143,82,17,146,1
Players,1628973,Jalen Brunson,Jalen,1610612752,NYK,29,12,7,5,0.583,32.7683333333333,9,23,0.391,4,8,0.5,4,5,0.8,0,3,3,4,4,0,0,0,8,3,26,-5,31.6,1,0,37,78,55,245,121,120,40,39,179,23,47,31,87,95,122,193,128,170,57,22,158,128,1,361,114,49,258,93,82,17,74,1
Players,1631105,Jalen Duren,Jalen,1610612765,DET,22,17,11,6,0.647,65.68,6,15,0.4,0,0,0,10,12,0.833,12,11,23,3,5,1,1,5,16,8,22,39,55.1,10,0,52,16,7,281,101,22,73,63,165,163,248,163,34,37,105,2,14,4,78,16,73,48,392,393,35,60,9,43,4,17,43,1
Players,1630552,Jalen Johnson,Jalen,1610612737,ATL,24,19,9,10,0.474,74.97,18,34,0.529,5,10,0.5,15,18,0.833,2,11,13,18,6,6,3,2,4,11,56,-11,119.6,14,4,110,7,21,379,216,13,9,15,88,12,26,31,15,17,105,64,14,29,1,11,1,6,352,263,19,11,321,5,1,2,6,1
Players,1630188,Jalen Smith,Jalen,1610612741,CHI,25,6,4,2,0.667,8.16166666666667,1,2,0.5,0,1,0,0,0,0,1,3,4,0,0,0,0,0,0,0,2,-2,6.8,1,0,6,219,148,105,87,271,216,248,92,163,200,163,220,231,220,106,128,140,220,195,158,128,1,1,255,255,204,259,82,17,253,1
Players,1630591,Jalen Suggs,Jalen,1610612753,ORL,24,9,5,4,0.556,33.145,7,13,0.538,0,4,0,2,2,1,1,7,8,5,3,2,1,1,4,5,16,28,39.1,0,0,35,145,116,200,142,119,56,74,80,163,103,163,133,157,1,106,53,66,41,33,32,48,269,263,72,95,21,76,145,17,79,1
Players,1631114,Jalen Williams,Jalen,1610612760,OKC,24,5,3,2,0.6,14.6366666666667,3,10,0.3,1,3,0.333,3,4,0.75,1,2,3,3,0,1,0,0,1,2,10,13,21.1,0,0,19,246,199,105,110,223,131,110,226,97,127,87,115,109,135,106,172,170,78,195,73,128,1,108,143,136,49,145,145,17,146,1
Players,1630592,Jalen Wilson,Jalen,1610612751,BKN,25,2,1,1,0.5,1.68333333333333,0,0,0,0,0,0,0,0,0,0,0,0,0,0,0,0,0,1,0,0,-1,0,0,0,0,314,289,42,165,332,274,309,274,163,248,163,220,231,220,193,279,296,220,195,158,128,1,108,255,291,193,324,145,17,325,1
Players,1627750,Jamal Murray,Jamal,1610612743,DEN,28,12,5,7,0.417,58.0533333333333,14,27,0.519,3,8,0.375,9,13,0.692,1,1,2,8,6,2,2,0,7,9,40,-12,60.4,6,0,61,78,116,314,245,34,17,26,91,35,47,78,40,34,151,106,225,206,15,11,32,21,1,347,27,25,325,31,19,17,31,1
Players,1642347,Jamal Shead,Jamal,1610612761,TOR,23,13,9,4,0.692,27.52,1,7,0.143,0,5,0,2,2,1,0,2,2,5,0,1,0,0,3,3,4,9,16.9,0,0,13,61,21,200,82,137,216,145,269,163,85,163,133,157,1,193,172,206,41,195,73,128,1,222,114,217,72,170,145,17,194,1
Players,201935,James Harden,James,1610612746,LAC,36,12,2,10,0.167,49.7116666666667,12,31,0.387,7,18,0.389,20,20,1,3,9,12,4,8,3,0,3,5,10,51,-23,72.4,6,2,80,78,239,379,341,55,27,16,183,4,5,76,10,14,1,41,29,33,57,4,12,128,375,303,24,13,383,20,19,4,14,1
Players,1642364,Jamir Watkins,Jamir,1610612764,WAS,24,1,0,1,0,3.25,0,0,0,0,0,0,0,0,0,1,0,1,0,0,0,0,0,0,0,0,-6,1.2,0,0,1,349,349,42,349,311,274,309,274,163,248,163,220,231,220,106,279,251,220,195,158,128,1,1,255,291,272,311,145,17,308,1
Players,1642419,Jamison Battle,Jamison,1610612761,TOR,24,3,2,1,0.667,4.51666666666667,2,2,1,1,1,1,0,0,0,0,0,0,0,0,0,0,0,0,0,5,8,5,0,0,6,291,239,42,87,301,170,248,1,97,200,1,220,231,220,193,279,296,220,195,158,128,1,1,255,204,85,276,145,17,253,1
Players,1641716,Jarace Walker,Jarace,1610612754,IND,22,8,1,7,0.125,31.135,4,10,0.4,0,6,0,0,0,0,2,4,6,4,1,0,0,0,6,0,8,-13,20.2,0,0,18,173,289,314,346,126,113,110,165,163,69,163,220,231,220,64,103,90,57,118,158,128,1,323,255,159,335,151,145,17,156,1
Players,1642272,Jared McCain,Jared,1610612755,PHI,21,4,3,1,0.75,16.7783333333333,2,3,0.667,1,1,1,1,1,1,0,3,3,0,3,0,0,0,1,1,6,-11,6.6,0,0,10,267,199,42,57,204,170,225,39,97,200,1,180,212,1,193,128,170,220,33,158,128,1,108,188,178,321,260,145,17,216,1
Players,1628991,Jaren Jackson Jr.,Jaren,1610612763,MEM,26,16,7,9,0.438,45.6733333333333,6,24,0.25,1,9,0.111,9,12,0.75,3,8,11,4,3,3,3,3,10,9,22,5,56.2,1,0,50,24,55,361,233,64,73,38,239,97,37,157,40,37,135,41,39,39,57,33,12,6,375,384,27,60,109,40,82,17,49,1
Players,1629020,Jarred Vanderbilt,Jarred,1610612747,LAL,26,2,2,0,1,1.63166666666667,0,0,0,0,0,0,0,0,0,0,1,1,1,0,0,0,0,0,0,0,5,2.7,0,0,2,314,239,1,1,334,274,309,274,163,248,163,220,231,220,193,225,251,155,195,158,128,1,1,255,291,109,292,145,17,293,1
Players,1628386,Jarrett Allen,Jarrett,1610612739,CLE,27,8,3,5,0.375,17.695,2,6,0.333,0,1,0,2,2,1,4,0,4,0,0,1,0,1,2,1,6,-19,13.8,1,0,12,173,199,245,265,197,170,163,198,163,200,163,133,157,1,26,279,140,220,195,73,128,269,171,188,178,369,195,82,17,199,1
Players,1642859,Jase Richardson,Jase,1610612753,ORL,20,1,0,1,0,2.105,0,0,0,0,0,0,0,0,0,0,0,0,0,0,0,0,0,0,1,0,-2,0,0,0,0,349,349,42,349,325,274,309,274,163,248,163,220,231,220,193,279,296,220,195,158,128,1,1,188,291,204,324,145,17,325,1
Players,1642914,Javon Small,Javon,1610612763,MEM,23,1,1,0,1,0.0333333333333333,0,0,0,0,0,0,0,0,0,0,0,0,0,0,0,0,0,0,0,0,0,0,0,0,0,349,289,1,1,386,274,309,274,163,248,163,220,231,220,193,279,296,220,195,158,128,1,1,255,291,166,324,145,17,325,1
Players,1629750,Javonte Green,Javonte,1610612765,DET,32,12,9,3,0.75,29.3683333333333,1,5,0.2,0,4,0,2,2,1,1,3,4,3,0,3,2,0,4,1,4,20,28.3,1,0,21,78,21,155,57,134,216,181,256,163,103,163,133,157,1,106,128,140,78,195,12,21,1,263,188,217,28,111,82,17,138,1
Players,1629637,Jaxson Hayes,Jaxson,1610612747,LAL,25,3,3,0,1,0.64,1,1,1,0,0,0,0,0,0,0,0,0,0,0,0,0,0,0,0,2,7,2,0,0,2,291,199,1,1,362,216,270,1,163,248,163,220,231,220,193,279,296,220,195,158,128,1,1,255,255,95,299,145,17,293,1
Players,1630643,Jay Huff,Jay,1610612754,IND,28,7,2,5,0.286,16.5616666666667,1,1,1,0,0,0,1,2,0.5,0,4,4,0,1,1,4,0,1,2,3,2,21.8,0,0,17,192,239,245,313,207,216,270,1,163,248,163,180,157,183,193,103,140,220,118,73,4,1,108,143,235,141,140,145,17,163,1
Players,1627759,Jaylen Brown,Jaylen,1610612738,BOS,29,17,8,9,0.471,45.385,14,29,0.483,4,9,0.444,10,17,0.588,1,5,6,6,10,2,1,1,8,11,42,-9,57.2,3,1,64,16,38,361,219,65,17,21,130,23,37,64,34,19,179,106,77,90,27,1,32,48,269,361,19,23,301,39,40,9,27,1
Players,1641740,Jaylen Clark,Jaylen,1610612750,MIN,24,9,5,4,0.556,0.998333333333333,0,0,0,0,0,0,0,0,0,0,0,0,0,0,0,0,0,1,0,0,-13,0,0,0,0,145,116,200,142,349,274,309,274,163,248,163,220,231,220,193,279,296,220,195,158,128,1,108,255,291,335,324,145,17,325,1
Players,1642377,Jaylen Wells,Jaylen,1610612763,MEM,22,17,8,9,0.471,58.1066666666667,6,13,0.462,1,5,0.2,4,5,0.8,0,2,2,2,2,0,0,1,7,5,17,-2,20.4,0,0,22,16,38,361,219,33,73,74,139,97,85,139,87,95,122,193,172,206,107,63,158,128,269,347,72,84,204,148,145,17,130,1
Players,1631119,Jaylin Williams,Jaylin,1610612760,OKC,23,6,4,2,0.667,8.89,1,3,0.333,0,2,0,1,1,1,0,3,3,1,0,0,0,0,0,2,3,21,8.1,0,0,7,219,148,105,87,266,216,225,198,163,160,163,180,212,1,193,128,170,155,195,158,128,1,1,143,235,27,246,145,17,247,1
Players,1642281,Jaylon Tyson,Jaylon,1610612739,CLE,23,10,3,7,0.3,30.6616666666667,4,11,0.364,2,4,0.5,5,6,0.833,4,4,8,2,0,1,0,0,5,5,15,-12,30.6,2,0,29,124,199,314,309,130,113,102,192,58,103,31,71,78,105,26,103,66,107,195,73,128,1,303,72,104,325,104,53,17,97,1
Players,203924,Jerami Grant,Jerami,1610612757,POR,31,16,7,9,0.438,59.5866666666667,13,23,0.565,6,13,0.462,20,22,0.909,1,3,4,2,4,1,2,0,8,12,52,-12,64.8,0,0,70,24,55,361,233,31,22,39,74,6,14,61,10,10,86,106,128,140,107,22,73,21,1,361,13,12,325,30,145,17,22,1
Players,1642847,Jeremiah Fears,Jeremiah,1610612740,NOP,19,11,2,9,0.182,30.7333333333333,2,8,0.25,0,3,0,4,5,0.8,1,1,2,2,1,2,0,2,6,4,8,-46,18.4,0,0,16,107,239,361,338,129,170,131,239,163,127,163,87,95,122,106,225,206,107,118,32,128,352,323,86,159,393,162,145,17,168,1
Players,1630526,Jeremiah Robinson-Earl,Jeremiah,1610612754,IND,25,2,0,2,0,2.575,0,1,0,0,1,0,0,0,0,1,0,1,0,0,0,0,0,0,0,0,-2,1.2,0,0,1,314,349,105,349,316,274,270,274,163,200,163,220,231,220,106,279,251,220,195,158,128,1,1,255,291,204,311,145,17,308,1
Players,1631110,Jeremy Sochan,Jeremy,1610612759,SAS,22,5,4,1,0.8,5.36,1,1,1,0,0,0,0,2,0,0,1,1,0,1,0,0,0,1,1,2,-15,2.2,0,0,3,246,148,42,45,292,216,270,1,163,248,163,220,157,220,193,225,251,220,118,158,128,1,108,188,255,348,298,145,17,286,1
Players,1630579,Jericho Sims,Jericho,1610612749,MIL,27,3,1,2,0.333,4.06666666666667,1,1,1,0,0,0,1,1,1,1,1,2,0,0,0,0,0,1,1,3,6,5.4,1,0,5,291,289,105,279,305,216,270,1,163,248,163,180,212,1,106,225,206,220,195,158,128,1,108,188,235,102,267,82,17,270,1
Players,1641724,Jett Howard,Jett,1610612753,ORL,22,2,1,1,0.5,0.181666666666667,0,0,0,0,0,0,0,0,0,0,0,0,0,0,0,0,0,0,0,0,3,0,0,0,0,314,289,42,165,379,274,309,274,163,248,163,220,231,220,193,279,296,220,195,158,128,1,1,255,291,129,324,145,17,325,1
Players,1628975,Jevon Carter,Jevon,1610612741,CHI,30,1,1,0,1,0.85,0,0,0,0,0,0,0,0,0,0,0,0,0,0,0,0,0,0,0,0,3,0,0,0,0,349,289,1,1,355,274,309,274,163,248,163,220,231,220,193,279,296,220,195,158,128,1,1,255,291,129,324,145,17,325,1
Players,202710,Jimmy Butler III,Jimmy,1610612744,GSW,36,13,5,8,0.385,50.6683333333333,8,18,0.444,3,3,1,4,6,0.667,5,1,6,9,1,2,1,3,2,8,23,-15,51.7,2,0,47,61,116,344,261,49,46,53,148,35,127,1,87,78,152,16,225,90,11,118,32,48,375,171,35,56,348,53,53,17,56,1
Players,1629111,Jock Landale,Jock,1610612763,MEM,30,11,4,7,0.364,13.31,4,7,0.571,4,6,0.667,0,0,0,3,3,6,1,0,0,1,0,0,2,12,-9,23.7,2,0,25,107,148,314,272,238,113,145,68,23,69,17,220,231,220,41,128,90,155,195,158,48,1,1,143,120,301,129,53,17,116,1
Players,204060,Joe Ingles,Joe,1610612750,MIN,38,4,2,2,0.5,0.271666666666667,0,0,0,0,0,0,0,0,0,0,0,0,0,0,0,0,0,0,0,0,4,0,0,0,0,267,239,105,165,376,274,309,274,163,248,163,220,231,220,193,279,296,220,195,158,128,1,1,255,291,121,324,145,17,325,1
Players,203954,Joel Embiid,Joel,1610612755,PHI,31,8,2,6,0.25,30.8933333333333,4,12,0.333,1,3,0.333,1,1,1,1,8,9,2,3,3,3,0,3,1,10,6,38.8,1,0,34,173,239,281,320,128,113,89,198,97,127,87,180,212,1,106,39,56,107,33,12,6,1,222,188,136,102,77,82,17,81,1
Players,1628381,John Collins,John,1610612746,LAC,28,9,1,8,0.111,23.4766666666667,2,2,1,1,1,1,3,3,1,0,2,2,0,0,0,1,0,3,2,8,-26,13.4,0,0,13,145,289,344,348,163,170,248,1,97,200,1,115,137,1,193,172,206,220,195,158,48,1,222,143,159,388,198,145,17,194,1
Players,1629723,John Konchar,John,1610612763,MEM,29,3,1,2,0.333,0.703333333333333,0,0,0,0,0,0,0,0,0,0,0,0,0,0,0,0,0,0,0,0,-4,0,0,0,0,291,289,105,279,359,274,309,274,163,248,163,220,231,220,193,279,296,220,195,158,128,1,1,255,291,245,324,145,17,325,1
Players,1642277,Johnny Furphy,Johnny,1610612754,IND,21,1,0,1,0,0.418333333333333,0,0,0,0,0,0,0,0,0,0,0,0,0,0,0,0,0,0,0,0,-6,0,0,0,0,349,349,42,349,372,274,309,274,163,248,163,220,231,220,193,279,296,220,195,158,128,1,1,255,291,272,324,145,17,325,1
Players,1630548,Johnny Juzang,Johnny,1610612750,MIN,24,1,0,1,0,0.04,0,0,0,0,0,0,0,0,0,0,0,0,0,0,0,0,0,0,0,0,0,0,0,0,0,349,349,42,349,385,274,309,274,163,248,163,220,231,220,193,279,296,220,195,158,128,1,1,255,291,166,324,145,17,325,1
Players,202685,Jonas Valančiūnas,Jonas,1610612743,DEN,33,3,1,2,0.333,1.00666666666667,0,1,0,0,0,0,0,0,0,0,0,0,0,0,0,0,1,1,0,0,3,0,0,0,0,291,289,105,279,348,274,270,274,163,248,163,220,231,220,193,279,296,220,195,158,128,269,108,255,291,129,324,145,17,325,1
Players,1628371,Jonathan Isaac,Jonathan,1610612753,ORL,28,9,7,2,0.778,2.29666666666667,1,1,1,0,0,0,0,0,0,0,0,0,0,0,0,0,0,1,0,2,-1,2,0,0,2,145,55,105,53,320,216,270,1,163,248,163,220,231,220,193,279,296,220,195,158,128,1,108,255,255,193,299,145,17,293,1
Players,1630228,Jonathan Kuminga,Jonathan,1610612744,GSW,23,5,2,3,0.4,15.6983333333333,1,5,0.2,0,1,0,0,0,0,1,0,1,0,0,0,0,0,0,0,2,-13,3.2,0,0,3,246,239,155,252,216,216,181,256,163,200,163,220,231,220,106,279,251,220,195,158,128,1,1,255,255,335,287,145,17,286,1
Players,203903,Jordan Clarkson,Jordan,1610612752,NYK,33,4,3,1,0.75,2.15,0,1,0,0,1,0,0,0,0,0,0,0,0,0,0,0,0,0,0,0,2,0,0,0,0,267,199,42,57,323,274,270,274,163,200,163,220,231,220,193,279,296,220,195,158,128,1,1,255,291,141,324,145,17,325,1
Players,1630692,Jordan Goodwin,Jordan,1610612756,PHX,27,7,4,3,0.571,16.39,2,4,0.5,1,3,0.333,1,2,0.5,1,0,1,1,0,1,0,0,2,1,6,-2,11.7,0,0,11,192,148,155,129,208,170,203,92,97,127,87,180,157,183,106,279,251,155,195,73,128,1,171,188,178,204,212,145,17,210,1
Players,1641722,Jordan Hawkins,Jordan,1610612740,NOP,23,3,0,3,0,0.438333333333333,0,1,0,0,1,0,0,0,0,0,0,0,0,0,0,0,0,0,0,0,0,0,0,0,0,291,349,155,349,371,274,270,274,163,200,163,220,231,220,193,279,296,220,195,158,128,1,1,255,291,166,324,145,17,325,1
Players,1629673,Jordan Poole,Jordan,1610612740,NOP,26,8,4,4,0.5,23.9883333333333,5,12,0.417,0,5,0,2,2,1,1,2,3,2,1,0,0,1,3,2,12,-12,17.6,0,0,17,173,148,200,165,162,93,89,157,163,85,163,133,157,1,106,172,170,107,118,158,128,269,222,143,120,325,165,145,17,163,1
Players,1641775,Jordan Walsh,Jordan,1610612738,BOS,21,8,6,2,0.75,20.2566666666667,2,2,1,1,1,1,1,1,1,1,4,5,2,0,1,0,0,4,1,6,-1,18,1,0,16,173,87,105,57,187,170,248,1,97,200,1,180,212,1,106,103,114,107,195,73,128,1,263,188,178,193,164,82,17,168,1
Players,1630631,Jose Alvarado,Jose,1610612740,NOP,27,9,4,5,0.444,38.1433333333333,3,8,0.375,3,7,0.429,2,2,1,1,3,4,7,2,0,0,1,6,3,11,-6,24.3,0,0,25,145,148,245,226,95,131,131,188,35,58,65,133,157,1,106,128,140,20,63,158,128,269,323,114,128,272,126,145,17,116,1
Players,1630581,Josh Giddey,Josh,1610612741,CHI,23,19,12,7,0.632,78.3316666666667,14,30,0.467,3,7,0.429,10,14,0.714,5,19,24,14,5,1,2,2,4,9,41,-1,94.8,13,4,88,7,2,314,106,8,17,19,134,35,58,65,34,28,146,16,2,2,3,16,73,21,352,263,27,24,193,9,2,2,11,1
Players,1630182,Josh Green,Josh,1610612766,CHA,25,1,0,1,0,0.966666666666667,0,0,0,0,0,0,0,0,0,0,0,0,0,0,0,0,0,0,0,0,0,0,0,0,0,349,349,42,349,351,274,309,274,163,248,163,220,231,220,193,279,296,220,195,158,128,1,1,255,291,166,324,145,17,325,1
Players,1628404,Josh Hart,Josh,1610612752,NYK,30,8,3,5,0.375,18.5783333333333,1,4,0.25,0,1,0,0,0,0,2,4,6,4,0,2,0,1,2,0,2,-12,21.2,3,0,16,173,199,245,265,194,216,203,239,163,200,163,220,231,220,64,103,90,57,195,32,128,269,171,255,255,325,143,40,17,168,1
Players,1631169,Josh Minott,Josh,1610612738,BOS,23,7,4,3,0.571,6.16666666666667,0,0,0,0,0,0,0,2,0,0,1,1,0,0,0,0,0,1,1,0,-8,1.2,0,0,1,192,148,155,129,281,274,309,274,163,248,163,220,157,220,193,225,251,220,195,158,128,1,108,188,291,294,311,145,17,308,1
Players,1629006,Josh Okogie,Josh,1610612745,HOU,27,12,5,7,0.417,25.4483333333333,0,3,0,0,3,0,4,4,1,2,4,6,0,0,1,1,0,4,3,4,-38,17.2,0,0,14,78,116,314,245,151,274,225,274,163,127,163,87,109,1,64,103,90,220,195,73,48,1,263,114,217,390,167,145,17,184,1
Players,201950,Jrue Holiday,Jrue,1610612757,POR,35,8,4,4,0.5,26.06,3,10,0.3,3,8,0.375,8,10,0.8,0,6,6,4,5,2,0,1,4,5,17,-5,31.2,3,0,34,173,148,200,165,145,131,110,226,35,47,78,49,51,122,193,68,90,57,16,32,128,269,263,72,84,258,97,40,17,81,1
Players,1630577,Julian Champagnie,Julian,1610612759,SAS,24,12,9,3,0.75,35.87,5,8,0.625,4,6,0.667,1,3,0.333,0,9,9,3,1,1,0,0,4,2,15,37,32.3,1,0,33,78,21,155,57,108,93,131,52,23,69,17,180,137,214,193,29,56,78,118,73,128,1,263,143,104,11,90,82,17,85,1
Players,1641763,Julian Phillips,Julian,1610612741,CHI,22,1,0,1,0,0.966666666666667,0,0,0,0,0,0,0,0,0,0,0,0,0,0,0,0,0,0,0,0,-4,0,0,0,0,349,349,42,349,351,274,309,274,163,248,163,220,231,220,193,279,296,220,195,158,128,1,1,255,291,245,324,145,17,325,1
Players,203944,Julius Randle,Julius,1610612750,MIN,31,16,9,7,0.563,61.265,6,18,0.333,0,6,0,15,16,0.938,3,8,11,9,9,2,1,1,9,11,27,27,53.7,2,0,53,24,21,314,141,27,73,53,198,163,69,163,15,20,81,41,39,39,11,2,32,48,269,372,19,43,22,44,53,17,40,1
Players,1630551,Justin Champagnie,Justin,1610612764,WAS,24,5,1,4,0.2,2.13666666666667,0,1,0,0,1,0,0,0,0,0,0,0,0,0,0,0,0,2,0,0,-8,0,0,0,0,246,289,200,330,324,274,270,274,163,200,163,220,231,220,193,279,296,220,195,158,128,1,171,255,291,294,324,145,17,325,1
Players,1642348,Justin Edwards,Justin,1610612755,PHI,22,4,4,0,1,16.1216666666667,4,8,0.5,2,6,0.333,0,0,0,1,1,2,1,0,0,0,0,0,0,10,15,13.9,0,0,15,267,148,1,1,210,113,131,92,58,69,87,220,231,220,106,225,206,155,195,158,128,1,1,255,136,41,193,145,17,177,1
Players,203994,Jusuf Nurkić,Jusuf,1610612762,UTA,31,11,6,5,0.545,28.825,2,5,0.4,0,0,0,2,4,0.5,3,6,9,0,3,0,2,1,6,4,6,10,19.8,5,0,19,107,87,245,151,136,170,181,165,163,248,163,133,109,183,41,68,56,220,33,158,21,269,323,86,178,65,157,27,17,146,1
Players,1626157,Karl-Anthony Towns,Karl-Anthony,1610612752,NYK,30,12,6,6,0.5,26.6633333333333,2,7,0.286,1,4,0.25,4,6,0.667,5,6,11,1,1,0,0,1,4,4,9,0,22.7,8,0,22,78,87,281,165,141,170,145,231,97,103,124,87,78,152,16,68,39,155,118,158,128,269,263,86,150,166,134,9,17,130,1
Players,1631255,Karlo Matković,Karlo,1610612740,NOP,24,2,2,0,1,0.571666666666667,0,0,0,0,0,0,0,0,0,0,0,0,0,0,0,0,0,0,0,0,1,0,0,0,0,314,239,1,1,364,274,309,274,163,248,163,220,231,220,193,279,296,220,195,158,128,1,1,255,291,152,324,145,17,325,1
Players,202695,Kawhi Leonard,Kawhi,1610612746,LAC,34,7,1,6,0.143,19.8783333333333,6,15,0.4,2,7,0.286,4,4,1,0,3,3,2,2,0,1,0,3,3,18,-2,25.6,0,0,27,192,289,281,344,189,73,63,165,58,58,118,87,109,1,193,128,170,107,63,158,48,1,222,114,79,204,118,145,17,106,1
Players,1630811,Keaton Wallace,Keaton,1610612737,ATL,26,1,0,1,0,3.97833333333333,0,0,0,0,0,0,0,0,0,0,0,0,0,0,0,0,0,0,0,0,-10,0,0,0,0,349,349,42,349,307,274,309,274,163,248,163,220,231,220,193,279,296,220,195,158,128,1,1,255,291,308,324,145,17,325,1
Players,1631099,Keegan Murray,Keegan,1610612758,SAC,25,7,3,4,0.429,37.1883333333333,3,12,0.25,1,5,0.2,1,2,0.5,2,1,3,0,1,4,0,1,2,1,8,3,22.6,1,0,20,192,199,200,238,97,131,89,239,97,85,139,180,157,183,64,225,170,220,118,6,128,269,171,188,159,129,135,82,17,142,1
Players,1642276,Kel'el Ware,Kel'el,1610612748,MIA,21,7,4,3,0.571,18.8883333333333,4,6,0.667,1,1,1,0,0,0,2,5,7,0,0,0,1,0,3,0,9,-2,20.4,6,0,19,192,148,155,129,192,113,163,39,97,200,1,220,231,220,64,77,79,220,195,158,48,1,222,255,150,204,148,19,17,146,1
Players,1629640,Keldon Johnson,Keldon,1610612759,SAS,26,8,6,2,0.75,17.575,3,4,0.75,1,2,0.5,4,4,1,0,5,5,1,0,0,0,0,0,2,11,11,18.5,1,0,18,173,87,105,57,199,131,203,28,97,160,31,87,109,1,193,77,114,155,195,158,128,1,1,143,128,60,161,82,17,156,1
Players,203482,Kelly Olynyk,Kelly,1610612759,SAS,34,2,1,1,0.5,1.555,1,1,1,0,0,0,1,2,0.5,2,0,2,0,0,0,0,0,0,1,3,2,5.4,0,0,5,314,289,42,165,336,216,270,1,163,248,163,180,157,183,64,279,206,220,195,158,128,1,1,188,235,141,267,145,17,270,1
Players,1626162,Kelly Oubre Jr.,Kelly,1610612755,PHI,30,9,6,3,0.667,34.2166666666667,5,7,0.714,1,2,0.5,3,3,1,4,4,8,0,0,0,0,1,4,5,14,39,23.6,2,0,23,145,87,155,87,115,93,145,35,97,160,31,115,137,1,26,103,66,220,195,158,128,269,263,72,111,9,131,53,17,127,1
Players,203484,Kentavious Caldwell-Pope,Kentavious,1610612763,MEM,32,13,7,6,0.538,11.8483333333333,0,1,0,0,0,0,4,4,1,0,2,2,0,1,0,0,0,3,2,4,-4,5.4,0,0,6,61,55,281,154,248,274,270,274,163,248,163,87,109,1,193,172,206,220,118,158,128,1,222,143,217,245,267,145,17,253,1
Players,1631165,Keon Ellis,Keon,1610612758,SAC,25,6,3,3,0.5,8.77333333333333,0,1,0,0,0,0,0,0,0,0,0,0,0,0,1,0,0,5,0,0,-5,3,0,0,2,219,199,155,165,267,274,270,274,163,248,163,220,231,220,193,279,296,220,195,73,128,1,303,255,291,258,290,145,17,293,1
Players,201142,Kevin Durant,Kevin,1610612745,HOU,37,13,5,8,0.385,80.7866666666667,13,27,0.481,4,10,0.4,13,14,0.929,0,7,7,10,6,1,3,3,10,9,43,-20,72.4,1,0,72,61,116,344,261,5,22,26,131,23,26,69,20,28,83,193,53,79,8,11,73,6,375,384,27,20,373,20,82,17,20,1
Players,1628989,Kevin Huerter,Kevin,1610612741,CHI,27,15,9,6,0.6,38.3266666666667,3,13,0.231,1,8,0.125,3,4,0.75,1,7,8,3,2,2,0,2,4,3,10,18,28.1,0,0,26,39,21,281,110,93,131,74,251,97,47,153,115,109,135,106,53,66,78,63,32,128,352,263,114,136,33,112,145,17,111,1
Players,201567,Kevin Love,Kevin,1610612762,UTA,37,2,1,1,0.5,10.7533333333333,2,5,0.4,1,4,0.25,0,1,0,0,1,1,0,0,1,0,0,4,1,5,7,9.2,1,0,9,314,289,42,165,253,170,181,165,97,103,124,220,212,220,193,225,251,220,195,73,128,1,263,188,204,95,235,82,17,229,1
Players,1641755,Kevin McCullar Jr.,Kevin,1610612752,NYK,24,1,1,0,1,0.493333333333333,0,0,0,0,0,0,0,0,0,0,0,0,0,0,0,0,0,0,0,0,2,0,0,0,0,349,289,1,1,368,274,309,274,163,248,163,220,231,220,193,279,296,220,195,158,128,1,1,255,291,141,324,145,17,325,1
Players,1629645,Kevin Porter Jr.,Kevin,1610612749,MIL,25,4,2,2,0.5,11.3933333333333,0,2,0,0,1,0,0,0,0,0,2,2,2,0,0,1,0,0,0,0,2,8.4,2,0,6,267,239,105,165,252,274,248,274,163,200,163,220,231,220,193,172,206,107,195,158,48,1,1,255,291,141,240,53,17,253,1
Players,1641718,Keyonte George,Keyonte,1610612762,UTA,22,15,9,6,0.6,63.4333333333333,14,31,0.452,5,13,0.385,29,32,0.906,1,9,10,9,8,5,0,2,7,20,62,33,94.5,3,0,96,39,21,281,110,25,17,16,145,12,14,77,4,4,87,106,29,48,11,4,3,128,352,347,5,7,14,10,40,17,9,1
Players,203114,Khris Middleton,Khris,1610612764,WAS,34,7,4,3,0.571,20.3683333333333,5,8,0.625,2,3,0.667,2,3,0.667,1,2,3,1,2,0,1,0,3,3,14,-5,20.1,1,0,22,192,148,155,129,185,93,131,52,58,127,17,133,137,152,106,172,170,155,63,158,48,1,222,114,111,258,155,82,17,130,1
Players,202691,Klay Thompson,Klay,1610612742,DAL,35,13,4,9,0.308,25.8,3,10,0.3,3,8,0.375,1,2,0.5,0,3,3,0,1,1,0,0,6,2,10,10,15.6,0,0,18,61,148,361,307,146,131,110,226,35,47,78,180,157,183,193,128,170,220,118,73,128,1,323,143,136,65,181,145,17,156,1
Players,1641738,Kobe Brown,Kobe,1610612746,LAC,25,1,0,1,0,2.23333333333333,0,0,0,0,0,0,0,0,0,0,0,0,0,0,0,0,0,0,0,0,-3,0,0,0,0,349,349,42,349,321,274,309,274,163,248,163,220,231,220,193,279,296,220,195,158,128,1,1,255,291,233,324,145,17,325,1
Players,1642920,Kobe Sanders,Kobe,1610612746,LAC,23,4,1,3,0.25,9.19,0,3,0,0,2,0,4,4,1,0,2,2,0,1,0,0,0,2,2,4,-12,5.4,0,0,6,267,289,155,320,262,274,225,274,163,160,163,87,109,1,193,172,206,220,118,158,128,1,171,143,217,325,267,145,17,253,1
Players,1642851,Kon Knueppel,Kon,1610612766,CHA,20,11,4,7,0.364,52.065,10,25,0.4,4,13,0.308,4,4,1,3,7,10,5,2,2,0,1,7,4,28,3,51.5,1,0,51,107,148,314,272,46,34,35,165,23,14,115,87,109,1,41,53,48,41,63,32,128,269,347,86,42,129,55,82,17,46,1
Players,1627739,Kris Dunn,Kris,1610612746,LAC,31,11,2,9,0.182,27.1483333333333,1,6,0.167,0,5,0,0,0,0,1,0,1,1,0,1,0,0,4,1,2,-48,7.7,0,0,6,107,239,361,338,138,216,163,265,163,85,163,220,231,220,106,279,251,155,195,73,128,1,263,188,255,394,249,145,17,253,1
Players,1631200,Kris Murray,Kris,1610612757,POR,25,14,6,8,0.429,38.9616666666667,6,9,0.667,2,2,1,2,5,0.4,3,1,4,2,3,0,1,1,7,4,16,-10,23.8,0,0,26,52,87,344,238,89,73,122,39,58,160,1,133,95,212,41,225,140,107,33,158,48,269,347,86,95,308,128,145,17,111,1
Players,204001,Kristaps Porziņģis,Kristaps,1610612737,ATL,30,5,1,4,0.2,13.125,3,7,0.429,0,0,0,3,3,1,0,0,0,1,2,0,1,1,0,1,9,-2,11.5,1,0,12,246,289,200,330,240,131,145,151,163,248,163,115,137,1,193,279,296,155,63,158,48,269,1,188,150,204,214,82,17,199,1
Players,1642271,Kyle Filipowski,Kyle,1610612762,UTA,22,10,7,3,0.7,16.63,3,8,0.375,1,4,0.25,2,3,0.667,0,2,2,0,0,0,1,1,1,2,9,31,14.4,0,0,14,124,55,155,77,206,131,131,188,97,103,124,133,137,152,193,172,206,220,195,158,48,269,108,143,150,16,187,145,17,184,1
Players,1628398,Kyle Kuzma,Kyle,1610612749,MIL,30,12,5,7,0.417,36.8016666666667,7,13,0.538,1,5,0.2,0,2,0,1,2,3,3,0,1,1,1,6,1,15,-17,29.1,2,0,26,78,116,314,245,101,56,74,80,97,85,139,220,157,220,106,172,170,78,195,73,48,269,323,188,104,357,109,53,17,111,1
Players,200768,Kyle Lowry,Kyle,1610612755,PHI,39,1,0,1,0,0.025,0,0,0,0,0,0,0,0,0,0,0,0,0,0,0,0,0,0,0,0,0,0,0,0,0,349,349,42,349,388,274,309,274,163,248,163,220,231,220,193,279,296,220,195,158,128,1,1,255,291,166,324,145,17,325,1
Players,1642273,Kyshawn George,Kyshawn,1610612764,WAS,22,9,3,6,0.333,35.45,5,16,0.313,2,7,0.286,5,8,0.625,1,3,4,5,4,0,2,2,4,7,17,-14,31.3,2,0,32,145,199,281,279,110,93,60,224,58,58,118,71,60,170,106,128,140,41,22,158,21,352,263,43,84,344,95,53,17,88,1
Players,1630163,LaMelo Ball,LaMelo,1610612766,CHA,24,5,2,3,0.4,15.1833333333333,6,11,0.545,1,2,0.5,2,4,0.5,1,5,6,2,2,0,0,1,1,4,15,9,23.2,3,0,24,246,239,155,252,220,73,102,79,97,160,31,133,109,183,106,77,90,107,63,158,128,269,108,86,104,72,132,40,17,122,1
Players,1629013,Landry Shamet,Landry,1610612752,NYK,28,3,1,2,0.333,5.88166666666667,2,3,0.667,2,3,0.667,0,2,0,0,1,1,0,0,0,0,0,1,3,6,0,7.2,0,0,9,291,289,105,279,285,170,225,39,58,127,17,220,157,220,193,225,251,220,195,158,128,1,108,114,178,166,257,145,17,229,1
Players,1626204,Larry Nance Jr.,Larry,1610612739,CLE,32,1,1,0,1,0.0233333333333333,0,0,0,0,0,0,0,0,0,0,0,0,0,0,0,0,0,0,0,0,1,0,0,0,0,349,289,1,1,389,274,309,274,163,248,163,220,231,220,193,279,296,220,195,158,128,1,1,255,291,152,324,145,17,325,1
Players,1628374,Lauri Markkanen,Lauri,1610612762,UTA,28,13,9,4,0.692,53.935,15,30,0.5,4,10,0.4,13,14,0.929,3,12,15,2,4,1,4,1,2,11,47,41,79,2,0,78,61,21,200,82,41,14,19,92,23,26,69,20,28,83,41,10,20,107,22,73,4,269,171,19,16,7,15,53,17,16,1
Players,2544,LeBron James,LeBron,1610612747,LAL,40,5,5,0,1,13.8816666666667,6,8,0.75,2,3,0.667,3,5,0.6,0,3,3,3,0,1,1,1,0,2,17,8,31.1,1,0,29,246,116,1,1,231,73,131,28,58,127,17,115,95,174,193,128,170,78,195,73,48,269,1,143,84,85,100,82,17,97,1
Players,1642862,Liam McNeeley,Liam,1610612766,CHA,20,2,1,1,0.5,1.55,0,0,0,0,0,0,0,0,0,0,0,0,0,0,0,0,0,0,0,0,5,0,0,0,0,314,289,42,165,337,274,309,274,163,248,163,220,231,220,193,279,296,220,195,158,128,1,1,255,291,109,324,145,17,325,1
Players,1628366,Lonzo Ball,Lonzo,1610612739,CLE,28,10,4,6,0.4,26.245,1,5,0.2,1,3,0.333,3,4,0.75,1,4,5,2,1,1,0,1,1,2,6,13,17,0,0,16,124,148,281,252,144,216,181,256,97,127,87,115,109,135,106,103,114,107,118,73,128,269,108,143,178,49,169,145,17,168,1
Players,1629652,Luguentz Dort,Luguentz,1610612760,OKC,26,9,7,2,0.778,54.8,1,9,0.111,1,9,0.111,0,0,0,1,5,6,4,0,4,1,0,7,2,3,48,31.2,0,0,24,145,55,105,53,37,216,122,273,97,37,157,220,231,220,106,77,90,57,195,6,48,1,347,143,235,4,97,145,17,122,1
Players,1629029,Luka Dončić,Luka,1610612747,LAL,26,6,6,0,1,14.2083333333333,1,5,0.2,1,5,0.2,5,6,0.833,0,2,2,3,1,1,0,0,0,4,8,9,16.9,5,2,16,219,87,1,1,228,216,181,256,97,85,139,71,78,105,193,172,206,78,118,73,128,1,1,86,159,72,170,27,4,168,1
Players,1630568,Luka Garza,Luka,1610612738,BOS,27,4,2,2,0.5,5.93,1,1,1,0,0,0,0,0,0,1,1,2,0,0,0,0,0,0,0,2,-5,4.4,0,0,4,267,239,105,165,283,216,270,1,163,248,163,220,231,220,106,225,206,220,195,158,128,1,1,255,255,258,278,145,17,277,1
Players,1628379,Luke Kennard,Luke,1610612737,ATL,29,10,5,5,0.5,4.15,0,0,0,0,0,0,2,2,1,0,0,0,0,0,0,0,0,1,1,2,4,2,0,0,2,124,116,245,165,304,274,309,274,163,248,163,133,157,1,193,279,296,220,195,158,128,1,108,188,255,121,299,145,17,293,1
Players,1628436,Luke Kornet,Luke,1610612759,SAS,30,11,8,3,0.727,26.9583333333333,2,3,0.667,0,0,0,4,4,1,5,2,7,4,0,0,3,0,0,2,8,33,31.4,1,0,25,107,38,155,72,139,170,225,39,163,248,163,87,109,1,16,172,79,57,195,158,6,1,1,143,159,14,94,82,17,116,1
Players,1631103,Malaki Branham,Malaki,1610612764,WAS,22,1,1,0,1,0.466666666666667,0,0,0,0,0,0,0,0,0,0,0,0,0,0,0,0,0,0,0,0,-2,0,0,0,0,349,289,1,1,370,274,309,274,163,248,163,220,231,220,193,279,296,220,195,158,128,1,1,255,291,204,324,145,17,325,1
Players,1628370,Malik Monk,Malik,1610612758,SAC,27,7,4,3,0.571,17.7833333333333,2,11,0.182,0,3,0,4,4,1,1,2,3,1,0,1,0,1,1,6,8,6,16.1,0,0,14,192,148,155,129,196,170,102,263,163,127,163,87,109,1,106,172,170,155,195,73,128,269,108,56,159,102,175,145,17,184,1
Players,203935,Marcus Smart,Marcus,1610612747,LAL,31,6,6,0,1,8.11666666666667,1,2,0.5,0,0,0,5,6,0.833,1,3,4,1,2,0,0,1,2,3,7,9,11.3,0,0,12,219,87,1,1,273,216,248,92,163,248,163,71,78,105,106,128,140,155,63,158,128,269,171,114,174,72,217,145,17,199,1
Players,1631109,Mark Williams,Mark,1610612756,PHX,24,13,7,6,0.538,34.94,6,7,0.857,0,0,0,9,12,0.75,3,10,13,0,2,3,2,1,3,6,21,12,49.6,4,0,44,61,55,281,154,112,73,145,25,163,248,163,40,37,135,41,23,29,220,63,12,21,269,222,56,66,53,60,31,17,62,1
Players,1628963,Marvin Bagley III,Marvin,1610612764,WAS,26,6,2,4,0.333,10.0966666666667,2,5,0.4,0,0,0,0,0,0,5,1,6,1,1,0,0,1,1,1,4,-6,11.7,1,0,11,219,239,200,279,257,170,181,165,163,248,163,220,231,220,16,225,90,155,118,158,128,269,108,188,217,272,212,82,17,210,1
Players,203486,Mason Plumlee,Mason,1610612766,CHA,35,1,0,1,0,0.085,0,0,0,0,0,0,0,0,0,0,0,0,0,0,0,0,0,0,0,0,0,0,0,0,0,349,349,42,349,382,274,309,274,163,248,163,220,231,220,193,279,296,220,195,158,128,1,1,255,291,166,324,145,17,325,1
Players,1641824,Matas Buzelis,Matas,1610612741,CHI,21,16,10,6,0.625,48.11,6,13,0.462,3,5,0.6,4,8,0.5,1,2,3,1,0,0,1,2,4,4,19,0,27.1,1,0,28,24,14,281,107,59,73,74,139,35,85,24,87,60,183,106,172,170,155,195,158,48,352,263,86,76,166,114,82,17,102,1
Players,1631108,Max Christie,Max,1610612742,DAL,22,21,8,13,0.381,74.65,4,12,0.333,2,7,0.286,7,8,0.875,2,9,11,4,2,0,2,0,9,4,17,1,40.2,0,0,38,3,38,392,264,14,113,89,198,58,58,118,54,60,91,64,29,39,57,63,158,21,1,372,86,84,152,73,145,17,73,1
Players,1628467,Maxi Kleber,Maxi,1610612747,LAL,33,2,2,0,1,1.595,1,1,1,0,0,0,0,0,0,0,0,0,0,0,0,0,0,0,0,2,1,2,0,0,2,314,239,1,1,335,216,270,1,163,248,163,220,231,220,193,279,296,220,195,158,128,1,1,255,255,152,299,145,17,293,1
Players,1642875,Maxime Raynaud,Maxime,1610612758,SAC,22,6,2,4,0.333,20.1966666666667,2,4,0.5,0,1,0,2,2,1,1,5,6,0,1,1,0,0,4,2,6,-10,15.2,3,0,14,219,239,200,279,188,170,203,92,163,200,163,133,157,1,106,77,90,220,118,73,128,1,263,143,178,308,182,40,17,184,1
Players,1642877,Micah Peavy,Micah,1610612740,NOP,24,3,0,3,0,1.815,0,0,0,0,0,0,0,0,0,0,0,0,0,0,0,0,0,0,0,0,0,0,0,0,0,291,349,155,349,327,274,309,274,163,248,163,220,231,220,193,279,296,220,195,158,128,1,1,255,291,166,324,145,17,325,1
Players,1629008,Michael Porter Jr.,Michael,1610612751,BKN,27,10,3,7,0.3,21.3,5,10,0.5,2,6,0.333,2,2,1,1,7,8,0,2,0,0,0,1,3,14,-15,21.6,2,0,24,124,199,314,309,177,93,110,92,58,69,87,133,157,1,106,53,66,220,63,158,128,1,108,114,111,348,141,53,17,122,1
Players,1628969,Mikal Bridges,Mikal,1610612752,NYK,29,13,7,6,0.538,35.945,4,8,0.5,2,5,0.4,0,0,0,1,1,2,2,2,0,1,0,3,0,10,-5,16.4,1,0,18,61,55,281,154,107,113,131,92,58,85,69,220,231,220,106,225,206,107,63,158,48,1,222,255,136,258,174,82,17,156,1
Players,201144,Mike Conley,Mike,1610612750,MIN,38,9,5,4,0.556,15.98,2,2,1,2,2,1,5,5,1,0,1,1,3,1,0,0,0,5,2,11,5,15.7,0,0,17,145,116,200,142,213,170,248,1,58,160,1,71,95,1,193,225,251,78,118,158,128,1,303,143,128,109,180,145,17,163,1
Players,1628970,Miles Bridges,Miles,1610612766,CHA,27,11,4,7,0.364,52.2783333333333,13,28,0.464,4,12,0.333,4,6,0.667,3,5,8,5,1,1,0,0,3,5,34,8,53.1,1,0,53,107,148,314,272,45,22,22,138,23,19,87,87,78,152,41,77,66,41,118,73,128,1,222,72,34,85,48,82,17,40,1
Players,1630540,Miles McBride,Miles,1610612752,NYK,25,6,3,3,0.5,12.87,1,6,0.167,1,3,0.333,0,0,0,0,1,1,0,0,0,0,0,0,1,3,-8,4.2,0,0,5,219,199,155,165,243,216,163,265,97,127,87,220,231,220,193,225,251,220,195,158,128,1,1,188,235,294,280,145,17,270,1
Players,1629011,Mitchell Robinson,Mitchell,1610612752,NYK,27,6,4,2,0.667,5.05166666666667,0,0,0,0,0,0,0,4,0,1,5,6,1,1,0,0,0,0,3,0,-7,7.7,0,0,7,219,148,105,87,297,274,309,274,163,248,163,220,109,220,106,77,90,155,118,158,128,1,1,114,291,286,249,145,17,247,1
Players,1642885,Mohamed Diawara,Mohamed,1610612752,NYK,20,1,1,0,1,0.0733333333333333,0,0,0,0,0,0,0,0,0,0,0,0,0,0,0,0,0,0,0,0,0,0,0,0,0,349,289,1,1,384,274,309,274,163,248,163,220,231,220,193,279,296,220,195,158,128,1,1,255,291,166,324,145,17,325,1
Players,1630541,Moses Moody,Moses,1610612744,GSW,23,9,2,7,0.222,20.7666666666667,3,5,0.6,1,3,0.333,1,1,1,0,2,2,3,1,1,0,0,9,2,8,-17,16.9,0,0,16,145,239,314,327,182,131,181,60,97,127,87,180,212,1,193,172,206,78,118,73,128,1,372,143,159,357,170,145,17,168,1
Players,1631243,Mouhamed Gueye,Mouhamed,1610612737,ATL,23,8,5,3,0.625,0.986666666666667,0,0,0,0,0,0,0,0,0,0,2,2,0,0,1,0,0,1,0,0,-1,5.4,1,0,4,173,116,155,107,350,274,309,274,163,248,163,220,231,220,193,172,206,220,195,73,128,1,108,255,291,193,267,82,17,277,1
Players,1630619,Moussa Cisse,Moussa,1610612742,DAL,23,6,2,4,0.333,2.45666666666667,0,0,0,0,0,0,0,0,0,0,0,0,0,0,0,0,0,2,0,0,-6,0,0,0,0,219,239,200,279,318,274,309,274,163,248,163,220,231,220,193,279,296,220,195,158,128,1,171,255,291,272,324,145,17,325,1
Players,1631217,Moussa Diabaté,Moussa,1610612766,CHA,23,9,4,5,0.444,38.1883333333333,3,3,1,0,0,0,0,0,0,1,9,10,1,1,2,3,0,3,0,6,22,33.5,2,0,27,145,148,245,226,94,131,225,1,163,248,163,220,231,220,106,29,48,155,118,32,6,1,222,255,178,26,85,53,17,106,1
Players,1626167,Myles Turner,Myles,1610612749,MIL,29,17,8,9,0.471,52.0333333333333,8,14,0.571,5,10,0.5,2,2,1,2,8,10,3,1,1,3,0,8,2,23,-5,50.5,1,0,49,16,38,361,219,47,46,70,68,12,26,31,133,157,1,64,39,48,78,118,73,6,1,361,143,56,258,57,82,17,52,1
Players,1641772,Nae'Qwan Tomlin,Nae'Qwan,1610612739,CLE,25,2,0,2,0,1.05833333333333,0,0,0,0,0,0,0,0,0,0,0,0,0,0,0,0,0,0,0,0,-4,0,0,0,0,314,349,105,349,345,274,309,274,163,248,163,220,231,220,193,279,296,220,195,158,128,1,1,255,291,245,324,145,17,325,1
Players,1630230,Naji Marshall,Naji,1610612742,DAL,27,24,10,14,0.417,71.8733333333333,7,13,0.538,3,5,0.6,9,12,0.75,1,17,18,4,2,2,0,0,7,6,26,-10,57.6,0,0,55,1,14,395,245,17,56,74,80,35,85,24,40,37,135,106,3,9,57,63,32,128,1,347,56,49,308,37,145,17,37,1
Players,1629675,Naz Reid,Naz,1610612750,MIN,26,14,9,5,0.643,21.6716666666667,2,9,0.222,1,7,0.143,1,2,0.5,1,2,3,1,1,1,0,0,2,2,6,-4,13.1,1,0,13,52,21,245,102,173,170,122,252,97,58,150,180,157,183,106,172,170,155,118,73,128,1,171,143,178,245,202,82,17,194,1
Players,1629674,Neemias Queta,Neemias,1610612738,BOS,26,14,5,9,0.357,24.23,6,8,0.75,0,0,0,3,4,0.75,2,9,11,1,2,0,0,0,7,4,15,-7,27.7,3,0,27,52,116,361,278,157,73,131,28,163,248,163,115,109,135,64,29,39,155,63,158,128,1,347,86,104,286,113,40,17,106,1
Players,1629651,Nic Claxton,Nic,1610612751,BKN,26,11,3,8,0.273,23.3166666666667,2,8,0.25,0,0,0,2,2,1,4,1,5,4,1,0,1,0,1,2,6,-21,20,7,1,17,107,199,344,317,164,170,131,239,163,248,163,133,157,1,26,225,114,57,118,158,48,1,108,143,178,376,156,14,9,163,1
Players,1630208,Nick Richards,Nick,1610612756,PHX,28,1,0,1,0,0,0,0,0,0,0,0,0,0,0,0,0,0,0,0,0,0,0,0,0,0,0,0,0,0,0,349,349,42,349,393,274,309,274,163,248,163,220,231,220,193,279,296,220,195,158,128,1,1,255,291,166,324,145,17,325,1
Players,1641733,Nick Smith Jr.,Nick,1610612747,LAL,21,1,1,0,1,0.683333333333333,0,1,0,0,0,0,0,0,0,0,0,0,0,0,0,0,0,0,0,0,2,0,0,0,0,349,289,1,1,360,274,270,274,163,248,163,220,231,220,193,279,296,220,195,158,128,1,1,255,291,141,324,145,17,325,1
Players,1629638,Nickeil Alexander-Walker,Nickeil,1610612737,ATL,27,18,8,10,0.444,71.0483333333333,15,39,0.385,5,16,0.313,16,19,0.842,2,5,7,2,3,2,3,5,6,14,51,-20,74.4,0,0,75,13,38,379,226,18,14,9,184,12,8,114,12,16,104,64,77,79,107,33,32,6,392,323,11,13,373,17,145,17,18,1
Players,201587,Nicolas Batum,Nicolas,1610612746,LAC,37,11,2,9,0.182,22.6433333333333,1,4,0.25,0,3,0,0,0,0,1,1,2,1,1,0,1,1,4,0,2,-2,7.9,0,0,7,107,239,361,338,168,216,203,239,163,127,163,220,231,220,106,225,206,155,118,158,48,269,263,255,255,204,247,145,17,247,1
Players,1628502,Nigel Hayes-Davis,Nigel,1610612756,PHX,31,1,0,1,0,0.156666666666667,0,0,0,0,0,0,0,0,0,0,0,0,0,0,0,0,0,1,0,0,-2,0,0,0,0,349,349,42,349,380,274,309,274,163,248,163,220,231,220,193,279,296,220,195,158,128,1,108,255,291,204,324,145,17,325,1
Players,203999,Nikola Jokić,Nikola,1610612743,DEN,30,13,5,8,0.385,59.8183333333333,20,36,0.556,5,12,0.417,35,42,0.833,4,15,19,8,3,2,1,2,5,27,80,-23,120.8,12,7,118,61,116,344,261,30,6,12,76,12,19,68,1,1,105,26,5,7,15,33,32,48,352,303,1,3,383,4,3,1,3,1
Players,1631107,Nikola Jović,Nikola,1610612748,MIA,22,4,3,1,0.75,5.39666666666667,0,2,0,0,2,0,1,1,1,0,1,1,2,0,0,1,0,2,1,1,12,8.2,0,0,6,267,199,42,57,290,274,248,274,163,160,163,180,212,1,193,225,251,107,195,158,48,1,171,188,285,53,243,145,17,253,1
Players,202696,Nikola Vučević,Nikola,1610612741,CHI,35,20,11,9,0.55,82.32,17,38,0.447,6,17,0.353,5,6,0.833,7,15,22,5,3,4,1,3,9,7,45,-2,90.9,9,0,88,5,7,361,150,4,11,10,147,6,7,85,71,78,105,7,5,5,41,33,6,48,375,372,43,19,204,12,7,17,11,1
Players,1642363,Nique Clifford,Nique,1610612758,SAC,23,2,2,0,1,3.26833333333333,0,0,0,0,0,0,0,0,0,0,0,0,0,0,0,0,0,0,0,0,4,0,0,0,0,314,239,1,1,310,274,309,274,163,248,163,220,231,220,193,279,296,220,195,158,128,1,1,255,291,121,324,145,17,325,1
Players,1641730,Noah Clowney,Noah,1610612751,BKN,21,9,3,6,0.333,13.5333333333333,0,0,0,0,0,0,1,2,0.5,0,0,0,1,0,0,0,0,4,1,1,-6,2.5,0,0,2,145,199,281,279,236,274,309,274,163,248,163,180,157,183,193,279,296,155,195,158,128,1,263,188,285,272,295,145,17,293,1
Players,1642869,Noah Penda,Noah,1610612753,ORL,20,3,3,0,1,9.84333333333333,1,4,0.25,0,2,0,0,0,0,3,2,5,1,0,0,1,0,0,0,2,-5,12.5,1,0,10,291,199,1,1,258,216,203,239,163,160,163,220,231,220,41,172,114,155,195,158,48,1,1,255,255,258,206,82,17,216,1
Players,1626181,Norman Powell,Norman,1610612748,MIA,32,12,7,5,0.583,36.8766666666667,7,18,0.389,0,1,0,12,14,0.857,0,4,4,0,4,2,1,1,3,9,26,0,35.8,0,0,36,78,55,245,121,100,56,53,182,163,200,163,25,28,95,193,103,140,220,22,32,48,269,222,27,49,166,80,145,17,76,1
Players,1628384,OG Anunoby,OG,1610612752,NYK,28,9,5,4,0.556,20.7833333333333,5,8,0.625,2,2,1,5,5,1,1,4,5,1,0,2,0,1,1,4,17,-5,30.5,2,0,29,145,116,200,142,181,93,131,52,58,160,1,71,95,1,106,103,114,155,195,32,128,269,108,86,84,258,105,53,17,97,1
Players,1630167,Obi Toppin,Obi,1610612754,IND,27,1,0,1,0,14.1383333333333,2,4,0.5,0,2,0,0,0,0,0,2,2,0,1,0,0,0,2,0,4,-14,5.4,0,0,6,349,349,42,349,230,170,203,92,163,160,163,220,231,220,193,172,206,220,118,158,128,1,171,255,217,344,267,145,17,253,1
Players,1630534,Ochai Agbaji,Ochai,1610612761,TOR,25,2,1,1,0.5,0.966666666666667,0,0,0,0,0,0,0,0,0,0,0,0,0,0,0,0,0,0,0,0,-4,0,0,0,0,314,289,42,165,351,274,309,274,163,248,163,220,231,220,193,279,296,220,195,158,128,1,1,255,291,245,324,145,17,325,1
Players,1641765,Olivier-Maxence Prosper,Olivier-Maxence,1610612763,MEM,23,2,1,1,0.5,0.523333333333333,0,0,0,0,0,0,2,2,1,0,0,0,0,0,0,0,0,0,1,2,-2,2,0,0,2,314,289,42,165,366,274,309,274,163,248,163,133,157,1,193,279,296,220,195,158,128,1,1,188,255,204,299,145,17,293,1
Players,1630168,Onyeka Okongwu,Onyeka,1610612737,ATL,25,15,8,7,0.533,60.935,7,15,0.467,4,11,0.364,2,3,0.667,1,11,12,5,1,0,0,0,12,3,20,-3,40.9,6,0,41,39,38,314,162,28,56,63,134,23,23,83,133,137,152,106,14,33,41,118,158,128,1,390,114,71,233,71,19,17,69,1
Players,1642345,Oso Ighodaro,Oso,1610612756,PHX,23,7,4,3,0.571,13.77,1,1,1,0,0,0,0,0,0,0,1,1,0,0,0,0,0,4,0,2,-10,3.2,0,0,3,192,148,155,129,233,216,270,1,163,248,163,220,231,220,193,225,251,220,195,158,128,1,263,255,255,308,287,145,17,286,1
Players,1631172,Ousmane Dieng,Ousmane,1610612760,OKC,22,1,0,1,0,0.01,0,0,0,0,0,0,0,0,0,0,0,0,0,0,0,0,0,0,0,0,-2,0,0,0,0,349,349,42,349,391,274,309,274,163,248,163,220,231,220,193,279,296,220,195,158,128,1,1,255,291,204,324,145,17,325,1
Players,1629023,P.J. Washington,P.J.,1610612742,DAL,27,19,6,13,0.316,73.445,8,28,0.286,1,14,0.071,12,16,0.75,4,12,16,0,5,0,5,3,6,9,29,-14,58.2,3,0,56,7,87,392,305,15,46,22,231,97,10,162,25,20,135,26,10,16,220,16,158,1,375,323,27,40,344,36,40,17,33,1
Players,1631094,Paolo Banchero,Paolo,1610612753,ORL,23,10,7,3,0.7,41.0266666666667,7,27,0.259,0,6,0,8,13,0.615,0,5,5,3,1,1,0,0,6,8,22,-4,34.5,1,0,32,124,55,155,77,81,56,26,238,163,69,163,49,34,172,193,77,114,78,118,73,128,1,323,35,60,245,83,82,17,88,1
Players,1627783,Pascal Siakam,Pascal,1610612754,IND,31,13,3,10,0.231,54.0383333333333,9,27,0.333,2,6,0.333,7,12,0.583,0,6,6,5,1,4,2,2,6,5,27,-21,58.7,4,0,52,61,199,379,326,40,40,26,198,58,69,87,54,37,180,193,68,90,41,118,6,21,352,323,72,43,376,34,31,17,43,1
Players,1630311,Pat Spencer,Pat,1610612744,GSW,29,5,2,3,0.4,9.83333333333333,4,6,0.667,2,2,1,2,2,1,0,0,0,1,1,0,0,0,1,1,12,1,12.5,0,0,15,246,239,155,252,259,113,163,39,58,160,1,133,157,1,193,279,296,155,118,158,128,1,108,188,120,152,206,145,17,177,1
Players,1630172,Patrick Williams,Patrick,1610612741,CHI,24,10,4,6,0.4,7.055,0,1,0,0,1,0,0,0,0,0,1,1,0,2,0,0,0,1,0,0,-4,-0.8,0,0,1,124,148,281,252,277,274,270,274,163,200,163,220,231,220,193,225,251,220,63,158,128,1,108,255,291,245,393,145,17,308,1
Players,202331,Paul George,Paul,1610612755,PHI,35,7,3,4,0.429,25.2633333333333,2,7,0.286,1,4,0.25,5,5,1,1,7,8,6,2,2,0,0,3,3,10,4,32.6,1,0,29,192,199,200,238,152,170,145,231,97,103,124,71,95,1,106,53,66,27,63,32,128,1,222,114,136,121,89,82,17,97,1
Players,1630194,Paul Reed,Paul,1610612765,DET,26,5,4,1,0.8,6.165,3,4,0.75,0,1,0,0,2,0,1,3,4,0,0,0,1,0,1,2,6,4,13.8,1,0,12,246,148,42,45,282,131,203,28,163,200,163,220,157,220,106,128,140,220,195,158,48,1,108,143,178,121,195,82,17,199,1
Players,1630202,Payton Pritchard,Payton,1610612738,BOS,27,16,8,8,0.5,38.9416666666667,5,10,0.5,2,4,0.5,7,7,1,0,4,4,4,0,2,0,0,3,4,19,-10,35.8,1,0,33,24,38,344,165,90,93,110,92,58,103,31,54,67,1,193,103,140,57,195,32,128,1,222,86,76,308,80,82,17,85,1
Players,1641796,Pelle Larsson,Pelle,1610612748,MIA,24,6,5,1,0.833,14.1833333333333,2,4,0.5,0,2,0,1,2,0.5,0,2,2,1,0,0,1,0,0,1,5,0,11.9,0,0,10,219,116,42,43,229,170,203,92,163,160,163,180,157,183,193,172,206,155,195,158,48,1,1,188,204,166,210,145,17,216,1
Players,1631212,Peyton Watson,Peyton,1610612743,DEN,23,11,4,7,0.364,35.77,0,5,0,0,2,0,3,3,1,1,3,4,0,0,0,1,1,2,2,3,-21,10.8,0,0,9,107,148,314,272,109,274,181,274,163,160,163,115,137,1,106,128,140,220,195,158,48,269,171,143,235,376,221,145,17,229,1
Players,1630173,Precious Achiuwa,Precious,1610612758,SAC,26,5,4,1,0.8,11.7816666666667,0,0,0,0,0,0,0,0,0,0,3,3,0,0,1,0,0,1,1,0,9,6.6,0,0,5,246,148,42,45,249,274,309,274,163,248,163,220,231,220,193,128,170,220,195,73,128,1,108,188,291,72,260,145,17,270,1
Players,1629656,Quentin Grimes,Quentin,1610612755,PHI,25,17,8,9,0.471,79.8216666666667,10,26,0.385,6,18,0.333,12,14,0.857,3,9,12,6,2,3,2,0,5,12,38,3,74.4,1,0,72,16,38,361,219,7,34,31,184,6,5,87,25,28,95,41,29,33,27,63,12,21,1,303,13,27,129,17,82,17,20,1
Players,1631245,Quenton Jackson,Quenton,1610612754,IND,27,4,1,3,0.25,12.805,3,3,1,2,2,1,0,0,0,0,3,3,0,1,1,0,0,2,0,8,-1,13.6,1,0,15,267,289,155,320,244,131,225,1,58,160,1,220,231,220,193,128,170,220,118,73,128,1,171,255,159,193,197,82,17,177,1
Players,1642366,Quinten Post,Quinten,1610612744,GSW,25,9,2,7,0.222,16.3766666666667,2,5,0.4,1,4,0.25,0,0,0,0,2,2,2,1,0,0,0,3,0,5,8,9.4,0,0,10,145,239,314,327,209,170,181,165,97,103,124,220,231,220,193,172,206,107,118,158,128,1,222,255,204,85,230,145,17,216,1
Players,1629628,RJ Barrett,RJ,1610612761,TOR,25,7,5,2,0.714,18.2966666666667,2,6,0.333,0,2,0,1,2,0.5,0,2,2,0,1,1,0,1,2,1,5,-1,9.4,0,0,9,192,116,105,73,195,170,163,198,163,160,163,180,157,183,193,172,206,220,118,73,128,269,171,188,204,193,230,145,17,229,1
Players,1642484,RayJ Dennis,RayJ,1610612746,LAC,24,2,0,2,0,4.975,0,1,0,0,1,0,1,2,0.5,0,0,0,1,0,1,0,0,1,1,1,-9,5.5,0,0,4,314,349,105,349,298,274,270,274,163,200,163,180,157,183,193,279,296,155,195,73,128,1,108,188,285,301,266,145,17,277,1
Players,1642263,Reed Sheppard,Reed,1610612745,HOU,21,11,4,7,0.364,42.1183333333333,2,11,0.182,1,7,0.143,7,12,0.583,0,2,2,2,1,0,1,0,3,7,12,37,19.4,0,0,19,107,148,314,272,76,170,102,263,97,58,150,54,37,180,193,172,206,107,118,158,48,1,222,43,120,11,158,145,17,146,1
Players,1642265,Rob Dillingham,Rob,1610612750,MIN,20,1,1,0,1,0.0183333333333333,0,0,0,0,0,0,0,0,0,0,0,0,0,0,0,0,0,0,0,0,0,0,0,0,0,349,289,1,1,390,274,309,274,163,248,163,220,231,220,193,279,296,220,195,158,128,1,1,255,291,166,324,145,17,325,1
Players,1629057,Robert Williams III,Robert,1610612757,POR,28,10,5,5,0.5,11.9533333333333,1,2,0.5,0,1,0,2,2,1,0,4,4,0,0,0,1,0,1,1,4,-7,11.8,1,0,10,124,116,245,165,247,216,248,92,163,200,163,133,157,1,193,103,140,220,195,158,48,1,108,188,217,286,211,82,17,216,1
Players,1641842,Ronald Holland II,Ronald,1610612765,DET,20,5,3,2,0.6,14.8316666666667,3,7,0.429,1,2,0.5,3,3,1,0,5,5,0,0,0,0,2,2,2,10,10,16,0,0,16,246,199,105,110,221,131,145,151,97,160,31,115,137,1,193,77,114,220,195,158,128,352,171,143,136,65,178,145,17,168,1
Players,1626220,Royce O'Neale,Royce,1610612756,PHX,32,13,7,6,0.538,31.2683333333333,3,7,0.429,2,4,0.5,0,0,0,2,4,6,2,2,5,0,1,4,1,8,6,31.2,1,0,28,61,55,281,154,125,131,145,151,58,103,31,220,231,220,64,103,90,107,63,3,128,269,263,188,159,102,97,82,17,102,1
Players,203497,Rudy Gobert,Rudy,1610612750,MIN,33,15,9,6,0.6,54.1083333333333,9,13,0.692,0,0,0,2,7,0.286,4,10,14,1,2,0,1,1,11,6,20,31,39.3,7,0,37,39,21,281,110,39,40,74,38,163,248,163,133,67,219,26,23,25,155,63,158,48,269,387,56,71,16,75,14,17,74,1
Players,1629060,Rui Hachimura,Rui,1610612747,LAL,27,9,9,0,1,22.455,2,5,0.4,2,2,1,1,2,0.5,0,1,1,0,0,0,0,0,3,2,7,20,8.2,0,0,10,145,21,1,1,169,170,181,165,58,160,1,180,157,183,193,225,251,220,195,158,128,1,222,143,174,28,243,145,17,216,1
Players,201566,Russell Westbrook,Russell,1610612758,SAC,37,12,7,5,0.583,46.395,6,17,0.353,2,10,0.2,4,4,1,3,8,11,5,5,6,0,1,9,5,18,12,51.7,6,2,48,78,55,245,121,63,73,57,195,58,26,139,87,109,1,41,39,39,41,16,1,128,269,372,72,79,53,53,19,4,54,1
Players,1642346,Ryan Dunn,Ryan,1610612756,PHX,22,9,5,4,0.556,10.2216666666667,1,1,1,0,0,0,0,0,0,0,2,2,0,0,1,2,0,2,0,2,10,13.4,0,0,10,145,116,200,142,256,216,270,1,163,248,163,220,231,220,193,172,206,220,195,73,21,1,171,255,255,65,198,145,17,216,1
Players,1641750,Ryan Kalkbrenner,Ryan,1610612766,CHA,23,9,4,5,0.444,14.4716666666667,3,4,0.75,0,0,0,0,0,0,1,0,1,0,0,0,1,1,1,0,6,-16,10.2,1,0,9,145,148,245,226,224,131,203,28,163,248,163,220,231,220,106,279,251,220,195,158,48,269,108,255,178,353,225,82,17,229,1
Players,1642948,Ryan Nembhard,Ryan,1610612742,DAL,22,6,3,3,0.5,21.23,0,6,0,0,1,0,0,0,0,0,1,1,0,0,0,0,0,0,0,0,-7,1.2,3,0,1,219,199,155,165,178,274,163,274,163,200,163,220,231,220,193,225,251,220,195,158,128,1,1,255,291,286,311,40,17,308,1
Players,1631157,Ryan Rollins,Ryan,1610612749,MIL,23,17,8,9,0.471,61.97,14,25,0.56,5,10,0.5,5,7,0.714,5,15,20,6,3,3,1,2,3,6,38,-19,80,1,0,77,16,38,361,219,26,17,35,75,12,26,31,71,67,146,16,5,6,27,33,12,48,352,222,56,27,369,14,82,17,17,1
Players,1630180,Saddiq Bey,Saddiq,1610612740,NOP,26,15,4,11,0.267,58.625,7,17,0.412,2,9,0.222,10,13,0.769,2,15,17,2,2,2,0,0,1,7,26,-41,53.4,1,0,51,39,148,388,318,32,56,57,161,58,37,137,34,34,133,64,5,13,107,63,32,128,1,108,43,49,391,46,82,17,46,1
Players,1630573,Sam Hauser,Sam,1610612738,BOS,28,10,5,5,0.5,14.3733333333333,0,1,0,0,1,0,0,0,0,0,1,1,1,1,0,0,0,2,1,0,0,1.7,0,0,2,124,116,245,165,226,274,270,274,163,200,163,220,231,220,193,225,251,155,118,158,128,1,171,188,291,166,307,145,17,293,1
Players,1630241,Sam Merrill,Sam,1610612739,CLE,29,6,3,3,0.5,24.2566666666667,1,6,0.167,1,6,0.167,2,2,1,0,1,1,1,0,0,0,0,2,4,5,1,7.7,0,0,8,219,199,155,165,155,216,163,265,97,69,148,133,157,1,193,225,251,155,195,158,128,1,171,86,204,152,249,145,17,240,1
Players,1630572,Sandro Mamukelashvili,Sandro,1610612761,TOR,26,8,5,3,0.625,10.6466666666667,1,3,0.333,0,2,0,1,1,1,1,2,3,3,2,0,0,0,1,1,3,5,9.1,0,0,9,173,116,155,107,254,216,225,198,163,160,163,180,212,1,106,172,170,78,63,158,128,1,108,188,235,109,236,145,17,229,1
Players,1630583,Santi Aldama,Santi,1610612763,MEM,24,16,7,9,0.438,31.8783333333333,3,6,0.5,2,3,0.667,0,0,0,1,8,9,2,1,2,1,1,4,0,8,-12,29.8,4,0,27,24,55,361,233,124,131,163,92,58,127,17,220,231,220,106,39,56,107,118,32,48,269,263,255,159,325,106,31,17,106,1
Players,1630567,Scottie Barnes,Scottie,1610612761,TOR,24,16,11,5,0.688,50.3666666666667,5,12,0.417,0,0,0,7,8,0.875,9,7,16,6,1,2,5,3,1,4,17,7,65.2,10,1,53,24,7,245,84,51,93,89,157,163,248,163,54,60,91,3,53,16,27,118,32,1,375,108,86,84,95,29,4,9,40,1
Players,203552,Seth Curry,Seth,1610612744,GSW,35,2,0,2,0,2.48333333333333,0,0,0,0,0,0,0,0,0,0,0,0,0,0,0,0,0,0,1,0,-10,0,0,0,0,314,349,105,349,317,274,309,274,163,248,163,220,231,220,193,279,296,220,195,158,128,1,1,188,291,308,324,145,17,325,1
Players,1631101,Shaedon Sharpe,Shaedon,1610612757,POR,22,19,9,10,0.474,52.5933333333333,10,19,0.526,2,5,0.4,15,21,0.714,1,4,5,1,6,2,1,3,8,12,37,-25,47.5,0,0,51,7,21,379,216,44,34,49,89,58,85,69,15,11,146,106,103,114,155,11,32,48,375,361,13,31,386,62,145,17,46,1
Players,1628983,Shai Gilgeous-Alexander,Shai,1610612760,OKC,27,12,9,3,0.75,63.5666666666667,30,56,0.536,7,20,0.35,33,39,0.846,1,8,9,10,2,3,2,3,9,24,100,65,138.8,0,0,136,78,21,155,57,24,2,3,85,4,2,86,2,2,101,106,39,56,8,63,12,21,375,372,2,1,1,2,145,17,2,1
Players,1631321,Sidy Cissoko,Sidy,1610612757,POR,21,8,4,4,0.5,18.7333333333333,0,1,0,0,1,0,0,0,0,0,1,1,3,1,1,0,0,5,0,0,-2,7.7,0,0,6,173,148,200,165,193,274,270,274,163,200,163,220,231,220,193,225,251,78,118,73,128,1,303,255,291,204,249,145,17,253,1
Players,1631323,Simone Fontecchio,Simone,1610612748,MIA,30,1,0,1,0,1.52333333333333,0,0,0,0,0,0,0,0,0,0,0,0,0,0,0,0,0,1,0,0,-7,0,0,0,0,349,349,42,349,338,274,309,274,163,248,163,220,231,220,193,279,296,220,195,158,128,1,108,255,291,286,324,145,17,325,1
Players,1642883,Sion James,Sion,1610612766,CHA,23,10,3,7,0.3,36.8866666666667,1,4,0.25,0,3,0,2,2,1,1,6,7,3,2,0,0,1,6,2,4,1,14.9,0,0,14,124,199,314,309,99,216,203,239,163,127,163,133,157,1,106,68,79,78,63,158,128,269,323,143,217,152,184,145,17,184,1
Players,1642461,Spencer Jones,Spencer,1610612743,DEN,24,9,4,5,0.444,24.2283333333333,3,5,0.6,2,4,0.5,1,2,0.5,2,0,2,0,0,0,1,0,5,1,9,-6,14.4,0,0,15,145,148,245,226,158,131,181,60,58,103,31,180,157,183,64,279,206,220,195,158,48,1,303,188,150,272,187,145,17,177,1
Players,201939,Stephen Curry,Stephen,1610612744,GSW,37,12,4,8,0.333,47.915,18,44,0.409,12,26,0.462,14,16,0.875,0,5,5,3,8,3,0,1,6,8,62,-22,73.5,1,0,88,78,148,344,279,60,9,5,162,1,1,61,18,20,91,193,77,114,78,4,12,128,269,323,35,7,380,19,82,17,11,1
Players,1642264,Stephon Castle,Stephon,1610612759,SAS,21,11,7,4,0.636,33.575,5,12,0.417,1,4,0.25,6,8,0.75,6,5,11,8,3,1,0,2,4,4,17,12,42.2,4,1,39,107,55,200,104,116,93,89,157,97,103,124,60,60,135,12,77,39,15,33,73,128,352,263,86,84,53,68,31,9,72,1
Players,203500,Steven Adams,Steven,1610612745,HOU,32,9,4,5,0.444,26.5383333333333,2,6,0.333,0,0,0,1,2,0.5,7,3,10,3,1,0,0,0,5,1,5,-11,20.5,1,0,18,145,148,245,226,142,170,163,198,163,248,163,180,157,183,7,128,48,78,118,158,128,1,303,188,204,321,147,82,17,156,1
Players,1629004,Svi Mykhailiuk,Svi,1610612762,UTA,28,9,5,4,0.556,23.9966666666667,2,4,0.5,1,2,0.5,0,0,0,1,2,3,1,0,1,0,0,4,0,5,-2,13.1,0,0,12,145,116,200,142,161,170,203,92,97,160,31,220,231,220,106,172,170,155,195,73,128,1,263,255,204,204,202,145,17,199,1
Players,204456,T.J. McConnell,T.J.,1610612754,IND,33,2,1,1,0.5,8.12333333333333,2,4,0.5,0,0,0,0,0,0,0,3,3,0,0,0,0,0,0,0,4,5,7.6,0,0,7,314,289,42,165,272,170,203,92,163,248,163,220,231,220,193,128,170,220,195,158,128,1,1,255,217,109,253,145,17,247,1
Players,1643007,Taelon Peter,Taelon,1610612754,IND,23,1,0,1,0,3.28833333333333,0,0,0,0,0,0,0,0,0,0,0,0,0,0,0,0,0,0,0,0,-12,0,0,0,0,349,349,42,349,309,274,309,274,163,248,163,220,231,220,193,279,296,220,195,158,128,1,1,255,291,325,324,145,17,325,1
Players,1631106,Tari Eason,Tari,1610612745,HOU,24,4,1,3,0.25,9.05,0,1,0,0,0,0,0,0,0,1,2,3,0,0,0,1,0,0,0,0,-6,6.6,0,0,5,267,289,155,320,264,274,270,274,163,248,163,220,231,220,106,172,170,220,195,158,48,1,1,255,291,272,260,145,17,270,1
Players,1627752,Taurean Prince,Taurean,1610612749,MIL,31,2,1,1,0.5,7.32166666666667,0,2,0,0,1,0,0,0,0,0,0,0,1,0,0,0,0,2,0,0,3,1.5,0,0,1,314,289,42,165,276,274,248,274,163,200,163,220,231,220,193,279,296,155,195,158,128,1,171,255,291,129,308,145,17,308,1
Players,1641707,Taylor Hendricks,Taylor,1610612762,UTA,22,3,3,0,1,0.293333333333333,0,0,0,0,0,0,0,0,0,0,0,0,0,0,0,0,0,0,0,0,-2,0,0,0,0,291,199,1,1,375,274,309,274,163,248,163,220,231,220,193,279,296,220,195,158,128,1,1,255,291,204,324,145,17,325,1
Players,1629611,Terance Mann,Terance,1610612751,BKN,29,9,2,7,0.222,21.5,1,4,0.25,0,2,0,0,0,0,2,3,5,2,0,0,1,0,4,0,2,-18,14,0,0,11,145,239,314,327,175,216,203,239,163,160,163,220,231,220,64,128,114,107,195,158,48,1,263,255,255,362,192,145,17,210,1
Players,1630545,Terrence Shannon Jr.,Terrence,1610612750,MIN,25,3,3,0,1,5.08333333333333,0,2,0,0,0,0,0,0,0,0,1,1,0,1,0,0,0,1,0,0,8,0.2,0,0,1,291,199,1,1,296,274,248,274,163,248,163,220,231,220,193,225,251,220,118,158,128,1,108,255,291,85,323,145,17,308,1
Players,1642275,Tidjane Salaün,Tidjane,1610612766,CHA,20,3,1,2,0.333,3.17666666666667,0,1,0,0,1,0,2,2,1,0,0,0,0,0,0,0,0,0,1,2,0,2,0,0,2,291,289,105,279,312,274,270,274,163,200,163,133,157,1,193,279,296,220,195,158,128,1,1,188,255,166,299,145,17,293,1
Players,203501,Tim Hardaway Jr.,Tim,1610612743,DEN,33,12,5,7,0.417,39.78,1,4,0.25,1,4,0.25,0,0,0,0,4,4,1,0,0,0,0,1,2,3,6,9.3,0,0,9,78,116,314,245,85,216,203,239,97,103,124,220,231,220,193,103,140,155,195,158,128,1,108,143,235,102,233,145,17,229,1
Players,202699,Tobias Harris,Tobias,1610612765,DET,33,14,9,5,0.643,48.8533333333333,7,20,0.35,3,9,0.333,4,4,1,4,2,6,2,1,1,0,2,4,2,21,23,33.2,0,0,34,52,21,245,102,57,56,47,197,35,37,87,87,109,1,26,172,90,107,118,73,128,352,263,143,66,25,87,145,17,81,1
Players,1628396,Tony Bradley,Tony,1610612754,IND,27,2,0,2,0,3.05333333333333,0,0,0,0,0,0,0,0,0,0,0,0,0,0,0,0,0,1,0,0,-6,0,0,0,0,314,349,105,349,313,274,309,274,163,248,163,220,231,220,193,279,296,220,195,158,128,1,108,255,291,272,324,145,17,325,1
Players,1641739,Toumani Camara,Toumani,1610612757,POR,25,19,9,10,0.474,73.1033333333333,4,13,0.308,1,7,0.143,2,2,1,2,12,14,6,2,3,3,2,9,2,11,-2,52.8,1,0,44,7,21,379,216,16,113,74,225,97,58,150,133,157,1,64,10,25,27,63,12,6,352,372,143,128,204,51,82,17,62,1
Players,1629027,Trae Young,Trae,1610612737,ATL,27,5,1,4,0.2,21.3516666666667,2,9,0.222,0,4,0,10,10,1,0,0,0,4,1,2,0,0,3,8,14,-18,25,2,0,22,246,289,200,330,176,170,122,252,163,103,163,34,51,1,193,279,296,57,118,32,128,1,222,35,111,362,121,53,17,130,1
Players,1631218,Trayce Jackson-Davis,Trayce,1610612744,GSW,25,3,1,2,0.333,1.94666666666667,1,1,1,0,0,0,1,1,1,0,1,1,0,0,0,0,0,1,1,3,-5,4.2,0,0,4,291,289,105,279,326,216,270,1,163,248,163,180,212,1,193,225,251,220,195,158,128,1,108,188,235,258,280,145,17,277,1
Players,1642848,Tre Johnson,Tre,1610612764,WAS,19,6,2,4,0.333,15.905,1,3,0.333,0,1,0,0,0,0,1,1,2,2,0,0,1,0,2,0,2,3,10.4,0,0,8,219,239,200,279,214,216,225,198,163,200,163,220,231,220,106,225,206,107,195,158,48,1,171,255,255,129,223,145,17,240,1
Players,1630200,Tre Jones,Tre,1610612741,CHI,25,17,10,7,0.588,57.91,7,13,0.538,0,2,0,11,12,0.917,2,6,8,9,1,1,1,1,4,9,25,2,53.1,0,0,46,16,14,314,120,35,56,74,80,163,160,163,30,37,85,64,68,66,11,118,73,48,269,263,27,53,141,48,145,17,58,1
Players,1630544,Tre Mann,Tre,1610612766,CHA,24,4,0,4,0,12.325,2,7,0.286,0,2,0,0,0,0,1,2,3,1,3,1,0,0,1,1,4,-13,9.1,0,0,10,267,349,200,349,246,170,145,231,163,160,163,220,231,220,106,172,170,155,33,73,128,1,108,188,217,335,236,145,17,216,1
Players,1630570,Trendon Watford,Trendon,1610612755,PHI,25,2,2,0,1,6.83166666666667,0,0,0,0,0,0,0,0,0,0,1,1,3,0,1,0,0,1,0,0,11,8.7,1,1,6,314,239,1,1,280,274,309,274,163,248,163,220,231,220,193,225,251,78,195,73,128,1,108,255,291,60,239,82,9,253,1
Players,1641725,Trey Alexander,Trey,1610612740,NOP,22,1,0,1,0,1.78333333333333,1,1,1,0,0,0,0,0,0,0,0,0,0,0,0,0,0,0,0,2,1,2,0,0,2,349,349,42,349,328,216,270,1,163,248,163,220,231,220,193,279,296,220,195,158,128,1,1,255,255,152,299,145,17,293,1
Players,1641998,Trey Jemison III,Trey,1610612752,NYK,26,1,1,0,1,0.208333333333333,0,0,0,0,0,0,0,0,0,0,0,0,0,0,0,0,0,0,0,0,3,0,0,0,0,349,289,1,1,377,274,309,274,163,248,163,220,231,220,193,279,296,220,195,158,128,1,1,255,291,129,324,145,17,325,1
Players,1630530,Trey Murphy III,Trey,1610612740,NOP,25,16,5,11,0.313,69.275,5,18,0.278,1,8,0.125,9,9,1,3,3,6,3,2,2,1,1,10,8,20,-53,38.7,3,0,36,24,116,388,306,20,93,53,236,97,47,153,40,56,1,41,128,90,78,63,32,48,269,384,35,71,395,78,40,17,76,1
Players,1641774,Tristan Vukcevic,Tristan,1610612764,WAS,22,2,1,1,0.5,1.01833333333333,0,0,0,0,0,0,0,0,0,0,0,0,0,0,0,0,0,0,0,0,-4,0,0,0,0,314,289,42,165,347,274,309,274,163,248,163,220,231,220,193,279,296,220,195,158,128,1,1,255,291,245,324,145,17,325,1
Players,1641783,Tristan da Silva,Tristan,1610612753,ORL,24,6,3,3,0.5,21.9133333333333,2,4,0.5,1,3,0.333,1,2,0.5,2,4,6,0,2,0,0,0,0,1,6,7,11.2,0,0,13,219,199,155,165,171,170,203,92,97,127,87,180,157,183,64,103,90,220,63,158,128,1,1,188,178,95,218,145,17,194,1
Players,1629639,Tyler Herro,Tyler,1610612748,MIA,25,4,2,2,0.5,8.05,2,4,0.5,0,0,0,2,2,1,0,0,0,1,0,0,0,1,0,1,6,3,7.5,0,0,7,267,239,105,165,275,170,203,92,163,248,163,133,157,1,193,279,296,155,195,158,128,269,1,188,178,129,254,145,17,247,1
Players,1642278,Tyler Kolek,Tyler,1610612752,NYK,24,4,3,1,0.75,14.4333333333333,2,4,0.5,1,2,0.5,0,0,0,1,2,3,3,0,0,1,0,2,0,5,11,16.1,1,0,14,267,199,42,57,225,170,203,92,97,160,31,220,231,220,106,172,170,78,195,158,48,1,171,255,204,60,175,82,17,184,1
Players,1631213,Tyrese Martin,Tyrese,1610612751,BKN,26,5,1,4,0.2,5.305,0,1,0,0,1,0,0,0,0,1,0,1,0,0,0,0,0,1,0,0,-15,1.2,0,0,1,246,289,200,330,293,274,270,274,163,200,163,220,231,220,106,279,251,220,195,158,128,1,108,255,291,348,311,145,17,308,1
Players,1630178,Tyrese Maxey,Tyrese,1610612755,PHI,25,19,11,8,0.579,82.9566666666667,25,58,0.431,5,19,0.263,22,25,0.88,0,7,7,14,8,2,3,3,5,19,77,15,113.4,2,0,113,7,7,344,128,2,3,2,150,12,3,123,7,9,90,193,53,79,3,4,32,6,375,303,7,4,41,6,53,17,5,1
Players,1642878,Tyrese Proctor,Tyrese,1610612739,CLE,21,2,0,2,0,1.48333333333333,0,1,0,0,0,0,0,0,0,1,0,1,0,0,0,0,0,0,0,0,-1,1.2,0,0,1,314,349,105,349,339,274,270,274,163,248,163,220,231,220,106,279,251,220,195,158,128,1,1,255,291,193,311,145,17,308,1
Players,1626145,Tyus Jones,Tyus,1610612753,ORL,29,5,3,2,0.6,8.36666666666667,0,0,0,0,0,0,0,0,0,0,2,2,1,0,0,0,0,1,1,0,-3,3.9,0,0,3,246,199,105,110,269,274,309,274,163,248,163,220,231,220,193,172,206,155,195,158,128,1,108,188,291,233,285,145,17,286,1
Players,1642845,VJ Edgecombe,VJ,1610612755,PHI,20,20,12,8,0.6,75.0233333333333,13,21,0.619,5,9,0.556,2,6,0.333,5,10,15,7,2,1,3,1,9,4,33,43,71.5,2,0,68,5,2,344,110,12,22,45,56,12,37,29,133,78,214,16,23,20,20,63,73,6,269,372,86,36,5,23,53,17,24,1
Players,1641705,Victor Wembanyama,Victor,1610612759,SAS,21,11,7,4,0.636,32.0416666666667,10,22,0.455,3,6,0.5,13,20,0.65,1,9,10,3,3,0,2,1,4,12,36,17,55.5,7,1,56,107,55,200,104,123,34,42,142,35,69,31,20,14,169,106,29,48,78,33,158,21,269,263,13,32,37,42,14,9,33,1
Players,1631246,Vince Williams Jr.,Vince,1610612763,MEM,25,6,4,2,0.667,22.0783333333333,3,5,0.6,2,4,0.5,4,5,0.8,2,3,5,7,3,2,1,0,1,4,12,8,34.5,1,0,32,219,148,105,87,170,131,181,60,58,103,31,87,95,122,64,128,114,20,33,32,48,1,108,86,120,85,83,82,17,88,1
Players,1630249,Vít Krejčí,Vít,1610612737,ATL,25,12,6,6,0.5,36.34,2,3,0.667,2,2,1,0,0,0,2,3,5,2,2,1,1,0,6,0,6,8,19,0,0,19,78,87,281,165,105,170,225,39,58,160,1,220,231,220,64,128,114,107,63,73,48,1,323,255,178,85,159,145,17,146,1
Players,1631117,Walker Kessler,Walker,1610612762,UTA,24,3,1,2,0.333,12.8916666666667,1,2,0.5,0,0,0,2,2,1,5,3,8,0,0,0,3,0,2,1,4,1,22.6,2,0,18,291,289,105,279,242,216,248,92,163,248,163,133,157,1,16,128,66,220,195,158,6,1,171,188,217,152,135,53,17,156,1
Players,1642383,Walter Clayton Jr.,Walter,1610612762,UTA,22,7,6,1,0.857,15.8233333333333,1,3,0.333,1,3,0.333,0,0,0,0,2,2,4,0,1,0,0,1,0,3,11,14.4,0,0,12,192,87,42,42,215,216,225,198,97,127,87,220,231,220,193,172,206,57,195,73,128,1,108,255,235,60,187,145,17,199,1
Players,1628976,Wendell Carter Jr.,Wendell,1610612753,ORL,26,15,10,5,0.667,63.5883333333333,8,13,0.615,1,4,0.25,13,16,0.813,9,7,16,5,0,3,2,2,13,12,30,18,71.7,1,0,62,39,14,245,87,23,46,74,57,97,103,124,20,20,121,3,53,16,41,195,12,21,352,392,13,38,33,22,82,17,29,1
Players,1631111,Wendell Moore Jr.,Wendell,1610612765,DET,24,1,1,0,1,0.716666666666667,0,0,0,0,0,0,0,0,0,0,0,0,0,0,0,0,0,0,0,0,6,0,0,0,0,349,289,1,1,358,274,309,274,163,248,163,220,231,220,193,279,296,220,195,158,128,1,1,255,291,102,324,145,17,325,1
Players,1642954,Will Richard,Will,1610612744,GSW,23,8,3,5,0.375,19.4766666666667,1,2,0.5,0,1,0,1,1,1,0,2,2,0,1,0,0,0,4,2,3,-9,4.4,0,0,5,173,199,245,265,190,216,248,92,163,200,163,180,212,1,193,172,206,220,118,158,128,1,263,143,235,301,278,145,17,270,1
Players,1630214,Xavier Tillman,Xavier,1610612738,BOS,26,3,2,1,0.667,3.40833333333333,0,1,0,0,0,0,0,0,0,2,0,2,1,0,0,0,0,1,0,0,-13,3.9,0,0,3,291,239,42,87,308,274,270,274,163,248,163,220,231,220,64,279,206,155,195,158,128,1,108,255,291,335,285,145,17,286,1
Players,1642274,Yves Missi,Yves,1610612740,NOP,21,6,0,6,0,14.82,1,3,0.333,0,0,0,0,0,0,2,1,3,1,1,0,1,1,2,1,2,-14,9.1,0,0,8,219,349,281,349,222,216,225,198,163,248,163,220,231,220,64,225,170,155,118,158,48,269,171,188,255,344,236,145,17,240,1
Players,1642258,Zaccharie Risacher,Zaccharie,1610612737,ATL,20,5,3,2,0.6,17.4033333333333,3,5,0.6,1,2,0.5,0,2,0,0,2,2,0,1,1,0,0,4,2,7,14,11.4,0,0,12,246,199,105,110,202,131,181,60,97,160,31,220,157,220,193,172,206,220,118,73,128,1,263,143,174,45,215,145,17,199,1
Players,1628380,Zach Collins,Zach,1610612741,CHI,28,4,3,1,0.75,8.11666666666667,2,2,1,0,0,0,0,0,0,2,2,4,3,1,0,0,0,2,0,4,-2,12.3,1,0,11,267,199,42,57,273,170,248,1,163,248,163,220,231,220,64,172,140,78,118,158,128,1,171,255,217,204,208,82,17,210,1
Players,1641744,Zach Edey,Zach,1610612763,MEM,23,7,5,2,0.714,25.655,6,9,0.667,0,0,0,1,1,1,4,8,12,1,2,0,2,1,3,1,13,18,32.9,4,0,30,192,116,105,73,148,73,122,39,163,248,163,180,212,1,26,39,33,155,63,158,21,269,222,188,116,33,88,31,17,94,1
Players,203897,Zach LaVine,Zach,1610612758,SAC,30,9,4,5,0.444,30.3633333333333,4,12,0.333,1,8,0.125,2,2,1,1,3,4,1,2,1,1,0,9,1,11,-23,21.3,0,0,21,145,148,245,226,131,113,89,198,97,47,153,133,157,1,106,128,140,155,63,73,48,1,372,188,128,383,142,145,17,138,1
Players,1630533,Ziaire Williams,Ziaire,1610612751,BKN,24,4,0,4,0,6.91666666666667,1,1,1,0,0,0,0,0,0,0,0,0,0,1,1,0,0,0,0,2,-18,4,0,0,4,267,349,200,349,279,216,270,1,163,248,163,220,231,220,193,279,296,220,118,73,128,1,1,255,255,362,283,145,17,277,1
Players,1629627,Zion Williamson,Zion,1610612740,NOP,25,10,2,8,0.2,37.125,11,26,0.423,0,1,0,12,15,0.8,3,3,6,4,3,4,1,5,5,11,34,-42,59.2,1,0,54,124,239,344,330,98,30,31,156,163,200,163,25,25,122,41,128,90,57,33,6,48,392,303,19,34,392,32,82,17,39,1
