PLAYER_ID,PLAYER_NAME,TEAM_ID,TEAM_ABBREVIATION,AGE,NICKNAME,Restricted_Area_FGM,Restricted_Area_FGA,Restricted_Area_FG_PCT,In_The_Paint_Non_RA_FGM,In_The_Paint_Non_RA_FGA,In_The_Paint_Non_RA_FG_PCT,Mid_Range_FGM,Mid_Range_FGA,Mid_Range_FG_PCT,Left_Corner_3_FGM,Left_Corner_3_FGA,Left_Corner_3_FG_PCT,Right_Corner_3_FGM,Right_Corner_3_FGA,Right_Corner_3_FG_PCT,Above_the_Break_3_FGM,Above_the_Break_3_FGA,Above_the_Break_3_FG_PCT,Backcourt_FGM,Backcourt_FGA,Backcourt_FG_PCT,Corner_3_FGM,Corner_3_FGA,Corner_3_FG_PCT
1630639,A.J. Lawson,1610612761,TOR,25,A.J.,7,14,0.5,1,5,0.2,0,0,0,4,9,0.444,1,6,0.167,3,7,0.429,0,0,0,5,15,0.333
1631260,AJ Green,1610612749,MIL,26,AJ,8,13,0.615,8,13,0.615,5,15,0.333,28,57,0.491,26,49,0.531,97,244,0.398,0,0,0,54,106,0.509
1642358,AJ Johnson,1610612742,DAL,21,AJ,13,35,0.371,7,23,0.304,0,3,0,0,0,0,1,4,0.25,6,23,0.261,0,0,0,1,4,0.25
203932,Aaron Gordon,1610612743,DEN,30,Aaron,66,86,0.767,18,47,0.383,13,35,0.371,5,14,0.357,3,9,0.333,34,82,0.415,0,0,0,8,23,0.348
1628988,Aaron Holiday,1610612745,HOU,29,Aaron,6,13,0.462,14,30,0.467,3,10,0.3,10,18,0.556,5,14,0.357,27,76,0.355,0,0,0,15,32,0.469
1630174,Aaron Nesmith,1610612754,IND,26,Aaron,34,71,0.479,21,58,0.362,13,36,0.361,5,12,0.417,17,42,0.405,54,151,0.358,0,0,0,22,54,0.407
1630598,Aaron Wiggins,1610612760,OKC,27,Aaron,60,99,0.606,22,59,0.373,4,11,0.364,13,41,0.317,10,21,0.476,52,132,0.394,0,0,0,23,62,0.371
1642846,Ace Bailey,1610612762,UTA,19,Ace,82,123,0.667,37,68,0.544,41,112,0.366,10,30,0.333,13,48,0.271,50,137,0.365,0,0,0,23,78,0.295
1641737,Adem Bona,1610612755,PHI,22,Adem,62,102,0.608,5,12,0.417,0,0,0,1,4,0.25,0,0,0,1,1,1,0,0,0,1,4,0.25
1642876,Adou Thiero,1610612747,LAL,21,Adou,7,13,0.538,2,6,0.333,0,0,0,0,0,0,0,0,0,0,1,0,0,0,0,0,0,0
1642349,Ajay Mitchell,1610612760,OKC,23,Ajay,87,130,0.669,76,149,0.51,11,40,0.275,13,32,0.406,4,10,0.4,31,95,0.326,0,0,0,17,42,0.405
201143,Al Horford,1610612744,GSW,39,Al,18,28,0.643,22,37,0.595,7,14,0.5,4,14,0.286,9,22,0.409,36,109,0.33,0,0,0,13,36,0.361
1627936,Alex Caruso,1610612760,OKC,31,Alex,37,51,0.725,5,20,0.25,4,5,0.8,6,26,0.231,5,26,0.192,28,68,0.412,0,0,0,11,52,0.212
1642259,Alex Sarr,1610612764,WAS,20,Alex,151,210,0.719,76,191,0.398,18,55,0.327,2,5,0.4,1,4,0.25,37,110,0.336,0,0,0,3,9,0.333
1642918,Alijah Martin,1610612761,TOR,24,Alijah,5,9,0.556,4,10,0.4,0,1,0,0,4,0,0,0,0,2,8,0.25,0,0,0,0,4,0
1630578,Alperen Sengun,1610612745,HOU,23,Alperen,187,278,0.673,128,297,0.431,29,82,0.354,1,3,0.333,2,4,0.5,23,80,0.288,0,0,0,3,7,0.429
1642873,Amari Williams,1610612738,BOS,24,Amari,6,11,0.545,1,4,0.25,0,1,0,0,0,0,0,0,0,0,0,0,0,0,0,0,0,0
1641708,Amen Thompson,1610612745,HOU,23,Amen,227,322,0.705,87,212,0.41,21,77,0.273,5,22,0.227,6,30,0.2,7,35,0.2,0,1,0,11,52,0.212
1629599,Amir Coffey,1610612756,PHX,28,Amir,13,14,0.929,4,9,0.444,5,12,0.417,1,8,0.125,5,13,0.385,3,10,0.3,0,0,0,6,21,0.286
203083,Andre Drummond,1610612755,PHI,32,Andre,77,138,0.558,13,27,0.481,0,1,0,8,24,0.333,9,18,0.5,2,9,0.222,0,0,0,17,42,0.405
1641748,Andre Jackson Jr.,1610612749,MIL,24,Andre,6,9,0.667,1,9,0.111,0,1,0,1,4,0.25,0,6,0,4,16,0.25,0,0,0,1,10,0.1
1629614,Andrew Nembhard,1610612754,IND,26,Andrew,66,107,0.617,54,115,0.47,59,144,0.41,2,11,0.182,3,11,0.273,78,206,0.379,0,0,0,5,22,0.227
203952,Andrew Wiggins,1610612748,MIA,30,Andrew,118,179,0.659,54,140,0.386,35,81,0.432,19,40,0.475,7,19,0.368,72,189,0.381,0,0,0,26,59,0.441
1629014,Anfernee Simons,1610612741,CHI,26,Anfernee,38,54,0.704,56,104,0.538,40,99,0.404,8,20,0.4,8,15,0.533,126,332,0.38,0,0,0,16,35,0.457
1641710,Anthony Black,1610612753,ORL,22,Anthony,154,227,0.678,46,127,0.362,17,54,0.315,21,46,0.457,14,33,0.424,53,177,0.299,1,1,1,35,79,0.443
203076,Anthony Davis,1610612764,WAS,32,Anthony,93,141,0.66,38,82,0.463,28,74,0.378,0,2,0,2,4,0.5,8,31,0.258,0,0,0,2,6,0.333
1630162,Anthony Edwards,1610612750,MIN,24,Anthony,155,218,0.711,78,163,0.479,75,173,0.434,11,30,0.367,6,10,0.6,138,346,0.399,0,0,0,17,40,0.425
1630264,Anthony Gill,1610612764,WAS,33,Anthony,19,28,0.679,2,5,0.4,1,2,0.5,1,2,0.5,2,2,1,1,9,0.111,0,0,0,3,4,0.75
1641810,Antonio Reeves,1610612766,CHA,25,Antonio,2,4,0.5,0,1,0,1,1,1,1,2,0.5,2,2,1,2,6,0.333,0,0,0,3,4,0.75
1630574,Ariel Hukporti,1610612752,NYK,23,Ariel,26,34,0.765,3,14,0.214,0,1,0,0,0,0,0,0,0,1,4,0.25,0,0,0,0,0,0
1642854,Asa Newell,1610612737,ATL,20,Asa,43,62,0.694,9,17,0.529,0,0,0,6,20,0.3,11,25,0.44,10,23,0.435,0,0,0,17,45,0.378
1641709,Ausar Thompson,1610612765,DET,23,Ausar,135,210,0.643,55,142,0.387,10,31,0.323,1,2,0.5,2,7,0.286,3,11,0.273,0,0,0,3,9,0.333
1630559,Austin Reaves,1610612747,LAL,27,Austin,83,106,0.783,52,104,0.5,15,30,0.5,5,10,0.5,5,10,0.5,60,173,0.347,0,0,0,10,20,0.5
1630245,Ayo Dosunmu,1610612750,MIN,26,Ayo,147,237,0.62,27,68,0.397,2,7,0.286,7,24,0.292,22,39,0.564,62,142,0.437,1,1,1,29,63,0.46
1628389,Bam Adebayo,1610612748,MIA,28,Bam,106,159,0.667,92,218,0.422,36,97,0.371,18,56,0.321,8,29,0.276,52,146,0.356,0,0,0,26,85,0.306
1631248,Baylor Scheierman,1610612738,BOS,25,Baylor,10,15,0.667,10,17,0.588,3,6,0.5,18,27,0.667,7,15,0.467,18,67,0.269,0,0,0,25,42,0.595
1642879,Ben Saraf,1610612751,BKN,19,Ben,16,35,0.457,10,25,0.4,0,5,0,1,5,0.2,1,5,0.2,10,38,0.263,0,0,0,2,10,0.2
1641767,Ben Sheppard,1610612754,IND,24,Ben,33,60,0.55,6,17,0.353,7,16,0.438,9,29,0.31,13,30,0.433,33,100,0.33,0,0,0,22,59,0.373
1631097,Bennedict Mathurin,1610612746,LAC,23,Bennedict,51,89,0.573,27,64,0.422,25,67,0.373,2,6,0.333,13,22,0.591,44,133,0.331,0,0,0,15,28,0.536
1641731,Bilal Coulibaly,1610612764,WAS,21,Bilal,63,94,0.67,11,56,0.196,3,8,0.375,9,27,0.333,9,21,0.429,11,63,0.175,0,0,0,18,48,0.375
202687,Bismack Biyombo,1610612759,SAS,33,Bismack,4,6,0.667,0,1,0,0,0,0,0,0,0,0,0,0,0,0,0,0,0,0,0,0,0
1642396,Blake Hinson,1610612762,UTA,26,Blake,0,0,0,1,1,1,0,0,0,1,1,1,1,3,0.333,1,2,0.5,0,0,0,2,4,0.5
1631104,Blake Wesley,1610612757,POR,22,Blake,20,28,0.714,0,8,0,2,9,0.222,0,3,0,1,2,0.5,6,17,0.353,0,0,0,1,5,0.2
1626171,Bobby Portis,1610612749,MIL,31,Bobby,51,79,0.646,54,116,0.466,68,149,0.456,29,55,0.527,14,29,0.483,54,131,0.412,0,0,0,43,84,0.512
1641752,Bobi Klintman,1610612765,DET,22,Bobi,3,5,0.6,1,5,0.2,0,2,0,0,4,0,0,0,0,3,8,0.375,0,0,0,0,4,0
203992,Bogdan Bogdanović,1610612746,LAC,33,Bogdan,8,16,0.5,6,16,0.375,7,15,0.467,2,4,0.5,3,6,0.5,19,64,0.297,0,0,0,5,10,0.5
1630538,Bones Hyland,1610612750,MIN,25,Bones,43,62,0.694,6,16,0.375,12,24,0.5,7,16,0.438,4,9,0.444,52,139,0.374,0,0,0,11,25,0.44
203078,Bradley Beal,1610612746,LAC,32,Bradley,6,9,0.667,3,12,0.25,2,8,0.25,1,2,0.5,0,2,0,6,15,0.4,0,0,0,1,4,0.25
1642382,Branden Carlson,1610612760,OKC,26,Branden,44,57,0.772,3,13,0.231,0,1,0,2,6,0.333,2,7,0.286,17,46,0.37,0,0,0,4,13,0.308
1641764,Brandin Podziemski,1610612744,GSW,22,Brandin,66,99,0.667,51,105,0.486,26,72,0.361,10,21,0.476,12,23,0.522,69,202,0.342,0,0,0,22,44,0.5
1629634,Brandon Clarke,1610612763,MEM,29,Brandon,2,5,0.4,1,4,0.25,0,0,0,0,0,0,0,0,0,0,0,0,0,0,0,0,0,0
1627742,Brandon Ingram,1610612761,TOR,28,Brandon,104,154,0.675,87,191,0.455,143,300,0.477,23,46,0.5,7,17,0.412,66,200,0.33,0,0,0,30,63,0.476
1641706,Brandon Miller,1610612766,CHA,23,Brandon,64,96,0.667,64,154,0.416,29,77,0.377,8,22,0.364,8,16,0.5,97,271,0.358,0,0,0,16,38,0.421
1630314,Brandon Williams,1610612742,DAL,26,Brandon,115,181,0.635,47,106,0.443,20,44,0.455,3,17,0.176,3,11,0.273,19,84,0.226,0,1,0,6,28,0.214
1641729,Brice Sensabaugh,1610612762,UTA,22,Brice,52,74,0.703,58,106,0.547,25,55,0.455,13,38,0.342,19,36,0.528,64,204,0.314,0,0,0,32,74,0.432
1642355,Bronny James,1610612747,LAL,21,Bronny,6,8,0.75,5,14,0.357,2,11,0.182,0,1,0,0,4,0,11,22,0.5,0,0,0,0,5,0
201572,Brook Lopez,1610612746,LAC,37,Brook,14,25,0.56,22,49,0.449,6,16,0.375,10,17,0.588,6,18,0.333,53,163,0.325,0,0,0,16,35,0.457
1642964,Brooks Barnhizer,1610612760,OKC,23,Brooks,9,15,0.6,3,10,0.3,1,5,0.2,1,5,0.2,3,5,0.6,1,6,0.167,0,0,0,4,10,0.4
1628971,Bruce Brown,1610612743,DEN,29,Bruce,96,144,0.667,28,89,0.315,4,23,0.174,5,13,0.385,12,29,0.414,14,46,0.304,0,0,0,17,42,0.405
1631121,Bryce McGowens,1610612740,NOP,23,Bryce,38,70,0.543,13,29,0.448,2,8,0.25,7,14,0.5,6,14,0.429,16,36,0.444,0,0,0,13,28,0.464
1642267,Bub Carrington,1610612764,WAS,20,Bub,16,35,0.457,20,61,0.328,41,89,0.461,4,7,0.571,9,29,0.31,97,244,0.398,0,0,0,13,36,0.361
1631205,Buddy Boeheim,1610612760,OKC,26,Buddy,0,0,0,0,0,0,0,0,0,1,3,0.333,1,1,1,0,2,0,NA,NA,NA,2,4,0.5
1627741,Buddy Hield,1610612737,ATL,33,Buddy,46,64,0.719,10,20,0.5,7,21,0.333,7,22,0.318,11,25,0.44,49,149,0.329,0,0,0,18,47,0.383
203468,CJ McCollum,1610612737,ATL,34,CJ,80,124,0.645,73,157,0.465,69,151,0.457,8,25,0.32,12,27,0.444,112,294,0.381,0,0,0,20,52,0.385
1630595,Cade Cunningham,1610612765,DET,24,Cade,148,230,0.643,116,267,0.434,62,131,0.473,0,4,0,3,9,0.333,87,260,0.335,0,0,0,3,13,0.231
1631216,Caleb Houstan,1610612737,ATL,23,Caleb,1,2,0.5,0,1,0,0,0,0,1,2,0.5,1,1,1,4,9,0.444,0,0,0,2,3,0.667
1631126,Caleb Love,1610612757,POR,24,Caleb,53,89,0.596,25,68,0.368,18,38,0.474,5,18,0.278,3,19,0.158,85,253,0.336,0,0,0,8,37,0.216
1628997,Caleb Martin,1610612742,DAL,30,Caleb,38,56,0.679,4,24,0.167,5,19,0.263,7,15,0.467,3,10,0.3,4,13,0.308,0,0,0,10,25,0.4
1642353,Cam Christie,1610612746,LAC,20,Cam,21,35,0.6,6,25,0.24,4,6,0.667,1,3,0.333,4,9,0.444,7,30,0.233,0,0,0,5,12,0.417
1642285,Cam Spencer,1610612763,MEM,25,Cam,21,35,0.6,35,71,0.493,28,55,0.509,11,24,0.458,2,4,0.5,97,218,0.445,0,0,0,13,28,0.464
1630560,Cam Thomas,1610612749,MIL,24,Cam,27,54,0.5,40,83,0.482,31,79,0.392,3,9,0.333,3,7,0.429,37,113,0.327,0,1,0,6,16,0.375
1641715,Cam Whitmore,1610612764,WAS,21,Cam,52,73,0.712,5,26,0.192,4,14,0.286,0,3,0,0,1,0,16,52,0.308,0,0,0,0,4,0
1629661,Cameron Johnson,1610612743,DEN,29,Cameron,49,73,0.671,5,25,0.2,12,33,0.364,8,20,0.4,10,23,0.435,41,92,0.446,0,0,0,18,43,0.419
1627747,Caris LeVert,1610612765,DET,31,Caris,38,51,0.745,19,51,0.373,5,18,0.278,4,12,0.333,5,9,0.556,30,93,0.323,0,0,0,9,21,0.429
1642868,Carter Bryant,1610612759,SAS,20,Carter,22,46,0.478,5,15,0.333,1,4,0.25,5,22,0.227,8,19,0.421,12,37,0.324,0,0,0,13,41,0.317
1641717,Cason Wallace,1610612760,OKC,22,Cason,70,112,0.625,17,55,0.309,5,13,0.385,15,40,0.375,12,30,0.4,44,134,0.328,0,0,0,27,70,0.386
1642907,Cedric Coward,1610612763,MEM,22,Cedric,102,146,0.699,52,112,0.464,8,31,0.258,6,29,0.207,10,33,0.303,55,147,0.374,0,0,0,16,62,0.258
1629646,Charles Bassey,1610612755,PHI,25,Charles,4,5,0.8,0,4,0,0,0,0,0,0,0,0,0,0,0,0,0,0,0,0,0,0,0
1642404,Chaz Lanier,1610612765,DET,24,Chaz,1,1,1,1,2,0.5,4,9,0.444,0,4,0,2,5,0.4,13,36,0.361,0,0,0,2,9,0.222
1631096,Chet Holmgren,1610612760,OKC,23,Chet,173,224,0.772,63,123,0.512,21,46,0.457,4,19,0.211,3,11,0.273,54,145,0.372,0,0,0,7,30,0.233
1628449,Chris Boucher,1610612738,BOS,33,Chris,5,7,0.714,1,2,0.5,0,1,0,0,2,0,0,1,0,2,12,0.167,0,0,0,0,3,0
1641753,Chris Livingston,1610612739,CLE,22,Chris,3,3,1,1,1,1,0,0,0,0,1,0,0,2,0,0,0,0,0,0,0,0,3,0
1643024,Chris Mañon,1610612747,LAL,24,Chris,0,0,0,0,0,0,0,0,0,0,0,0,0,0,0,0,1,0,0,0,0,0,0,0
101108,Chris Paul,1610612746,LAC,40,Chris,3,4,0.75,2,11,0.182,3,11,0.273,2,3,0.667,0,1,0,8,26,0.308,0,0,0,2,4,0.5
1642959,Chris Youngblood,1610612760,OKC,24,Chris,2,2,1,1,4,0.25,1,3,0.333,1,7,0.143,3,7,0.429,12,37,0.324,0,0,0,4,14,0.286
1631128,Christian Braun,1610612743,DEN,24,Christian,50,73,0.685,9,22,0.409,2,11,0.182,3,7,0.429,1,7,0.143,7,30,0.233,0,0,0,4,14,0.286
1631132,Christian Koloko,1610612737,ATL,25,Christian,19,34,0.559,4,17,0.235,2,4,0.5,0,2,0,0,0,0,1,3,0.333,0,0,0,0,2,0
1642935,Chucky Hepburn,1610612761,TOR,23,Chucky,0,0,0,0,0,0,0,1,0,0,0,0,0,0,0,0,5,0,0,0,0,0,0,0
203991,Clint Capela,1610612745,HOU,31,Clint,66,109,0.606,10,35,0.286,0,0,0,0,0,0,0,0,0,0,0,0,0,0,0,0,0,0
1629632,Coby White,1610612766,CHA,26,Coby,72,118,0.61,17,38,0.447,11,29,0.379,6,15,0.4,5,7,0.714,61,186,0.328,0,0,0,11,22,0.5
1628998,Cody Martin,1610612754,IND,30,Cody,1,1,1,1,3,0.333,0,1,0,0,2,0,0,0,0,0,3,0,0,0,0,0,2,0
1642262,Cody Williams,1610612762,UTA,21,Cody,62,86,0.721,23,55,0.418,5,10,0.5,7,29,0.241,7,22,0.318,2,18,0.111,0,0,0,14,51,0.275
1641732,Colby Jones,1610612765,DET,23,Colby,0,0,0,1,1,1,0,0,0,NA,NA,NA,0,2,0,0,0,0,NA,NA,NA,0,2,0
1630175,Cole Anthony,1610612756,PHX,25,Cole,24,45,0.533,37,80,0.463,15,34,0.441,5,11,0.455,2,6,0.333,15,55,0.273,0,0,0,7,17,0.412
1631221,Collin Gillespie,1610612756,PHX,26,Collin,22,43,0.512,42,86,0.488,23,62,0.371,22,46,0.478,11,18,0.611,130,321,0.405,0,0,0,33,64,0.516
1642867,Collin Murray-Boyles,1610612761,TOR,20,Collin,116,168,0.69,6,27,0.222,4,16,0.25,1,6,0.167,2,6,0.333,13,34,0.382,0,0,0,3,12,0.25
1629012,Collin Sexton,1610612741,CHI,27,Collin,99,146,0.678,45,109,0.413,17,46,0.37,8,19,0.421,5,7,0.714,47,132,0.356,0,0,0,13,26,0.5
1642843,Cooper Flagg,1610612742,DAL,19,Cooper,150,224,0.67,118,245,0.482,61,148,0.412,0,12,0,5,15,0.333,47,146,0.322,0,0,0,5,27,0.185
1630557,Corey Kispert,1610612737,ATL,26,Corey,45,69,0.652,16,27,0.593,0,3,0,6,18,0.333,5,12,0.417,43,119,0.361,0,0,0,11,30,0.367
1641854,Craig Porter Jr.,1610612739,CLE,25,Craig,38,56,0.679,21,62,0.339,7,14,0.5,5,10,0.5,4,11,0.364,17,48,0.354,0,0,0,9,21,0.429
1642938,Curtis Jones,1610612743,DEN,24,Curtis,1,2,0.5,2,3,0.667,0,0,0,0,0,0,0,1,0,1,8,0.125,0,0,0,0,1,0
1626156,D'Angelo Russell,1610612764,WAS,29,D'Angelo,17,27,0.63,26,58,0.448,18,35,0.514,1,9,0.111,1,9,0.111,31,94,0.33,0,0,0,2,18,0.111
1641747,DaRon Holmes II,1610612743,DEN,23,DaRon,4,7,0.571,0,1,0,1,1,1,3,4,0.75,1,3,0.333,10,27,0.37,0,0,0,4,7,0.571
1631342,Daeqwon Plowden,1610612758,SAC,27,Daeqwon,9,10,0.9,1,6,0.167,0,0,0,1,7,0.143,1,7,0.143,4,18,0.222,0,0,0,2,14,0.143
1630625,Dalano Banton,1610612746,LAC,26,Dalano,2,3,0.667,0,0,0,1,1,1,NA,NA,NA,0,0,0,0,0,0,NA,NA,NA,0,0,0
1631207,Dalen Terry,1610612755,PHI,23,Dalen,23,42,0.548,3,12,0.25,0,3,0,5,9,0.556,7,15,0.467,7,23,0.304,0,0,0,12,24,0.5
1642261,Dalton Knecht,1610612747,LAL,24,Dalton,24,32,0.75,17,29,0.586,5,11,0.455,4,16,0.25,3,9,0.333,23,73,0.315,0,0,0,7,25,0.28
1629655,Daniel Gafford,1610612742,DAL,27,Daniel,97,143,0.678,19,39,0.487,1,3,0.333,0,0,0,0,0,0,0,0,0,0,0,0,0,0,0
1642450,Daniss Jenkins,1610612765,DET,24,Daniss,39,56,0.696,22,71,0.31,23,59,0.39,6,17,0.353,5,8,0.625,31,87,0.356,1,1,1,11,25,0.44
1642874,Danny Wolf,1610612751,BKN,21,Danny,57,104,0.548,15,41,0.366,2,11,0.182,5,16,0.313,9,24,0.375,31,98,0.316,0,0,0,14,40,0.35
203967,Dario Saric,1610612758,SAC,31,Dario,0,2,0,0,0,0,0,1,0,0,1,0,1,1,1,0,1,0,0,0,0,1,2,0.5
1629636,Darius Garland,1610612746,LAC,26,Darius,39,70,0.557,52,101,0.515,20,42,0.476,1,6,0.167,6,15,0.4,52,143,0.364,0,0,0,7,21,0.333
1642357,David Jones Garcia,1610612759,SAS,24,David,6,14,0.429,4,6,0.667,0,0,0,0,0,0,0,0,0,3,5,0.6,0,0,0,0,0,0
1630558,Davion Mitchell,1610612748,MIA,27,Davion,53,95,0.558,43,86,0.5,12,30,0.4,0,7,0,2,10,0.2,53,120,0.442,0,0,0,2,17,0.118
1630549,Day'Ron Sharpe,1610612751,BKN,24,Day'Ron,136,181,0.751,25,59,0.424,0,3,0,2,3,0.667,2,7,0.286,3,22,0.136,0,0,0,4,10,0.4
1628368,De'Aaron Fox,1610612759,SAS,28,De'Aaron,95,143,0.664,98,179,0.547,43,97,0.443,14,30,0.467,12,25,0.48,64,200,0.32,0,0,0,26,55,0.473
1629631,De'Andre Hunter,1610612758,SAC,28,De'Andre,49,77,0.636,49,103,0.476,35,75,0.467,10,31,0.323,12,26,0.462,53,189,0.28,0,0,0,22,57,0.386
1629001,De'Anthony Melton,1610612744,GSW,27,De'Anthony,43,69,0.623,29,63,0.46,6,12,0.5,7,21,0.333,7,19,0.368,25,92,0.272,0,0,0,14,40,0.35
201599,DeAndre Jordan,1610612740,NOP,37,DeAndre,4,4,1,0,1,0,0,0,0,0,0,0,0,0,0,0,0,0,0,0,0,0,0,0
201942,DeMar DeRozan,1610612758,SAC,36,DeMar,60,81,0.741,101,189,0.534,168,357,0.471,13,30,0.433,4,16,0.25,24,76,0.316,0,0,0,17,46,0.37
1629731,Dean Wade,1610612739,CLE,29,Dean,26,42,0.619,5,6,0.833,3,6,0.5,8,25,0.32,13,34,0.382,30,91,0.33,0,0,0,21,59,0.356
1629028,Deandre Ayton,1610612747,LAL,27,Deandre,165,208,0.793,101,179,0.564,12,25,0.48,0,0,0,0,0,0,0,0,0,0,0,0,0,0,0
1630166,Deni Avdija,1610612757,POR,25,Deni,168,264,0.636,66,169,0.391,18,37,0.486,9,13,0.692,6,20,0.3,87,262,0.332,0,0,0,15,33,0.455
203471,Dennis Schröder,1610612739,CLE,32,Dennis,42,77,0.545,45,109,0.413,37,90,0.411,11,23,0.478,1,5,0.2,47,153,0.307,0,0,0,12,28,0.429
1641726,Dereck Lively II,1610612742,DAL,22,Dereck,10,16,0.625,1,2,0.5,0,0,0,0,0,0,0,0,0,0,0,0,0,0,0,0,0,0
1642852,Derik Queen,1610612740,NOP,21,Derik,164,262,0.626,54,139,0.388,26,72,0.361,1,4,0.25,5,16,0.313,9,34,0.265,0,0,0,6,20,0.3
1627884,Derrick Jones Jr.,1610612746,LAC,29,Derrick,43,53,0.811,7,22,0.318,2,3,0.667,12,25,0.48,3,11,0.273,13,34,0.382,0,0,0,15,36,0.417
1628401,Derrick White,1610612738,BOS,31,Derrick,51,74,0.689,58,148,0.392,52,115,0.452,9,27,0.333,12,27,0.444,128,405,0.316,0,0,0,21,54,0.389
1630217,Desmond Bane,1610612753,ORL,27,Desmond,151,249,0.606,80,175,0.457,43,99,0.434,14,37,0.378,6,18,0.333,82,219,0.374,0,0,0,20,55,0.364
1626164,Devin Booker,1610612756,PHX,29,Devin,80,117,0.684,107,226,0.473,95,201,0.473,2,6,0.333,4,12,0.333,68,219,0.311,0,1,0,6,18,0.333
1642269,Devin Carter,1610612758,SAC,23,Devin,23,30,0.767,10,27,0.37,1,6,0.167,1,2,0.5,0,2,0,8,44,0.182,0,0,0,1,4,0.25
1630170,Devin Vassell,1610612759,SAS,25,Devin,25,41,0.61,31,67,0.463,55,111,0.495,10,34,0.294,15,40,0.375,71,197,0.36,0,0,0,25,74,0.338
1628415,Dillon Brooks,1610612756,PHX,30,Dillon,65,97,0.67,115,227,0.507,85,202,0.421,10,33,0.303,6,23,0.261,100,282,0.355,0,0,0,16,56,0.286
1641794,Dillon Jones,1610612752,NYK,24,Dillon,0,0,0,0,0,0,0,2,0,1,1,1,0,0,0,0,2,0,0,0,0,1,1,1
1627734,Domantas Sabonis,1610612758,SAC,29,Domantas,82,125,0.656,27,60,0.45,6,9,0.667,0,3,0,1,3,0.333,4,21,0.19,0,0,0,1,6,0.167
1631230,Dominick Barlow,1610612755,PHI,22,Dominick,110,148,0.743,16,43,0.372,2,9,0.222,7,29,0.241,7,21,0.333,4,12,0.333,0,0,0,14,50,0.28
1642270,Donovan Clingan,1610612757,POR,21,Donovan,157,229,0.686,20,46,0.435,5,9,0.556,0,2,0,2,12,0.167,49,145,0.338,0,0,0,2,14,0.143
1628378,Donovan Mitchell,1610612739,CLE,29,Donovan,152,224,0.679,112,216,0.519,67,128,0.523,13,29,0.448,9,27,0.333,163,436,0.374,0,0,0,22,56,0.393
1628978,Donte DiVincenzo,1610612750,MIN,29,Donte,45,78,0.577,15,44,0.341,11,19,0.579,22,64,0.344,19,49,0.388,130,334,0.389,0,0,0,41,113,0.363
1627827,Dorian Finney-Smith,1610612745,HOU,32,Dorian,6,11,0.545,1,2,0.5,0,1,0,2,11,0.182,1,12,0.083,10,30,0.333,0,0,0,3,23,0.13
203926,Doug McDermott,1610612758,SAC,34,Doug,1,1,1,0,0,0,0,0,0,5,9,0.556,2,2,1,7,26,0.269,0,0,0,7,11,0.636
1642962,Drake Powell,1610612751,BKN,20,Drake,30,44,0.682,12,33,0.364,16,25,0.64,7,20,0.35,2,13,0.154,23,74,0.311,0,0,0,9,33,0.273
203110,Draymond Green,1610612744,GSW,35,Draymond,56,82,0.683,14,34,0.412,3,13,0.231,11,33,0.333,16,37,0.432,43,144,0.299,0,0,0,27,70,0.386
1629234,Drew Eubanks,1610612758,SAC,29,Drew,39,49,0.796,27,51,0.529,2,9,0.222,0,0,0,1,3,0.333,0,2,0,0,0,0,1,3,0.333
1641809,Drew Peterson,1610612766,CHA,26,Drew,2,3,0.667,0,1,0,0,0,0,0,4,0,0,1,0,0,7,0,0,0,0,0,5,0
1631166,Drew Timme,1610612747,LAL,25,Drew,10,15,0.667,6,9,0.667,3,5,0.6,1,2,0.5,2,4,0.5,4,11,0.364,0,0,0,3,6,0.5
1630696,Dru Smith,1610612748,MIA,28,Dru,46,77,0.597,27,74,0.365,5,10,0.5,8,24,0.333,7,20,0.35,20,70,0.286,0,0,0,15,44,0.341
1629130,Duncan Robinson,1610612765,DET,31,Duncan,34,46,0.739,25,50,0.5,3,10,0.3,15,40,0.375,25,58,0.431,109,274,0.398,0,0,0,40,98,0.408
1641871,Duop Reath,1610612757,POR,29,Duop,9,14,0.643,1,5,0.2,0,0,0,3,8,0.375,7,14,0.5,13,33,0.394,0,0,0,10,22,0.455
203939,Dwight Powell,1610612742,DAL,34,Dwight,36,54,0.667,0,2,0,1,1,1,0,0,0,0,2,0,0,0,0,0,0,0,0,2,0
1642928,Dylan Cardwell,1610612758,SAC,24,Dylan,47,62,0.758,16,42,0.381,4,7,0.571,0,0,0,0,1,0,0,0,0,0,0,0,0,1,0
1642844,Dylan Harper,1610612759,SAS,19,Dylan,117,191,0.613,29,70,0.414,16,37,0.432,4,9,0.444,4,16,0.25,19,82,0.232,0,0,0,8,25,0.32
1630700,Dyson Daniels,1610612737,ATL,22,Dyson,173,262,0.66,86,201,0.428,5,12,0.417,1,10,0.1,2,12,0.167,7,53,0.132,0,0,0,3,22,0.136
1630604,E.J. Liddell,1610612751,BKN,25,E.J.,2,2,1,2,3,0.667,0,1,0,2,3,0.667,1,2,0.5,1,6,0.167,0,0,0,3,5,0.6
1642856,Egor Dëmin,1610612751,BKN,19,Egor,30,52,0.577,12,33,0.364,7,28,0.25,11,20,0.55,11,25,0.44,94,248,0.379,0,0,0,22,45,0.489
1641989,Elijah Harkless,1610612762,UTA,26,Elijah,1,2,0.5,0,0,0,1,2,0.5,0,0,0,2,2,1,0,5,0,0,0,0,2,2,1
1641801,Emanuel Miller,1610612739,CLE,25,Emanuel,1,3,0.333,2,3,0.667,1,1,1,2,2,1,0,0,0,0,4,0,0,0,0,2,2,1
1642402,Enrique Freeman,1610612750,MIN,25,Enrique,0,0,0,0,0,0,0,0,0,NA,NA,NA,NA,NA,NA,0,0,0,0,0,0,NA,NA,NA
201569,Eric Gordon,1610612755,PHI,37,Eric,4,6,0.667,0,1,0,0,0,0,1,1,1,1,1,1,6,12,0.5,0,0,0,2,2,1
1630679,Ethan Thompson,1610612754,IND,26,Ethan,9,13,0.692,6,13,0.462,3,10,0.3,4,14,0.286,5,15,0.333,12,37,0.324,0,0,0,9,29,0.31
1630596,Evan Mobley,1610612739,CLE,24,Evan,170,232,0.733,55,139,0.396,18,38,0.474,2,9,0.222,2,10,0.2,44,139,0.317,0,1,0,4,19,0.211
1630532,Franz Wagner,1610612753,ORL,24,Franz,99,152,0.651,53,126,0.421,11,35,0.314,3,7,0.429,5,11,0.455,34,97,0.351,0,0,0,8,18,0.444
1641713,GG Jackson,1610612763,MEM,21,GG,55,79,0.696,19,42,0.452,3,6,0.5,10,21,0.476,11,23,0.478,12,57,0.211,0,0,0,21,44,0.477
1629216,Gabe Vincent,1610612737,ATL,29,Gabe,2,5,0.4,3,14,0.214,3,10,0.3,8,18,0.444,5,14,0.357,25,75,0.333,0,0,0,13,32,0.406
202066,Garrett Temple,1610612761,TOR,39,Garrett,0,0,0,0,2,0,0,0,0,0,1,0,0,0,0,1,4,0.25,0,0,0,0,1,0
1629726,Garrison Mathews,1610612754,IND,29,Garrison,2,4,0.5,1,1,1,1,1,1,2,2,1,6,15,0.4,9,29,0.31,0,0,0,8,17,0.471
203914,Gary Harris,1610612749,MIL,31,Gary,9,13,0.692,2,8,0.25,2,6,0.333,10,18,0.556,5,12,0.417,5,17,0.294,0,0,0,15,30,0.5
1627780,Gary Payton II,1610612744,GSW,33,Gary,81,121,0.669,14,28,0.5,1,3,0.333,10,15,0.667,3,15,0.2,8,38,0.211,0,0,0,13,30,0.433
1629018,Gary Trent Jr.,1610612749,MIL,27,Gary,9,16,0.563,19,44,0.432,13,33,0.394,18,41,0.439,18,36,0.5,56,176,0.318,0,0,0,36,77,0.468
203507,Giannis Antetokounmpo,1610612749,MIL,31,Giannis,258,328,0.787,23,53,0.434,18,68,0.265,1,1,1,0,0,0,14,37,0.378,0,0,0,1,1,1
1629048,Goga Bitadze,1610612753,ORL,26,Goga,90,117,0.769,11,20,0.55,0,3,0,1,2,0.5,0,2,0,1,6,0.167,0,0,0,1,4,0.25
1641711,Gradey Dick,1610612761,TOR,22,Gradey,51,76,0.671,12,35,0.343,14,31,0.452,11,27,0.407,15,34,0.441,22,92,0.239,0,0,0,26,61,0.426
1629684,Grant Williams,1610612766,CHA,27,Grant,6,11,0.545,4,8,0.5,3,4,0.75,3,7,0.429,4,10,0.4,7,35,0.2,0,0,0,7,17,0.412
1628960,Grayson Allen,1610612756,PHX,30,Grayson,45,65,0.692,31,80,0.388,4,9,0.444,12,27,0.444,4,16,0.25,101,274,0.369,0,0,0,16,43,0.372
1627824,Guerschon Yabusele,1610612741,CHI,30,Guerschon,21,33,0.636,4,15,0.267,3,6,0.5,8,18,0.444,7,21,0.333,15,53,0.283,0,0,0,15,39,0.385
1630611,Gui Santos,1610612744,GSW,23,Gui,49,64,0.766,7,15,0.467,2,4,0.5,10,18,0.556,6,15,0.4,21,67,0.313,0,0,0,16,33,0.485
203084,Harrison Barnes,1610612759,SAS,33,Harrison,58,81,0.716,29,69,0.42,6,17,0.353,26,65,0.4,31,79,0.392,45,128,0.352,0,0,0,57,144,0.396
1631127,Harrison Ingram,1610612759,SAS,23,Harrison,2,2,1,0,1,0,0,0,0,NA,NA,NA,0,0,0,1,1,1,0,0,0,0,0,0
1630529,Herbert Jones,1610612740,NOP,27,Herbert,47,85,0.553,11,30,0.367,7,18,0.389,4,19,0.211,12,35,0.343,28,91,0.308,0,0,0,16,54,0.296
1642864,Hugo González,1610612738,BOS,20,Hugo,41,56,0.732,8,24,0.333,1,7,0.143,6,18,0.333,5,13,0.385,14,45,0.311,0,0,0,11,31,0.355
1630621,Hunter Dickinson,1610612740,NOP,25,Hunter,0,0,0,1,1,1,0,1,0,0,0,0,NA,NA,NA,0,0,0,0,0,0,0,0,0
1642282,Hunter Sallis,1610612755,PHI,22,Hunter,2,3,0.667,1,2,0.5,0,0,0,0,0,0,0,0,0,0,0,0,NA,NA,NA,0,0,0
1641816,Hunter Tyson,1610612743,DEN,25,Hunter,5,11,0.455,1,6,0.167,1,2,0.5,0,1,0,0,7,0,7,25,0.28,0,0,0,0,8,0
1630193,Immanuel Quickley,1610612761,TOR,26,Immanuel,58,86,0.674,87,181,0.481,25,61,0.41,6,17,0.353,14,35,0.4,119,314,0.379,0,0,0,20,52,0.385
1642403,Isaac Jones,1610612765,DET,25,Isaac,2,2,1,0,0,0,0,0,0,0,1,0,NA,NA,NA,0,1,0,0,0,0,0,1,0
1630171,Isaac Okoro,1610612741,CHI,25,Isaac,94,147,0.639,8,26,0.308,0,1,0,14,45,0.311,17,43,0.395,17,60,0.283,0,0,0,31,88,0.352
1642268,Isaiah Collier,1610612762,UTA,21,Isaiah,87,118,0.737,73,157,0.465,4,15,0.267,4,10,0.4,2,8,0.25,16,57,0.281,0,0,0,6,18,0.333
1642384,Isaiah Crawford,1610612745,HOU,24,Isaiah,1,1,1,0,0,0,1,1,1,0,2,0,1,2,0.5,0,0,0,0,0,0,1,4,0.25
1628392,Isaiah Hartenstein,1610612760,OKC,27,Isaiah,97,126,0.77,32,68,0.471,5,12,0.417,0,2,0,0,0,0,0,3,0,0,0,0,0,2,0
1630543,Isaiah Jackson,1610612746,LAC,24,Isaiah,80,119,0.672,18,41,0.439,0,6,0,0,0,0,0,0,0,0,1,0,0,0,0,0,0,0
1630198,Isaiah Joe,1610612760,OKC,26,Isaiah,20,33,0.606,10,17,0.588,9,22,0.409,17,38,0.447,19,32,0.594,78,205,0.38,0,0,0,36,70,0.514
1630587,Isaiah Livers,1610612756,PHX,27,Isaiah,9,12,0.75,0,3,0,1,2,0.5,4,10,0.4,2,6,0.333,6,19,0.316,0,0,0,6,16,0.375
1641815,Isaiah Stevens,1610612758,SAC,25,Isaiah,2,3,0.667,1,3,0.333,0,0,0,0,0,0,0,0,0,0,1,0,0,0,0,0,0,0
1630191,Isaiah Stewart,1610612765,DET,24,Isaiah,117,153,0.765,30,76,0.395,2,4,0.5,10,26,0.385,9,21,0.429,15,59,0.254,0,0,0,19,47,0.404
1627826,Ivica Zubac,1610612754,IND,28,Ivica,171,241,0.71,88,178,0.494,4,10,0.4,0,0,0,0,0,0,0,0,0,0,0,0,0,0,0
1631120,JD Davison,1610612745,HOU,23,JD,5,7,0.714,6,13,0.462,1,4,0.25,0,2,0,0,5,0,8,20,0.4,0,0,0,0,7,0
1629630,Ja Morant,1610612763,MEM,26,Ja,51,84,0.607,46,115,0.4,15,38,0.395,1,3,0.333,5,9,0.556,14,73,0.192,0,0,0,6,12,0.5
1642266,Ja'Kobe Walter,1610612761,TOR,21,Ja'Kobe,37,59,0.627,9,19,0.474,1,5,0.2,10,20,0.5,17,36,0.472,23,87,0.264,0,0,0,27,56,0.482
1631095,Jabari Smith Jr.,1610612745,HOU,22,Jabari,77,114,0.675,53,112,0.473,38,101,0.376,22,57,0.386,25,63,0.397,68,201,0.338,0,0,0,47,120,0.392
1631133,Jabari Walker,1610612755,PHI,23,Jabari,39,68,0.574,1,10,0.1,1,3,0.333,3,14,0.214,7,22,0.318,7,27,0.259,0,0,0,10,36,0.278
1631210,Jacob Toppin,1610612737,ATL,25,Jacob,3,3,1,1,2,0.5,0,1,0,0,0,0,0,0,0,0,0,0,0,0,0,0,0,0
1630702,Jaden Hardy,1610612764,WAS,23,Jaden,11,23,0.478,16,37,0.432,5,12,0.417,8,19,0.421,5,22,0.227,36,88,0.409,0,0,0,13,41,0.317
1631093,Jaden Ivey,1610612741,CHI,24,Jaden,34,57,0.596,12,34,0.353,18,31,0.581,7,19,0.368,2,4,0.5,41,111,0.369,0,0,0,9,23,0.391
1630183,Jaden McDaniels,1610612750,MIN,25,Jaden,118,170,0.694,72,169,0.426,33,68,0.485,13,35,0.371,25,42,0.595,45,106,0.425,0,0,0,38,77,0.494
1630256,Jae'Sean Tate,1610612745,HOU,30,Jae'Sean,19,25,0.76,9,22,0.409,2,4,0.5,4,10,0.4,1,4,0.25,2,8,0.25,0,0,0,5,14,0.357
1642942,Jahmai Mashack,1610612763,MEM,23,Jahmai,9,13,0.692,4,10,0.4,0,0,0,0,1,0,1,4,0.25,6,18,0.333,0,0,0,1,5,0.2
1642443,Jahmir Young,1610612748,MIA,25,Jahmir,3,8,0.375,2,2,1,0,2,0,1,2,0.5,0,0,0,1,5,0.2,0,0,0,1,2,0.5
1643141,Jahmyl Telfort,1610612746,LAC,24,Jahmyl,0,0,0,0,0,0,0,0,0,0,1,0,0,1,0,0,2,0,0,0,0,0,2,0
1631170,Jaime Jaquez Jr.,1610612748,MIA,25,Jaime,160,232,0.69,102,244,0.418,25,44,0.568,8,25,0.32,5,11,0.455,14,66,0.212,0,0,0,13,36,0.361
1631222,Jake LaRavia,1610612747,LAL,24,Jake,87,118,0.737,32,79,0.405,1,5,0.2,15,58,0.259,11,31,0.355,35,97,0.361,0,1,0,26,89,0.292
1627751,Jakob Poeltl,1610612761,TOR,30,Jakob,73,93,0.785,15,34,0.441,4,7,0.571,0,0,0,0,0,0,0,0,0,0,0,0,0,0,0
1628973,Jalen Brunson,1610612752,NYK,29,Jalen,99,157,0.631,140,284,0.493,96,193,0.497,11,27,0.407,17,40,0.425,118,323,0.365,0,0,0,28,67,0.418
1631105,Jalen Duren,1610612765,DET,22,Jalen,220,312,0.705,73,150,0.487,10,18,0.556,0,0,0,0,0,0,0,0,0,0,0,0,0,0,0
1630224,Jalen Green,1610612756,PHX,24,Jalen,8,17,0.471,0,3,0,6,9,0.667,2,4,0.5,0,1,0,11,32,0.344,0,0,0,2,5,0.4
1630552,Jalen Johnson,1610612737,ATL,24,Jalen,197,270,0.73,120,273,0.44,32,83,0.386,1,7,0.143,4,12,0.333,78,216,0.361,0,0,0,5,19,0.263
1629618,Jalen Pickett,1610612743,DEN,26,Jalen,17,28,0.607,14,28,0.5,10,32,0.313,6,14,0.429,3,12,0.25,31,81,0.383,0,0,0,9,26,0.346
1630188,Jalen Smith,1610612741,CHI,25,Jalen,83,124,0.669,9,22,0.409,2,7,0.286,8,19,0.421,9,24,0.375,49,132,0.371,0,0,0,17,43,0.395
1630591,Jalen Suggs,1610612753,ORL,24,Jalen,52,77,0.675,25,53,0.472,23,43,0.535,9,20,0.45,6,15,0.4,49,162,0.302,0,0,0,15,35,0.429
1631114,Jalen Williams,1610612760,OKC,24,Jalen,83,124,0.669,50,114,0.439,22,63,0.349,3,8,0.375,0,2,0,17,54,0.315,0,0,0,3,10,0.3
1630592,Jalen Wilson,1610612751,BKN,25,Jalen,15,33,0.455,8,26,0.308,1,4,0.25,10,18,0.556,2,9,0.222,23,72,0.319,0,0,0,12,27,0.444
1631288,Jamal Cain,1610612753,ORL,26,Jamal,3,9,0.333,3,6,0.5,3,4,0.75,2,5,0.4,2,7,0.286,2,7,0.286,0,0,0,4,12,0.333
1627750,Jamal Murray,1610612743,DEN,28,Jamal,112,172,0.651,93,196,0.474,91,197,0.462,11,22,0.5,6,16,0.375,139,332,0.419,2,2,1,17,38,0.447
1642347,Jamal Shead,1610612761,TOR,23,Jamal,38,69,0.551,25,77,0.325,3,14,0.214,3,16,0.188,5,21,0.238,53,153,0.346,0,0,0,8,37,0.216
1631123,Jamaree Bouyea,1610612756,PHX,26,Jamaree,32,36,0.889,19,44,0.432,10,25,0.4,3,5,0.6,3,9,0.333,12,38,0.316,0,0,0,6,14,0.429
201935,James Harden,1610612739,CLE,36,James,101,153,0.66,68,177,0.384,26,66,0.394,1,6,0.167,3,17,0.176,139,385,0.361,0,0,0,4,23,0.174
1630164,James Wiseman,1610612754,IND,24,James,5,7,0.714,1,2,0.5,0,1,0,0,0,0,0,0,0,0,0,0,0,0,0,0,0,0
1642364,Jamir Watkins,1610612764,WAS,24,Jamir,28,37,0.757,4,16,0.25,1,3,0.333,3,15,0.2,5,14,0.357,7,35,0.2,0,0,0,8,29,0.276
1642419,Jamison Battle,1610612761,TOR,24,Jamison,19,29,0.655,3,5,0.6,2,4,0.5,8,15,0.533,1,5,0.2,13,32,0.406,0,1,0,9,20,0.45
1641716,Jarace Walker,1610612754,IND,22,Jarace,55,101,0.545,41,110,0.373,13,36,0.361,8,18,0.444,10,22,0.455,68,196,0.347,0,0,0,18,40,0.45
1642272,Jared McCain,1610612760,OKC,21,Jared,28,58,0.483,17,43,0.395,6,26,0.231,4,18,0.222,8,16,0.5,39,99,0.394,0,0,0,12,34,0.353
1628991,Jaren Jackson Jr.,1610612762,UTA,26,Jaren,86,139,0.619,148,287,0.516,24,58,0.414,9,25,0.36,11,30,0.367,64,180,0.356,0,0,0,20,55,0.364
1629020,Jarred Vanderbilt,1610612747,LAL,26,Jarred,57,91,0.626,6,13,0.462,0,1,0,13,32,0.406,11,44,0.25,0,3,0,0,0,0,24,76,0.316
1628386,Jarrett Allen,1610612739,CLE,27,Jarrett,163,212,0.769,73,154,0.474,11,23,0.478,0,2,0,0,3,0,1,4,0.25,0,0,0,0,5,0
1642859,Jase Richardson,1610612753,ORL,20,Jase,28,41,0.683,15,37,0.405,5,10,0.5,6,13,0.462,5,13,0.385,14,41,0.341,0,0,0,11,26,0.423
1642914,Javon Small,1610612763,MEM,23,Javon,16,26,0.615,6,23,0.261,1,6,0.167,0,2,0,1,1,1,17,47,0.362,0,0,0,1,3,0.333
1631451,Javonte Cooke,1610612757,POR,26,Javonte,2,6,0.333,4,10,0.4,0,0,0,0,2,0,0,2,0,3,15,0.2,0,0,0,0,4,0
1629750,Javonte Green,1610612765,DET,32,Javonte,54,84,0.643,11,26,0.423,2,10,0.2,12,24,0.5,16,37,0.432,28,95,0.295,0,0,0,28,61,0.459
1629637,Jaxson Hayes,1610612747,LAL,25,Jaxson,105,131,0.802,22,34,0.647,0,0,0,0,0,0,0,0,0,2,2,1,0,0,0,0,0,0
1630643,Jay Huff,1610612754,IND,28,Jay,85,111,0.766,15,25,0.6,1,1,1,2,15,0.133,5,18,0.278,68,205,0.332,0,0,0,7,33,0.212
1627759,Jaylen Brown,1610612738,BOS,29,Jaylen,161,223,0.722,149,308,0.484,122,281,0.434,6,20,0.3,6,12,0.5,90,261,0.345,0,0,0,12,32,0.375
1641740,Jaylen Clark,1610612750,MIN,24,Jaylen,37,61,0.607,13,31,0.419,2,7,0.286,7,27,0.259,8,22,0.364,6,22,0.273,0,1,0,15,49,0.306
1642377,Jaylen Wells,1610612763,MEM,22,Jaylen,58,100,0.58,33,74,0.446,35,80,0.438,19,63,0.302,16,34,0.471,56,172,0.326,0,0,0,35,97,0.361
1631119,Jaylin Williams,1610612760,OKC,23,Jaylin,17,30,0.567,9,22,0.409,6,9,0.667,6,20,0.3,3,13,0.231,41,123,0.333,0,0,0,9,33,0.273
1642281,Jaylon Tyson,1610612739,CLE,23,Jaylon,104,171,0.608,46,99,0.465,9,23,0.391,26,50,0.52,20,47,0.426,58,122,0.475,0,0,0,46,97,0.474
201145,Jeff Green,1610612745,HOU,39,Jeff,3,5,0.6,1,2,0.5,1,2,0.5,3,4,0.75,1,2,0.5,6,17,0.353,0,0,0,4,6,0.667
203924,Jerami Grant,1610612757,POR,31,Jerami,106,168,0.631,21,72,0.292,12,41,0.293,11,33,0.333,28,61,0.459,53,152,0.349,0,0,0,39,94,0.415
1642847,Jeremiah Fears,1610612740,NOP,19,Jeremiah,150,261,0.575,50,140,0.357,23,75,0.307,7,14,0.5,5,10,0.5,47,158,0.297,0,0,0,12,24,0.5
1630526,Jeremiah Robinson-Earl,1610612742,DAL,25,Jeremiah,21,44,0.477,3,8,0.375,3,7,0.429,3,11,0.273,2,13,0.154,5,17,0.294,0,0,0,5,24,0.208
1631110,Jeremy Sochan,1610612752,NYK,22,Jeremy,28,46,0.609,10,16,0.625,0,2,0,1,3,0.333,6,16,0.375,2,16,0.125,0,0,0,7,19,0.368
1630579,Jericho Sims,1610612749,MIL,27,Jericho,59,71,0.831,5,6,0.833,0,1,0,0,0,0,0,0,0,0,0,0,0,0,0,0,0,0
1641724,Jett Howard,1610612753,ORL,22,Jett,11,21,0.524,10,24,0.417,3,5,0.6,6,15,0.4,2,6,0.333,21,65,0.323,0,0,0,8,21,0.381
1628975,Jevon Carter,1610612753,ORL,30,Jevon,4,12,0.333,3,7,0.429,2,7,0.286,7,20,0.35,4,7,0.571,21,53,0.396,0,0,0,11,27,0.407
202710,Jimmy Butler III,1610612744,GSW,36,Jimmy,138,198,0.697,47,109,0.431,23,70,0.329,9,19,0.474,7,19,0.368,16,47,0.34,0,0,0,16,38,0.421
1642866,Joan Beringer,1610612750,MIN,19,Joan,35,52,0.673,2,4,0.5,0,0,0,0,0,0,0,0,0,0,0,0,0,0,0,0,0,0
1629111,Jock Landale,1610612737,ATL,30,Jock,100,155,0.645,55,97,0.567,8,22,0.364,4,16,0.25,11,21,0.524,42,106,0.396,0,0,0,15,37,0.405
204060,Joe Ingles,1610612750,MIN,38,Joe,1,2,0.5,0,0,0,0,0,0,0,0,0,1,1,1,1,5,0.2,0,0,0,1,1,1
203954,Joel Embiid,1610612755,PHI,31,Joel,97,147,0.66,55,117,0.47,87,177,0.492,1,4,0.25,1,2,0.5,37,116,0.319,0,0,0,2,6,0.333
1628381,John Collins,1610612746,LAC,28,John,141,181,0.779,46,103,0.447,18,39,0.462,26,55,0.473,26,54,0.481,19,56,0.339,0,0,0,52,109,0.477
1629723,John Konchar,1610612762,UTA,29,John,25,34,0.735,3,3,1,0,2,0,4,22,0.182,2,5,0.4,7,20,0.35,0,0,0,6,27,0.222
1641780,Johni Broome,1610612755,PHI,23,Johni,3,10,0.3,1,7,0.143,0,2,0,0,0,0,0,1,0,0,4,0,0,0,0,0,1,0
1642277,Johnny Furphy,1610612754,IND,21,Johnny,43,62,0.694,4,13,0.308,0,3,0,3,11,0.273,7,19,0.368,13,41,0.317,0,0,0,10,30,0.333
1630548,Johnny Juzang,1610612750,MIN,24,Johnny,4,5,0.8,4,6,0.667,2,3,0.667,1,3,0.333,1,7,0.143,4,14,0.286,0,0,0,2,10,0.2
202685,Jonas Valančiūnas,1610612743,DEN,33,Jonas,70,108,0.648,59,99,0.596,23,47,0.489,1,1,1,0,0,0,4,17,0.235,0,0,0,1,1,1
1628371,Jonathan Isaac,1610612753,ORL,28,Jonathan,28,41,0.683,4,10,0.4,2,7,0.286,2,10,0.2,4,15,0.267,1,11,0.091,0,0,0,6,25,0.24
1630228,Jonathan Kuminga,1610612737,ATL,23,Jonathan,42,67,0.627,24,54,0.444,5,20,0.25,6,15,0.4,2,7,0.286,9,31,0.29,0,0,0,8,22,0.364
1642367,Jonathan Mogbo,1610612761,TOR,24,Jonathan,10,20,0.5,4,8,0.5,0,0,0,0,0,0,0,0,0,0,0,0,0,0,0,0,0,0
203903,Jordan Clarkson,1610612752,NYK,33,Jordan,47,79,0.595,51,102,0.5,13,34,0.382,14,43,0.326,12,34,0.353,36,109,0.33,0,0,0,26,77,0.338
1630692,Jordan Goodwin,1610612756,PHX,27,Jordan,67,112,0.598,18,61,0.295,8,26,0.308,17,45,0.378,7,31,0.226,56,152,0.368,0,0,0,24,76,0.316
1641722,Jordan Hawkins,1610612740,NOP,23,Jordan,8,17,0.471,2,12,0.167,16,47,0.34,6,12,0.5,5,10,0.5,19,74,0.257,0,0,0,11,22,0.5
1629162,Jordan McLaughlin,1610612759,SAS,29,Jordan,9,14,0.643,1,6,0.167,0,3,0,1,7,0.143,3,6,0.5,6,11,0.545,0,0,0,4,13,0.308
1641757,Jordan Miller,1610612746,LAC,26,Jordan,48,71,0.676,25,54,0.463,5,6,0.833,5,16,0.313,2,7,0.286,18,47,0.383,0,0,0,7,23,0.304
1629673,Jordan Poole,1610612740,NOP,26,Jordan,35,74,0.473,14,36,0.389,5,17,0.294,2,7,0.286,8,12,0.667,61,192,0.318,0,0,0,10,19,0.526
1641775,Jordan Walsh,1610612738,BOS,21,Jordan,61,84,0.726,8,24,0.333,1,5,0.2,8,20,0.4,5,13,0.385,19,53,0.358,0,0,0,13,33,0.394
1630631,Jose Alvarado,1610612752,NYK,27,Jose,33,48,0.688,17,43,0.395,1,4,0.25,13,30,0.433,9,32,0.281,58,153,0.379,0,0,0,22,62,0.355
1630581,Josh Giddey,1610612741,CHI,23,Josh,99,168,0.589,51,109,0.468,8,32,0.25,4,12,0.333,4,11,0.364,51,138,0.37,0,0,0,8,23,0.348
1630182,Josh Green,1610612766,CHA,25,Josh,10,18,0.556,5,10,0.5,0,1,0,12,25,0.48,12,21,0.571,9,29,0.31,0,0,0,24,46,0.522
1628404,Josh Hart,1610612752,NYK,30,Josh,84,122,0.689,32,71,0.451,12,34,0.353,13,27,0.481,11,22,0.5,44,118,0.373,0,0,0,24,49,0.49
1631169,Josh Minott,1610612751,BKN,23,Josh,29,37,0.784,6,20,0.3,0,2,0,3,13,0.231,8,15,0.533,23,49,0.469,0,0,0,11,28,0.393
1629006,Josh Okogie,1610612745,HOU,27,Josh,40,70,0.571,8,24,0.333,1,4,0.25,9,34,0.265,20,48,0.417,18,39,0.462,0,0,0,29,82,0.354
201950,Jrue Holiday,1610612757,POR,35,Jrue,42,62,0.677,40,84,0.476,11,29,0.379,3,10,0.3,4,8,0.5,57,153,0.373,0,0,0,7,18,0.389
1630577,Julian Champagnie,1610612759,SAS,24,Julian,49,65,0.754,10,31,0.323,4,9,0.444,29,70,0.414,13,50,0.26,87,230,0.378,0,0,0,42,120,0.35
1641763,Julian Phillips,1610612750,MIN,22,Julian,21,36,0.583,1,5,0.2,1,1,1,4,20,0.2,6,14,0.429,6,16,0.375,0,0,0,10,34,0.294
1631124,Julian Strawther,1610612743,DEN,23,Julian,27,39,0.692,17,38,0.447,4,9,0.444,4,13,0.308,7,12,0.583,11,44,0.25,0,0,0,11,25,0.44
203944,Julius Randle,1610612750,MIN,31,Julius,199,289,0.689,103,209,0.493,49,125,0.392,14,35,0.4,6,25,0.24,67,208,0.322,0,0,0,20,60,0.333
1630551,Justin Champagnie,1610612764,WAS,24,Justin,101,145,0.697,13,39,0.333,0,5,0,8,25,0.32,5,15,0.333,22,69,0.319,0,0,0,13,40,0.325
1642348,Justin Edwards,1610612755,PHI,22,Justin,18,28,0.643,10,27,0.37,3,6,0.5,6,16,0.375,3,7,0.429,28,87,0.322,0,0,0,9,23,0.391
203994,Jusuf Nurkić,1610612762,UTA,31,Jusuf,77,132,0.583,74,140,0.529,4,15,0.267,2,4,0.5,0,0,0,23,67,0.343,0,0,0,2,4,0.5
1642354,KJ Simpson,1610612766,CHA,23,KJ,11,24,0.458,7,20,0.35,1,6,0.167,1,3,0.333,2,3,0.667,9,33,0.273,0,0,0,3,6,0.5
1642955,Kadary Richmond,1610612764,WAS,24,Kadary,1,1,1,0,0,0,0,0,0,0,0,0,0,0,0,1,1,1,0,0,0,0,0,0
1642880,Kam Jones,1610612754,IND,23,Kam,9,10,0.9,8,21,0.381,2,2,1,0,5,0,0,3,0,5,17,0.294,0,0,0,0,8,0
1626157,Karl-Anthony Towns,1610612752,NYK,30,Karl-Anthony,197,329,0.599,47,115,0.409,9,42,0.214,3,6,0.5,2,4,0.5,75,218,0.344,0,0,0,5,10,0.5
1631255,Karlo Matković,1610612740,NOP,24,Karlo,62,76,0.816,3,16,0.188,0,1,0,6,14,0.429,7,11,0.636,10,28,0.357,0,0,0,13,25,0.52
1642857,Kasparas Jakučionis,1610612748,MIA,19,Kasparas,11,27,0.407,3,13,0.231,0,6,0,10,22,0.455,8,10,0.8,19,50,0.38,0,0,0,18,32,0.563
202695,Kawhi Leonard,1610612746,LAC,34,Kawhi,85,111,0.766,124,241,0.515,78,168,0.464,10,19,0.526,2,14,0.143,98,255,0.384,0,0,0,12,33,0.364
1630811,Keaton Wallace,1610612737,ATL,26,Keaton,3,6,0.5,14,31,0.452,6,15,0.4,1,2,0.5,3,6,0.5,30,76,0.395,0,0,0,4,8,0.5
1631099,Keegan Murray,1610612758,SAC,25,Keegan,26,35,0.743,46,88,0.523,14,44,0.318,3,10,0.3,1,8,0.125,21,74,0.284,0,0,0,4,18,0.222
1642276,Kel'el Ware,1610612748,MIA,21,Kel'el,154,222,0.694,21,63,0.333,1,10,0.1,11,24,0.458,12,27,0.444,37,98,0.378,0,0,0,23,51,0.451
1629640,Keldon Johnson,1610612759,SAS,26,Keldon,147,214,0.687,59,113,0.522,6,7,0.857,18,43,0.419,16,51,0.314,31,77,0.403,0,0,0,34,94,0.362
203482,Kelly Olynyk,1610612759,SAS,34,Kelly,23,27,0.852,4,10,0.4,2,4,0.5,2,3,0.667,1,5,0.2,6,30,0.2,0,0,0,3,8,0.375
1626162,Kelly Oubre Jr.,1610612755,PHI,30,Kelly,59,93,0.634,36,75,0.48,7,15,0.467,13,24,0.542,12,32,0.375,33,102,0.324,0,0,0,25,56,0.446
1629026,Kenrich Williams,1610612760,OKC,31,Kenrich,37,54,0.685,14,27,0.519,11,21,0.524,7,17,0.412,5,7,0.714,23,64,0.359,0,0,0,12,24,0.5
203484,Kentavious Caldwell-Pope,1610612763,MEM,33,Kentavious,34,57,0.596,24,53,0.453,37,82,0.451,5,20,0.25,6,15,0.4,44,139,0.317,0,0,0,11,35,0.314
1631165,Keon Ellis,1610612739,CLE,26,Keon,21,25,0.84,7,21,0.333,4,22,0.182,12,35,0.343,5,18,0.278,41,106,0.387,0,0,0,17,53,0.321
1642352,Keshad Johnson,1610612748,MIA,24,Keshad,14,25,0.56,1,8,0.125,1,1,1,2,5,0.4,0,3,0,5,15,0.333,0,0,0,2,8,0.25
1642933,Keshon Gilbert,1610612764,WAS,22,Keshon,1,2,0.5,0,0,0,0,0,0,0,0,0,0,0,0,0,2,0,0,0,0,0,0,0
201142,Kevin Durant,1610612745,HOU,37,Kevin,56,78,0.718,144,254,0.567,136,274,0.496,3,8,0.375,11,19,0.579,102,261,0.391,0,0,0,14,27,0.519
1628989,Kevin Huerter,1610612765,DET,27,Kevin,83,110,0.755,30,65,0.462,8,16,0.5,9,24,0.375,11,33,0.333,51,175,0.291,0,0,0,20,57,0.351
201567,Kevin Love,1610612762,UTA,37,Kevin,11,28,0.393,10,16,0.625,3,6,0.5,10,13,0.769,3,11,0.273,28,89,0.315,0,0,0,13,24,0.542
1641755,Kevin McCullar Jr.,1610612752,NYK,24,Kevin,7,12,0.583,0,1,0,0,3,0,1,4,0.25,2,3,0.667,3,10,0.3,0,0,0,3,7,0.429
1629645,Kevin Porter Jr.,1610612749,MIL,25,Kevin,65,109,0.596,32,76,0.421,34,73,0.466,4,9,0.444,4,16,0.25,32,99,0.323,0,0,0,8,25,0.32
1626172,Kevon Looney,1610612740,NOP,30,Kevon,21,32,0.656,0,5,0,1,6,0.167,0,0,0,0,1,0,1,8,0.125,0,0,0,0,1,0
1641718,Keyonte George,1610612762,UTA,22,Keyonte,86,118,0.729,102,215,0.474,50,128,0.391,6,15,0.4,11,31,0.355,103,275,0.375,0,0,0,17,46,0.37
1642863,Khaman Maluach,1610612756,PHX,19,Khaman,10,14,0.714,1,3,0.333,0,1,0,0,0,0,0,2,0,0,4,0,0,0,0,0,2,0
203114,Khris Middleton,1610612742,DAL,34,Khris,27,47,0.574,22,55,0.4,51,108,0.472,8,22,0.364,3,10,0.3,24,74,0.324,0,0,0,11,32,0.344
202691,Klay Thompson,1610612742,DAL,36,Klay,18,33,0.545,13,31,0.419,29,79,0.367,13,41,0.317,21,52,0.404,106,280,0.379,0,0,0,34,93,0.366
1641738,Kobe Brown,1610612754,IND,26,Kobe,22,31,0.71,2,9,0.222,0,2,0,2,6,0.333,3,11,0.273,9,34,0.265,0,0,0,5,17,0.294
1641723,Kobe Bufkin,1610612747,LAL,22,Kobe,2,2,1,1,6,0.167,0,2,0,1,3,0.333,0,0,0,2,9,0.222,0,0,0,1,3,0.333
1642920,Kobe Sanders,1610612746,LAC,23,Kobe,35,49,0.714,20,51,0.392,13,37,0.351,15,29,0.517,6,14,0.429,26,84,0.31,0,0,0,21,43,0.488
1642886,Koby Brea,1610612756,PHX,23,Koby,1,1,1,0,0,0,0,0,0,0,0,0,0,0,0,2,4,0.5,0,0,0,0,0,0
1642851,Kon Knueppel,1610612766,CHA,20,Kon,85,134,0.634,66,122,0.541,16,42,0.381,28,58,0.483,22,44,0.5,133,322,0.413,0,1,0,50,102,0.49
1627739,Kris Dunn,1610612746,LAC,31,Kris,54,74,0.73,46,93,0.495,3,14,0.214,17,34,0.5,11,32,0.344,30,90,0.333,0,0,0,28,66,0.424
1631200,Kris Murray,1610612757,POR,25,Kris,52,81,0.642,6,16,0.375,0,0,0,7,20,0.35,5,27,0.185,8,31,0.258,0,0,0,12,47,0.255
204001,Kristaps Porziņģis,1610612744,GSW,30,Kristaps,26,44,0.591,20,41,0.488,19,39,0.487,3,4,0.75,7,11,0.636,21,71,0.296,0,0,0,10,15,0.667
203937,Kyle Anderson,1610612763,MEM,32,Kyle,25,39,0.641,38,77,0.494,3,3,1,1,1,1,1,2,0.5,1,2,0.5,0,0,0,2,3,0.667
1642271,Kyle Filipowski,1610612762,UTA,22,Kyle,94,135,0.696,56,121,0.463,1,11,0.091,11,38,0.289,13,34,0.382,22,66,0.333,0,0,0,24,72,0.333
1628398,Kyle Kuzma,1610612749,MIL,30,Kyle,131,193,0.679,47,124,0.379,16,36,0.444,6,27,0.222,11,23,0.478,32,102,0.314,0,0,0,17,50,0.34
200768,Kyle Lowry,1610612755,PHI,39,Kyle,0,0,0,0,0,0,0,0,0,1,1,1,0,1,0,2,8,0.25,0,0,0,1,2,0.5
1642273,Kyshawn George,1610612764,WAS,22,Kyshawn,73,108,0.676,34,102,0.333,36,79,0.456,11,30,0.367,10,20,0.5,69,189,0.365,0,0,0,21,50,0.42
1643018,LJ Cryer,1610612744,GSW,24,LJ,0,0,0,0,0,0,0,1,0,0,0,0,0,0,0,2,4,0.5,0,0,0,0,0,0
1630163,LaMelo Ball,1610612766,CHA,24,LaMelo,76,125,0.608,61,162,0.377,14,50,0.28,16,37,0.432,9,22,0.409,130,368,0.353,0,0,0,25,59,0.424
1642950,Lachlan Olbrich,1610612741,CHI,22,Lachlan,4,10,0.4,3,4,0.75,0,0,0,0,2,0,0,0,0,2,5,0.4,0,0,0,0,2,0
1629013,Landry Shamet,1610612752,NYK,28,Landry,21,34,0.618,3,12,0.25,5,11,0.455,17,32,0.531,17,44,0.386,31,78,0.397,0,0,0,34,76,0.447
1626204,Larry Nance Jr.,1610612739,CLE,33,Larry,17,33,0.515,2,9,0.222,0,2,0,5,11,0.455,6,14,0.429,5,23,0.217,0,0,0,11,25,0.44
1628374,Lauri Markkanen,1610612762,UTA,28,Lauri,153,218,0.702,85,174,0.489,22,76,0.289,19,38,0.5,14,33,0.424,81,243,0.333,0,0,0,33,71,0.465
1643133,Lawson Lovering,1610612763,MEM,22,Lawson,1,2,0.5,0,0,0,0,0,0,0,0,0,0,0,0,0,0,0,0,0,0,0,0,0
2544,LeBron James,1610612747,LAL,41,LeBron,158,211,0.749,47,109,0.431,39,101,0.386,3,20,0.15,3,13,0.231,45,134,0.336,0,0,0,6,33,0.182
1631159,Leonard Miller,1610612741,CHI,22,Leonard,15,17,0.882,4,6,0.667,0,0,0,1,6,0.167,0,4,0,0,2,0,0,0,0,1,10,0.1
1642862,Liam McNeeley,1610612766,CHA,20,Liam,7,11,0.636,5,19,0.263,0,0,0,5,11,0.455,3,11,0.273,14,36,0.389,0,0,0,8,22,0.364
1630322,Lindy Waters III,1610612759,SAS,28,Lindy,1,3,0.333,0,1,0,3,3,1,4,6,0.667,3,9,0.333,8,32,0.25,0,0,0,7,15,0.467
1628366,Lonzo Ball,1610612739,CLE,28,Lonzo,10,18,0.556,2,6,0.333,1,5,0.2,5,23,0.217,2,8,0.25,33,116,0.284,0,0,0,7,31,0.226
1629652,Luguentz Dort,1610612760,OKC,26,Luguentz,29,44,0.659,16,39,0.41,7,18,0.389,14,32,0.438,6,27,0.222,66,187,0.353,0,0,0,20,59,0.339
1629029,Luka Dončić,1610612747,LAL,26,Luka,86,103,0.835,130,233,0.558,72,155,0.465,3,17,0.176,3,8,0.375,143,407,0.351,0,0,0,6,25,0.24
1630568,Luka Garza,1610612738,BOS,27,Luka,69,98,0.704,23,38,0.605,3,9,0.333,0,4,0,3,9,0.333,29,60,0.483,0,0,0,3,13,0.231
1628379,Luke Kennard,1610612747,LAL,29,Luke,23,38,0.605,22,38,0.579,20,28,0.714,16,28,0.571,16,32,0.5,47,100,0.47,0,0,0,32,60,0.533
1628436,Luke Kornet,1610612759,SAS,30,Luke,118,169,0.698,9,23,0.391,2,5,0.4,0,0,0,0,0,0,0,0,0,0,0,0,0,0,0
1631247,Luke Travers,1610612739,CLE,24,Luke,7,15,0.467,1,4,0.25,0,1,0,1,2,0.5,0,2,0,0,12,0,0,0,0,1,4,0.25
1630644,Mac McClung,1610612741,CHI,27,Mac,6,8,0.75,1,5,0.2,0,0,0,0,2,0,0,0,0,2,10,0.2,0,0,0,0,2,0
1631103,Malaki Branham,1610612764,WAS,22,Malaki,21,35,0.6,5,16,0.313,3,3,1,0,2,0,1,3,0.333,13,32,0.406,0,0,0,1,5,0.2
1642502,Malevy Leons,1610612744,GSW,26,Malevy,1,2,0.5,1,1,1,0,1,0,0,1,0,0,0,0,0,1,0,0,0,0,0,1,0
1628370,Malik Monk,1610612758,SAC,28,Malik,36,54,0.667,42,123,0.341,23,50,0.46,5,17,0.294,8,18,0.444,76,174,0.437,0,0,0,13,35,0.371
1630699,MarJon Beauchamp,1610612755,PHI,25,MarJon,3,4,0.75,0,1,0,0,2,0,0,1,0,0,1,0,3,5,0.6,0,0,0,0,2,0
1631204,Marcus Sasser,1610612765,DET,25,Marcus,7,11,0.636,5,8,0.625,2,6,0.333,2,4,0.5,1,2,0.5,15,38,0.395,0,0,0,3,6,0.5
203935,Marcus Smart,1610612747,LAL,31,Marcus,37,55,0.673,25,65,0.385,10,21,0.476,17,36,0.472,7,23,0.304,45,151,0.298,0,0,0,24,59,0.407
1641813,Mark Sears,1610612749,MIL,24,Mark,1,1,1,1,3,0.333,0,1,0,0,0,0,0,0,0,4,8,0.5,0,0,0,0,0,0
1631109,Mark Williams,1610612756,PHX,24,Mark,188,258,0.729,50,97,0.515,5,11,0.455,0,0,0,1,1,1,0,0,0,0,0,0,1,1,1
1628963,Marvin Bagley III,1610612742,DAL,26,Marvin,128,183,0.699,27,64,0.422,3,3,1,2,3,0.667,0,1,0,7,17,0.412,0,0,0,2,4,0.5
203486,Mason Plumlee,1610612759,SAS,35,Mason,9,11,0.818,0,1,0,0,0,0,0,0,0,0,0,0,0,0,0,0,0,0,0,0,0
1641824,Matas Buzelis,1610612741,CHI,21,Matas,156,251,0.622,26,65,0.4,4,11,0.364,22,54,0.407,11,40,0.275,80,210,0.381,0,0,0,33,94,0.351
1629680,Matisse Thybulle,1610612757,POR,28,Matisse,2,4,0.5,0,0,0,0,0,0,0,0,0,0,0,0,4,6,0.667,0,0,0,0,0,0
1631108,Max Christie,1610612742,DAL,23,Max,61,86,0.709,27,73,0.37,16,38,0.421,33,70,0.471,21,43,0.488,69,176,0.392,0,0,0,54,113,0.478
1642917,Max Shulga,1610612738,BOS,23,Max,NA,NA,NA,0,0,0,0,1,0,0,0,0,NA,NA,NA,0,0,0,NA,NA,NA,0,0,0
1628467,Maxi Kleber,1610612747,LAL,34,Maxi,12,19,0.632,4,9,0.444,1,4,0.25,0,2,0,0,1,0,6,18,0.333,0,0,0,0,3,0
1642875,Maxime Raynaud,1610612758,SAC,22,Maxime,76,105,0.724,106,197,0.538,7,19,0.368,1,7,0.143,0,4,0,10,30,0.333,0,0,0,1,11,0.091
1642877,Micah Peavy,1610612740,NOP,24,Micah,49,86,0.57,11,34,0.324,3,12,0.25,3,18,0.167,5,29,0.172,13,41,0.317,0,0,0,8,47,0.17
1630695,Micah Potter,1610612754,IND,27,Micah,18,27,0.667,6,9,0.667,0,2,0,2,11,0.182,10,26,0.385,15,35,0.429,0,0,0,12,37,0.324
1629008,Michael Porter Jr.,1610612751,BKN,27,Michael,133,169,0.787,37,85,0.435,42,119,0.353,7,33,0.212,9,21,0.429,134,336,0.399,0,0,0,16,54,0.296
1628969,Mikal Bridges,1610612752,NYK,29,Mikal,128,165,0.776,58,122,0.475,46,101,0.455,26,56,0.464,34,84,0.405,58,166,0.349,0,0,0,60,140,0.429
201144,Mike Conley,1610612750,MIN,38,Mike,7,16,0.438,5,19,0.263,2,8,0.25,7,18,0.389,7,20,0.35,28,93,0.301,0,0,0,14,38,0.368
1628970,Miles Bridges,1610612766,CHA,27,Miles,142,223,0.637,80,176,0.455,10,26,0.385,13,41,0.317,21,59,0.356,77,241,0.32,1,1,1,34,100,0.34
1642939,Miles Kelly,1610612742,DAL,23,Miles,2,2,1,1,3,0.333,2,2,1,3,8,0.375,4,8,0.5,1,10,0.1,0,0,0,7,16,0.438
1630540,Miles McBride,1610612752,NYK,25,Miles,21,34,0.618,8,26,0.308,26,59,0.441,15,38,0.395,12,31,0.387,75,174,0.431,0,0,0,27,69,0.391
1629011,Mitchell Robinson,1610612752,NYK,27,Mitchell,82,118,0.695,1,1,1,0,0,0,0,0,0,0,0,0,0,0,0,0,0,0,0,0,0
1628964,Mo Bamba,1610612761,TOR,27,Mo,0,2,0,0,0,0,0,0,0,0,0,0,0,0,0,0,0,0,NA,NA,NA,0,0,0
1642885,Mohamed Diawara,1610612752,NYK,20,Mohamed,12,24,0.5,2,7,0.286,7,9,0.778,3,3,1,8,9,0.889,15,51,0.294,0,0,0,11,12,0.917
1628420,Monte Morris,1610612754,IND,30,Monte,4,6,0.667,1,5,0.2,0,1,0,0,2,0,0,1,0,2,5,0.4,0,0,0,0,3,0
1629021,Moritz Wagner,1610612753,ORL,28,Moritz,22,31,0.71,4,14,0.286,0,2,0,1,4,0.25,3,5,0.6,11,24,0.458,0,0,0,4,9,0.444
1630541,Moses Moody,1610612744,GSW,23,Moses,53,71,0.746,14,52,0.269,11,29,0.379,25,67,0.373,28,51,0.549,74,199,0.372,0,0,0,53,118,0.449
1631243,Mouhamed Gueye,1610612737,ATL,23,Mouhamed,59,81,0.728,10,36,0.278,4,13,0.308,9,36,0.25,9,33,0.273,10,28,0.357,0,0,0,18,69,0.261
1630619,Moussa Cisse,1610612742,DAL,23,Moussa,40,62,0.645,2,7,0.286,0,0,0,0,0,0,0,0,0,0,0,0,0,0,0,0,0,0
1631217,Moussa Diabaté,1610612766,CHA,24,Moussa,133,187,0.711,24,59,0.407,2,5,0.4,1,1,1,0,0,0,0,1,0,0,0,0,1,1,1
1626167,Myles Turner,1610612749,MIL,29,Myles,62,95,0.653,25,68,0.368,18,41,0.439,7,14,0.5,15,35,0.429,86,230,0.374,0,0,0,22,49,0.449
1642066,Myron Gardner,1610612748,MIA,24,Myron,18,29,0.621,3,9,0.333,0,1,0,1,5,0.2,3,9,0.333,14,31,0.452,0,0,0,4,14,0.286
1642368,N'Faly Dante,1610612737,ATL,24,N'Faly,1,2,0.5,0,1,0,0,1,0,0,0,0,0,0,0,0,0,0,0,0,0,0,0,0
1641772,Nae'Qwan Tomlin,1610612739,CLE,25,Nae'Qwan,88,127,0.693,9,24,0.375,0,0,0,6,20,0.3,7,39,0.179,6,28,0.214,0,0,0,13,59,0.22
1630230,Naji Marshall,1610612742,DAL,28,Naji,112,157,0.713,118,203,0.581,16,36,0.444,11,39,0.282,17,41,0.415,20,76,0.263,0,0,0,28,80,0.35
1629675,Naz Reid,1610612750,MIN,26,Naz,78,108,0.722,77,149,0.517,8,27,0.296,26,64,0.406,24,54,0.444,85,232,0.366,0,1,0,50,118,0.424
1629674,Neemias Queta,1610612738,BOS,26,Neemias,161,219,0.735,49,97,0.505,1,9,0.111,0,0,0,0,1,0,0,4,0,0,0,0,0,1,0
1629651,Nic Claxton,1610612751,BKN,26,Nic,185,263,0.703,57,136,0.419,11,21,0.524,0,1,0,0,0,0,3,13,0.231,0,0,0,0,1,0
1630208,Nick Richards,1610612741,CHI,28,Nick,28,52,0.538,13,30,0.433,2,6,0.333,0,0,0,2,2,1,0,1,0,0,0,0,2,2,1
1641733,Nick Smith Jr.,1610612747,LAL,21,Nick,5,8,0.625,18,38,0.474,6,18,0.333,0,3,0,1,5,0.2,26,61,0.426,0,0,0,1,8,0.125
1629638,Nickeil Alexander-Walker,1610612737,ATL,27,Nickeil,130,224,0.58,45,117,0.385,29,69,0.42,32,67,0.478,26,57,0.456,106,316,0.335,0,0,0,58,124,0.468
201587,Nicolas Batum,1610612746,LAC,37,Nicolas,1,2,0.5,0,1,0,3,6,0.5,20,40,0.5,15,42,0.357,34,93,0.366,0,0,0,35,82,0.427
1628502,Nigel Hayes-Davis,1610612756,PHX,31,Nigel,2,4,0.5,10,21,0.476,1,5,0.2,0,3,0,0,3,0,2,10,0.2,0,0,0,0,6,0
203999,Nikola Jokić,1610612743,DEN,31,Nikola,151,201,0.751,128,214,0.598,38,70,0.543,2,5,0.4,3,5,0.6,71,171,0.415,0,0,0,5,10,0.5
1631107,Nikola Jović,1610612748,MIA,22,Nikola,46,76,0.605,21,52,0.404,2,15,0.133,5,21,0.238,2,24,0.083,37,117,0.316,0,0,0,7,45,0.156
1642260,Nikola Topić,1610612760,OKC,20,Nikola,0,0,0,1,1,1,0,0,0,0,0,0,0,0,0,0,2,0,NA,NA,NA,0,0,0
202696,Nikola Vučević,1610612738,BOS,35,Nikola,107,163,0.656,126,234,0.538,29,66,0.439,3,11,0.273,2,10,0.2,82,209,0.392,0,0,0,5,21,0.238
1642363,Nique Clifford,1610612758,SAC,24,Nique,40,59,0.678,33,84,0.393,11,44,0.25,7,26,0.269,8,20,0.4,29,93,0.312,0,0,0,15,46,0.326
1642855,Noa Essengue,1610612741,CHI,19,Noa,0,1,0,0,0,0,0,0,0,0,1,0,0,0,0,0,1,0,NA,NA,NA,0,1,0
1641730,Noah Clowney,1610612751,BKN,21,Noah,45,79,0.57,37,77,0.481,7,16,0.438,24,45,0.533,17,46,0.37,57,214,0.266,0,0,0,41,91,0.451
1642869,Noah Penda,1610612753,ORL,21,Noah,27,53,0.509,12,31,0.387,3,5,0.6,5,10,0.5,4,16,0.25,16,39,0.41,0,0,0,9,26,0.346
1642849,Nolan Traore,1610612751,BKN,19,Nolan,28,59,0.475,23,47,0.489,3,14,0.214,4,12,0.333,7,13,0.538,19,64,0.297,0,0,0,11,25,0.44
1626181,Norman Powell,1610612748,MIA,32,Norman,118,189,0.624,66,133,0.496,31,78,0.397,12,34,0.353,6,20,0.3,111,273,0.407,1,1,1,18,54,0.333
1628384,OG Anunoby,1610612752,NYK,28,OG,129,191,0.675,19,51,0.373,6,27,0.222,23,60,0.383,32,63,0.508,30,107,0.28,0,0,0,55,123,0.447
1630167,Obi Toppin,1610612754,IND,27,Obi,8,12,0.667,3,4,0.75,1,3,0.333,0,4,0,0,0,0,3,13,0.231,0,0,0,0,4,0
1630534,Ochai Agbaji,1610612751,BKN,25,Ochai,54,89,0.607,4,16,0.25,2,3,0.667,4,19,0.211,4,16,0.25,4,30,0.133,0,0,0,8,35,0.229
1641765,Olivier-Maxence Prosper,1610612763,MEM,23,Olivier-Maxence,30,47,0.638,7,19,0.368,1,3,0.333,11,21,0.524,1,8,0.125,11,26,0.423,0,0,0,12,29,0.414
1630168,Onyeka Okongwu,1610612737,ATL,25,Onyeka,119,170,0.7,76,172,0.442,2,6,0.333,12,35,0.343,16,39,0.41,75,198,0.379,0,0,0,28,74,0.378
1631115,Orlando Robinson,1610612753,ORL,25,Orlando,2,2,1,0,0,0,0,1,0,0,0,0,0,0,0,1,2,0.5,0,0,0,0,0,0
1631131,Oscar Tshiebwe,1610612762,UTA,26,Oscar,3,5,0.6,0,1,0,0,0,0,0,0,0,0,0,0,0,0,0,0,0,0,0,0,0
1642345,Oso Ighodaro,1610612756,PHX,23,Oso,93,118,0.788,39,90,0.433,3,5,0.6,0,0,0,0,0,0,0,1,0,0,0,0,0,0,0
1631172,Ousmane Dieng,1610612749,MIL,22,Ousmane,7,11,0.636,12,26,0.462,7,14,0.5,2,7,0.286,5,7,0.714,19,51,0.373,0,0,0,7,14,0.5
1629023,P.J. Washington,1610612742,DAL,27,P.J.,89,141,0.631,64,145,0.441,7,21,0.333,13,40,0.325,10,25,0.4,25,93,0.269,0,0,0,23,65,0.354
1641790,PJ Hall,1610612766,CHA,23,PJ,24,37,0.649,2,7,0.286,0,2,0,1,2,0.5,1,1,1,1,2,0.5,0,0,0,2,3,0.667
1642359,Pacôme Dadiet,1610612752,NYK,20,Pacôme,2,2,1,0,1,0,0,2,0,1,1,1,0,2,0,0,5,0,0,0,0,1,3,0.333
1631094,Paolo Banchero,1610612753,ORL,23,Paolo,152,232,0.655,63,166,0.38,40,110,0.364,5,17,0.294,8,13,0.615,36,132,0.273,0,0,0,13,30,0.433
1627783,Pascal Siakam,1610612754,IND,31,Pascal,172,253,0.68,134,282,0.475,56,160,0.35,7,17,0.412,10,23,0.435,76,212,0.358,0,0,0,17,40,0.425
1626192,Pat Connaughton,1610612766,CHA,33,Pat,7,12,0.583,4,6,0.667,0,0,0,2,5,0.4,3,5,0.6,6,17,0.353,0,0,0,5,10,0.5
1630311,Pat Spencer,1610612744,GSW,29,Pat,26,42,0.619,27,72,0.375,11,27,0.407,4,10,0.4,3,8,0.375,24,59,0.407,0,0,0,7,18,0.389
1631116,Patrick Baldwin Jr.,1610612755,PHI,23,Patrick,0,0,0,1,1,1,0,0,0,0,0,0,0,0,0,2,3,0.667,NA,NA,NA,0,0,0
1630172,Patrick Williams,1610612741,CHI,24,Patrick,37,76,0.487,14,60,0.233,7,15,0.467,8,19,0.421,7,13,0.538,53,144,0.368,0,0,0,15,32,0.469
202331,Paul George,1610612755,PHI,35,Paul,28,50,0.56,18,44,0.409,38,87,0.437,14,25,0.56,5,20,0.25,47,128,0.367,0,0,0,19,45,0.422
1630194,Paul Reed,1610612765,DET,26,Paul,62,86,0.721,24,46,0.522,5,13,0.385,1,4,0.25,2,5,0.4,7,17,0.412,0,0,0,3,9,0.333
1630202,Payton Pritchard,1610612738,BOS,28,Payton,57,83,0.687,107,175,0.611,44,104,0.423,5,13,0.385,11,19,0.579,120,350,0.343,0,0,0,16,32,0.5
1641796,Pelle Larsson,1610612748,MIA,24,Pelle,89,123,0.724,33,74,0.446,1,10,0.1,8,20,0.4,7,20,0.35,27,86,0.314,0,0,0,15,40,0.375
1631250,Pete Nance,1610612749,MIL,26,Pete,18,21,0.857,5,10,0.5,0,1,0,4,6,0.667,3,7,0.429,16,30,0.533,0,0,0,7,13,0.538
1631212,Peyton Watson,1610612743,DEN,23,Peyton,113,173,0.653,52,121,0.43,24,58,0.414,28,49,0.571,10,25,0.4,37,106,0.349,0,0,0,38,74,0.514
1630173,Precious Achiuwa,1610612758,SAC,26,Precious,90,140,0.643,36,84,0.429,2,10,0.2,6,17,0.353,1,9,0.111,9,28,0.321,0,0,0,7,26,0.269
1629656,Quentin Grimes,1610612755,PHI,25,Quentin,98,142,0.69,8,31,0.258,4,21,0.19,16,40,0.4,6,15,0.4,64,199,0.322,1,1,1,22,55,0.4
1631245,Quenton Jackson,1610612754,IND,27,Quenton,35,50,0.7,8,25,0.32,4,14,0.286,4,11,0.364,0,4,0,20,44,0.455,0,0,0,4,15,0.267
1642366,Quinten Post,1610612744,GSW,25,Quinten,41,59,0.695,28,48,0.583,6,17,0.353,16,40,0.4,7,37,0.189,59,157,0.376,0,0,0,23,77,0.299
1629628,RJ Barrett,1610612761,TOR,25,RJ,99,148,0.669,50,114,0.439,5,12,0.417,8,24,0.333,6,13,0.462,40,121,0.331,0,0,0,14,37,0.378
1642853,Rasheer Fleming,1610612756,PHX,21,Rasheer,16,25,0.64,2,6,0.333,0,5,0,4,11,0.364,4,16,0.25,3,19,0.158,0,0,0,8,27,0.296
1642484,RayJ Dennis,1610612737,ATL,24,RayJ,4,10,0.4,5,19,0.263,1,5,0.2,0,2,0,0,4,0,12,33,0.364,0,0,0,0,6,0
1641712,Rayan Rupert,1610612757,POR,21,Rayan,19,37,0.514,11,32,0.344,1,7,0.143,5,19,0.263,2,12,0.167,15,40,0.375,0,0,0,7,31,0.226
1642263,Reed Sheppard,1610612745,HOU,21,Reed,36,65,0.554,54,104,0.519,31,85,0.365,13,25,0.52,15,24,0.625,100,282,0.355,0,0,0,28,49,0.571
1642434,Riley Minix,1610612739,CLE,25,Riley,3,3,1,0,0,0,0,0,0,NA,NA,NA,1,1,1,0,2,0,0,0,0,1,1,1
1642265,Rob Dillingham,1610612741,CHI,21,Rob,22,49,0.449,13,49,0.265,12,33,0.364,3,5,0.6,1,4,0.25,9,30,0.3,0,0,0,4,9,0.444
1629057,Robert Williams III,1610612757,POR,28,Robert,89,107,0.832,9,15,0.6,4,7,0.571,4,9,0.444,2,4,0.5,1,3,0.333,0,0,0,6,13,0.462
1631199,Ron Harper Jr.,1610612738,BOS,25,Ron,2,3,0.667,2,4,0.5,0,0,0,2,5,0.4,0,3,0,4,16,0.25,0,0,0,2,8,0.25
1641842,Ronald Holland II,1610612765,DET,20,Ronald,81,126,0.643,31,74,0.419,3,20,0.15,5,35,0.143,14,47,0.298,11,49,0.224,0,0,0,19,82,0.232
1626220,Royce O'Neale,1610612756,PHX,32,Royce,26,41,0.634,14,36,0.389,4,10,0.4,17,31,0.548,21,35,0.6,116,314,0.369,0,0,0,38,66,0.576
203497,Rudy Gobert,1610612750,MIN,33,Rudy,220,291,0.756,20,44,0.455,1,6,0.167,0,1,0,0,0,0,0,1,0,0,0,0,0,1,0
1629060,Rui Hachimura,1610612747,LAL,28,Rui,53,83,0.639,24,54,0.444,52,93,0.559,21,43,0.488,13,35,0.371,46,101,0.455,0,0,0,34,78,0.436
201566,Russell Westbrook,1610612758,SAC,37,Russell,92,142,0.648,68,145,0.469,27,86,0.314,18,43,0.419,16,47,0.34,73,220,0.332,0,0,0,34,90,0.378
1642346,Ryan Dunn,1610612756,PHX,23,Ryan,64,101,0.634,11,35,0.314,1,5,0.2,15,50,0.3,14,37,0.378,10,33,0.303,0,0,0,29,87,0.333
1641750,Ryan Kalkbrenner,1610612766,CHA,24,Ryan,132,165,0.8,17,29,0.586,1,2,0.5,0,0,0,0,0,0,0,2,0,0,0,0,0,0,0
1642948,Ryan Nembhard,1610612742,DAL,22,Ryan,16,23,0.696,26,63,0.413,30,72,0.417,1,6,0.167,1,5,0.2,31,76,0.408,0,0,0,2,11,0.182
1631157,Ryan Rollins,1610612749,MIL,23,Ryan,119,191,0.623,52,124,0.419,37,97,0.381,18,46,0.391,8,20,0.4,96,234,0.41,0,0,0,26,66,0.394
1630180,Saddiq Bey,1610612740,NOP,26,Saddiq,125,204,0.613,48,114,0.421,12,39,0.308,27,70,0.386,8,25,0.32,58,172,0.337,0,0,0,35,95,0.368
1630573,Sam Hauser,1610612738,BOS,28,Sam,12,15,0.8,7,15,0.467,10,25,0.4,16,30,0.533,10,26,0.385,105,280,0.375,0,0,0,26,56,0.464
1630241,Sam Merrill,1610612739,CLE,29,Sam,20,24,0.833,4,14,0.286,5,16,0.313,13,20,0.65,8,17,0.471,88,194,0.454,0,0,0,21,37,0.568
1630572,Sandro Mamukelashvili,1610612761,TOR,26,Sandro,115,157,0.732,33,70,0.471,1,4,0.25,10,19,0.526,11,27,0.407,54,150,0.36,0,0,0,21,46,0.457
1630583,Santi Aldama,1610612763,MEM,25,Santi,86,121,0.711,56,115,0.487,16,40,0.4,9,24,0.375,18,25,0.72,43,151,0.285,0,0,0,27,49,0.551
1630703,Scoot Henderson,1610612757,POR,22,Scoot,5,6,0.833,1,2,0.5,2,2,1,1,1,1,1,4,0.25,5,14,0.357,0,0,0,2,5,0.4
1630567,Scottie Barnes,1610612761,TOR,24,Scottie,202,289,0.699,103,230,0.448,52,124,0.419,7,21,0.333,3,18,0.167,39,124,0.315,0,0,0,10,39,0.256
1630590,Scotty Pippen Jr.,1610612763,MEM,25,Scotty,4,6,0.667,4,9,0.444,1,2,0.5,0,0,0,0,1,0,3,6,0.5,0,0,0,0,1,0
203552,Seth Curry,1610612744,GSW,35,Seth,1,1,1,1,2,0.5,2,2,1,0,0,0,0,0,0,2,4,0.5,0,0,0,0,0,0
1631101,Shaedon Sharpe,1610612757,POR,22,Shaedon,179,258,0.694,56,142,0.394,50,150,0.333,12,23,0.522,1,11,0.091,88,263,0.335,0,0,0,13,34,0.382
1628983,Shai Gilgeous-Alexander,1610612760,OKC,27,Shai,176,249,0.707,135,239,0.565,136,253,0.538,3,9,0.333,2,3,0.667,82,211,0.389,0,0,0,5,12,0.417
1630536,Sharife Cooper,1610612764,WAS,24,Sharife,14,17,0.824,3,9,0.333,2,7,0.286,1,2,0.5,3,7,0.429,5,10,0.5,0,0,0,4,9,0.444
1631321,Sidy Cissoko,1610612757,POR,21,Sidy,44,64,0.688,9,30,0.3,2,8,0.25,14,31,0.452,13,42,0.31,27,92,0.293,0,0,0,27,73,0.37
1631323,Simone Fontecchio,1610612748,MIA,30,Simone,42,74,0.568,9,30,0.3,3,11,0.273,19,36,0.528,15,43,0.349,61,186,0.328,0,1,0,34,79,0.43
1642883,Sion James,1610612766,CHA,23,Sion,36,76,0.474,5,24,0.208,0,3,0,13,37,0.351,8,26,0.308,32,84,0.381,1,1,1,21,63,0.333
1627746,Skal Labissiere,1610612764,WAS,29,Skal,2,2,1,2,2,1,1,1,1,0,0,0,0,1,0,1,4,0.25,0,0,0,0,1,0
1642461,Spencer Jones,1610612743,DEN,24,Spencer,37,56,0.661,12,21,0.571,2,3,0.667,14,37,0.378,16,39,0.41,18,40,0.45,0,0,0,30,76,0.395
1630649,Stanley Umude,1610612759,SAS,26,Stanley,0,0,0,0,0,0,0,0,0,NA,NA,NA,NA,NA,NA,0,0,0,NA,NA,NA,NA,NA,NA
201939,Stephen Curry,1610612744,GSW,37,Stephen,80,115,0.696,46,90,0.511,47,91,0.516,10,19,0.526,6,11,0.545,159,418,0.38,0,0,0,16,30,0.533
1642264,Stephon Castle,1610612759,SAS,21,Stephon,128,206,0.621,56,128,0.438,19,43,0.442,2,15,0.133,7,17,0.412,37,128,0.289,0,0,0,9,32,0.281
203500,Steven Adams,1610612745,HOU,32,Steven,60,107,0.561,9,30,0.3,1,2,0.5,0,0,0,0,0,0,0,0,0,0,0,0,0,0,0
1629004,Svi Mykhailiuk,1610612762,UTA,28,Svi,42,60,0.7,22,38,0.579,6,14,0.429,30,65,0.462,9,21,0.429,42,118,0.356,0,0,0,39,86,0.453
204456,T.J. McConnell,1610612754,IND,33,T.J.,40,55,0.727,64,121,0.529,62,116,0.534,2,3,0.667,2,3,0.667,8,32,0.25,0,0,0,4,6,0.667
1643007,Taelon Peter,1610612754,IND,23,Taelon,2,2,1,1,2,0.5,0,1,0,3,12,0.25,1,6,0.167,12,35,0.343,0,0,0,4,18,0.222
1631106,Tari Eason,1610612745,HOU,24,Tari,57,92,0.62,11,51,0.216,6,24,0.25,16,33,0.485,27,45,0.6,25,71,0.352,1,1,1,43,78,0.551
1627752,Taurean Prince,1610612749,MIL,31,Taurean,3,5,0.6,1,3,0.333,1,2,0.5,3,8,0.375,2,6,0.333,7,14,0.5,0,0,0,5,14,0.357
1641707,Taylor Hendricks,1610612763,MEM,22,Taylor,33,50,0.66,7,21,0.333,2,4,0.5,12,29,0.414,6,19,0.316,11,38,0.289,0,0,0,18,48,0.375
1629611,Terance Mann,1610612751,BKN,29,Terance,59,92,0.641,24,55,0.436,6,23,0.261,7,20,0.35,12,31,0.387,20,63,0.317,0,0,0,19,51,0.373
1630545,Terrence Shannon Jr.,1610612750,MIN,25,Terrence,16,30,0.533,1,10,0.1,0,4,0,1,3,0.333,4,14,0.286,10,20,0.5,0,0,0,5,17,0.294
203648,Thanasis Antetokounmpo,1610612749,MIL,33,Thanasis,7,12,0.583,1,2,0.5,0,0,0,0,1,0,0,0,0,0,0,0,0,0,0,0,1,0
1628418,Thomas Bryant,1610612739,CLE,28,Thomas,36,48,0.75,11,17,0.647,0,3,0,2,4,0.5,3,9,0.333,21,62,0.339,0,0,0,5,13,0.385
1642275,Tidjane Salaün,1610612766,CHA,20,Tidjane,35,50,0.7,7,21,0.333,0,0,0,7,13,0.538,5,9,0.556,19,49,0.388,0,0,0,12,22,0.545
203501,Tim Hardaway Jr.,1610612743,DEN,33,Tim,32,52,0.615,21,45,0.467,38,67,0.567,11,30,0.367,19,43,0.442,125,306,0.408,0,0,0,30,73,0.411
202699,Tobias Harris,1610612765,DET,33,Tobias,44,80,0.55,49,103,0.476,34,63,0.54,8,24,0.333,15,38,0.395,29,85,0.341,0,0,0,23,62,0.371
1642449,Tolu Smith,1610612765,DET,25,Tolu,7,12,0.583,1,6,0.167,0,0,0,0,0,0,0,0,0,0,0,0,0,0,0,0,0,0
1628396,Tony Bradley,1610612754,IND,28,Tony,40,63,0.635,14,33,0.424,4,8,0.5,0,0,0,1,2,0.5,0,0,0,0,0,0,1,2,0.5
1641787,Tosan Evbuomwan,1610612766,CHA,25,Tosan,0,0,0,0,1,0,0,0,0,0,0,0,0,0,0,0,0,0,0,0,0,0,0,0
1641739,Toumani Camara,1610612757,POR,25,Toumani,88,124,0.71,23,59,0.39,4,14,0.286,20,59,0.339,17,65,0.262,109,271,0.402,0,0,0,37,124,0.298
1629027,Trae Young,1610612764,WAS,27,Trae,15,25,0.6,13,29,0.448,10,22,0.455,1,2,0.5,2,5,0.4,15,52,0.288,0,0,0,3,7,0.429
1631218,Trayce Jackson-Davis,1610612761,TOR,25,Trayce,56,89,0.629,5,17,0.294,0,0,0,0,0,0,0,0,0,0,0,0,1,1,1,0,0,0
1642848,Tre Johnson,1610612764,WAS,19,Tre,21,37,0.568,52,107,0.486,28,59,0.475,8,16,0.5,13,25,0.52,64,179,0.358,0,0,0,21,41,0.512
1630200,Tre Jones,1610612741,CHI,26,Tre,110,159,0.692,29,66,0.439,6,13,0.462,6,11,0.545,3,6,0.5,12,47,0.255,0,0,0,9,17,0.529
1630544,Tre Mann,1610612766,CHA,25,Tre,20,38,0.526,21,57,0.368,7,24,0.292,5,14,0.357,5,11,0.455,33,105,0.314,0,0,0,10,25,0.4
1630570,Trendon Watford,1610612755,PHI,25,Trendon,40,67,0.597,27,54,0.5,2,5,0.4,1,4,0.25,0,2,0,9,23,0.391,0,0,0,1,6,0.167
1642280,Trentyn Flowers,1610612741,CHI,20,Trentyn,2,2,1,0,0,0,0,0,0,0,1,0,0,0,0,0,0,0,NA,NA,NA,0,1,0
1641725,Trey Alexander,1610612740,NOP,22,Trey,1,2,0.5,2,3,0.667,1,1,1,2,3,0.667,0,0,0,0,0,0,0,0,0,2,3,0.667
1641998,Trey Jemison III,1610612752,NYK,26,Trey,3,3,1,1,4,0.25,0,0,0,0,0,0,0,0,0,0,0,0,0,0,0,0,0,0
1630530,Trey Murphy III,1610612740,NOP,25,Trey,171,230,0.743,45,126,0.357,20,47,0.426,10,20,0.5,14,26,0.538,144,399,0.361,0,0,0,24,46,0.522
1642400,Tristan Enaruna,1610612739,CLE,24,Tristan,3,4,0.75,0,1,0,0,0,0,0,0,0,0,1,0,0,0,0,0,0,0,0,1,0
1641774,Tristan Vukcevic,1610612764,WAS,22,Tristan,36,48,0.75,20,34,0.588,10,29,0.345,0,1,0,1,2,0.5,19,70,0.271,0,0,0,1,3,0.333
1641783,Tristan da Silva,1610612753,ORL,24,Tristan,46,76,0.605,31,72,0.431,9,26,0.346,20,39,0.513,11,32,0.344,38,118,0.322,0,0,0,31,71,0.437
1629660,Ty Jerome,1610612763,MEM,28,Ty,5,9,0.556,15,20,0.75,4,7,0.571,0,0,0,1,1,1,13,34,0.382,0,0,0,1,1,1
1631102,TyTy Washington Jr.,1610612746,LAC,24,TyTy,2,2,1,2,4,0.5,0,0,0,0,0,0,1,1,1,2,5,0.4,NA,NA,NA,1,1,1
1629639,Tyler Herro,1610612748,MIA,26,Tyler,17,26,0.654,39,64,0.609,10,24,0.417,3,8,0.375,2,4,0.5,19,55,0.345,0,0,0,5,12,0.417
1642278,Tyler Kolek,1610612752,NYK,24,Tyler,29,45,0.644,23,59,0.39,5,17,0.294,7,12,0.583,1,4,0.25,28,83,0.337,0,0,0,8,16,0.5
1631213,Tyrese Martin,1610612751,BKN,26,Tyrese,35,49,0.714,9,42,0.214,5,12,0.417,2,16,0.125,5,15,0.333,44,121,0.364,0,0,0,7,31,0.226
1630178,Tyrese Maxey,1610612755,PHI,25,Tyrese,206,320,0.644,85,207,0.411,58,130,0.446,5,15,0.333,9,23,0.391,161,422,0.382,0,0,0,14,38,0.368
1642878,Tyrese Proctor,1610612739,CLE,21,Tyrese,17,28,0.607,5,22,0.227,8,16,0.5,4,10,0.4,3,9,0.333,29,84,0.345,0,0,0,7,19,0.368
1630623,Tyson Etienne,1610612751,BKN,26,Tyson,0,0,0,0,1,0,0,1,0,0,0,0,0,2,0,4,11,0.364,0,0,0,0,2,0
1626145,Tyus Jones,1610612742,DAL,29,Tyus,8,16,0.5,13,31,0.419,6,12,0.5,4,15,0.267,5,12,0.417,22,83,0.265,0,0,0,9,27,0.333
1642845,VJ Edgecombe,1610612755,PHI,20,VJ,109,190,0.574,38,102,0.373,29,77,0.377,5,26,0.192,8,16,0.5,87,242,0.36,0,0,0,13,42,0.31
1641705,Victor Wembanyama,1610612759,SAS,22,Victor,162,218,0.743,40,104,0.385,59,131,0.45,2,3,0.667,5,15,0.333,66,183,0.361,0,0,0,7,18,0.389
1631246,Vince Williams Jr.,1610612762,UTA,25,Vince,16,40,0.4,25,56,0.446,7,16,0.438,6,17,0.353,6,15,0.4,41,137,0.299,0,0,0,12,32,0.375
1642884,Vladislav Goldin,1610612748,MIA,24,Vladislav,2,2,1,0,0,0,0,0,0,0,0,0,0,0,0,0,0,0,0,0,0,0,0,0
1630249,Vít Krejčí,1610612757,POR,25,Vít,27,37,0.73,20,36,0.556,6,10,0.6,14,27,0.519,13,40,0.325,85,206,0.413,0,0,0,27,67,0.403
1631117,Walker Kessler,1610612762,UTA,24,Walker,14,21,0.667,6,8,0.75,0,0,0,0,0,0,2,2,1,4,6,0.667,0,0,0,2,2,1
1642383,Walter Clayton Jr.,1610612763,MEM,22,Walter,24,46,0.522,30,56,0.536,11,22,0.5,2,9,0.222,1,8,0.125,42,134,0.313,0,0,0,3,17,0.176
1628976,Wendell Carter Jr.,1610612753,ORL,26,Wendell,113,149,0.758,19,66,0.288,21,40,0.525,15,35,0.429,6,31,0.194,36,106,0.34,0,0,0,21,66,0.318
1631111,Wendell Moore Jr.,1610612765,DET,24,Wendell,4,5,0.8,0,1,0,0,0,0,0,0,0,0,1,0,0,0,0,0,0,0,0,1,0
1642954,Will Richard,1610612744,GSW,23,Will,49,63,0.778,9,21,0.429,4,9,0.444,15,37,0.405,11,34,0.324,28,83,0.337,0,0,0,26,71,0.366
1642860,Will Riley,1610612764,WAS,20,Will,43,67,0.642,29,69,0.42,5,28,0.179,2,9,0.222,3,9,0.333,31,92,0.337,0,0,0,5,18,0.278
1630214,Xavier Tillman,1610612766,CHA,27,Xavier,7,10,0.7,4,5,0.8,0,1,0,0,3,0,0,2,0,3,10,0.3,0,0,0,0,5,0
1642905,Yang Hansen,1610612757,POR,20,ang Hansen,15,24,0.625,4,19,0.211,1,4,0.25,0,7,0,1,4,0.25,4,26,0.154,0,0,0,1,11,0.091
1642949,Yanic Konan Niederhäuser,1610612746,LAC,22,Yanic Konan,38,53,0.717,10,14,0.714,0,1,0,0,0,0,0,1,0,0,2,0,0,0,0,0,1,0
1642530,Yuki Kawamura,1610612741,CHI,24,Yuki,1,3,0.333,0,0,0,0,1,0,0,0,0,1,2,0.5,3,11,0.273,0,0,0,1,2,0.5
1642274,Yves Missi,1610612740,NOP,21,Yves,100,161,0.621,12,45,0.267,1,3,0.333,0,0,0,0,0,0,0,1,0,0,0,0,0,0,0
1642258,Zaccharie Risacher,1610612737,ATL,20,Zaccharie,77,125,0.616,19,37,0.514,12,39,0.308,8,22,0.364,14,34,0.412,42,126,0.333,0,0,0,22,56,0.393
1628380,Zach Collins,1610612741,CHI,28,Zach,22,28,0.786,4,11,0.364,2,4,0.5,1,3,0.333,4,6,0.667,4,12,0.333,0,0,0,5,9,0.556
1641744,Zach Edey,1610612763,MEM,23,Zach,38,53,0.717,22,38,0.579,1,2,0.5,0,0,0,0,0,0,1,5,0.2,0,0,0,0,0,0
203897,Zach LaVine,1610612758,SAC,30,Zach,85,120,0.708,38,76,0.5,40,97,0.412,14,33,0.424,11,20,0.55,74,201,0.368,0,0,0,25,53,0.472
1630192,Zeke Nnaji,1610612743,DEN,25,Zeke,47,67,0.701,0,9,0,2,7,0.286,2,7,0.286,2,6,0.333,7,27,0.259,0,0,0,4,13,0.308
1630533,Ziaire Williams,1610612751,BKN,24,Ziaire,47,65,0.723,9,22,0.409,1,6,0.167,7,35,0.2,13,33,0.394,43,127,0.339,0,0,0,20,68,0.294
1629627,Zion Williamson,1610612740,NOP,25,Zion,257,373,0.689,57,161,0.354,6,11,0.545,0,0,0,0,0,0,0,3,0,0,0,0,0,0,0
