PLAYER_ID,RANK,PLAYER,TEAM_ID,TEAM,GP,MIN,FGM,FGA,FG_PCT,FG3M,FG3A,FG3_PCT,FTM,FTA,FT_PCT,OREB,DREB,REB,AST,STL,BLK,TOV,PTS,EFF
1629029,1,Luka Dončić,1610612747,LAL,10,37.1,10.6,22.6,0.469,3.6,11,0.327,9.6,12.2,0.787,0.9,8,8.9,8.9,1.7,0.6,3.7,34.4,36.2
1630178,2,Tyrese Maxey,1610612755,PHI,13,40.4,10.8,23.6,0.456,3.8,9.3,0.413,7.2,8.1,0.886,0.3,4.6,4.9,7.7,1.4,0.8,2.6,32.5,30.9
1628983,3,Shai Gilgeous-Alexander,1610612760,OKC,15,33.3,10.7,20.2,0.531,2.3,5.9,0.386,8.2,9.1,0.904,0.4,4.5,4.9,6.7,1.5,0.9,1.7,31.9,33.8
203507,4,Giannis Antetokounmpo,1610612749,MIL,13,31.8,12,19.1,0.629,0.7,1.4,0.5,6.5,10.2,0.636,3.7,7.2,10.8,6.8,0.9,1.2,3.5,31.2,36.6
1628378,5,Donovan Mitchell,1610612739,CLE,13,34.1,10.4,20.4,0.509,4,10.3,0.388,6.2,7.5,0.825,0.7,3.9,4.6,5.5,1.5,0.5,3.2,30.9,28.5
1628374,6,Lauri Markkanen,1610612762,UTA,13,36.2,10.3,21.5,0.479,3.8,9.7,0.389,6.2,7.1,0.88,2.3,3.8,6.2,2.1,0.9,0.5,1.4,30.6,26.8
203999,7,Nikola Jokić,1610612743,DEN,13,34.5,10.9,16.8,0.648,1.8,4.7,0.393,5.5,6.5,0.857,3.1,10.3,13.4,11.1,1.8,0.8,3.2,29.2,46.3
1626164,8,Devin Booker,1610612756,PHX,14,35.8,9.8,19.8,0.495,2,5.9,0.341,6.9,7.6,0.897,1.1,3,4.1,7,0.8,0.3,4,28.4,25.8
1630559,9,Austin Reaves,1610612747,LAL,11,36.3,8.6,17.9,0.482,2.7,8.3,0.33,8.3,9.5,0.867,0.6,4.5,5.1,8.2,1.4,0.1,3.4,28.3,29.1
1628973,10,Jalen Brunson,1610612752,NYK,11,33.9,9.7,20.8,0.467,2.8,7.6,0.369,5.7,6.6,0.863,0.5,3.1,3.5,6.5,0.8,0,2.7,28,24.2
1630595,11,Cade Cunningham,1610612765,DET,11,37,9.6,22.1,0.436,1.9,6.6,0.288,6.3,7.8,0.802,1.1,4.3,5.4,9.9,1.4,0.8,3.6,27.5,27.3
1627759,12,Jaylen Brown,1610612738,BOS,14,32.1,10.5,20.8,0.505,1.9,5.6,0.342,4.5,5.9,0.768,0.9,4.7,5.6,4.1,0.8,0.4,3.2,27.4,23.4
201939,13,Stephen Curry,1610612744,GSW,12,30.6,8.7,18.9,0.458,4.3,11.2,0.381,5.8,6.3,0.933,0.3,3.4,3.7,3.7,1.4,0.4,2.7,27.4,23.3
1641705,14,Victor Wembanyama,1610612759,SAS,12,34.7,9.3,18.4,0.502,1.7,4.8,0.345,6,7,0.857,2,10.9,12.9,4,1.1,3.6,3.6,26.2,34
201935,15,James Harden,1610612746,LAC,13,36.2,7.6,17.5,0.436,3.6,9.6,0.376,7.3,7.9,0.922,0.6,5.7,6.3,8.7,0.9,0.5,3.8,26.2,28.3
1630166,16,Deni Avdija,1610612757,POR,13,34.1,8.3,17,0.489,2.5,6.8,0.375,6.8,7.9,0.864,1.3,5.2,6.5,4.8,0.5,0.8,3.6,26,25.3
201142,17,Kevin Durant,1610612745,HOU,12,36.1,8.8,17.2,0.51,1.8,4.6,0.4,6.6,7.4,0.888,0.3,4.3,4.7,3.4,1,0.7,3,25.9,23.4
1630162,18,Anthony Edwards,1610612750,MIN,10,30.3,8.6,18.4,0.467,3.1,8,0.388,5.6,6.5,0.862,0.9,3.6,4.5,3.6,1.2,0.6,2.4,25.9,22.7
1626181,19,Norman Powell,1610612748,MIA,11,31.4,8,16.7,0.478,3.2,6.9,0.461,6.3,6.7,0.932,0.3,3.5,3.8,2.5,1.2,0.2,2.2,25.5,21.7
1627783,20,Pascal Siakam,1610612754,IND,13,34.9,8.7,19.2,0.454,1.9,5.3,0.362,5.6,8.3,0.676,1.8,5.3,7.1,4.8,1.2,0.4,2.5,24.9,22.7
203944,21,Julius Randle,1610612750,MIN,14,33.1,8.4,16.2,0.52,1.9,4.9,0.377,5.8,6.8,0.853,1.4,5.9,7.3,6.1,1.3,0.2,2.5,24.5,28.1
1629008,22,Michael Porter Jr.,1610612751,BKN,12,32.5,8.6,18.2,0.472,3.1,8.8,0.349,3.8,4.5,0.852,1.1,6.8,7.8,3.3,0.7,0.2,2.3,24.1,23.5
1630532,23,Franz Wagner,1610612753,ORL,14,35.8,7.6,16.4,0.461,1.8,5,0.357,6.2,7.5,0.829,1.9,4.4,6.3,3.9,1.1,0.4,2.1,23.1,22.6
1627750,24,Jamal Murray,1610612743,DEN,12,34.3,8.3,17.8,0.467,2.5,7,0.357,3.9,4.2,0.94,0.6,5,5.6,6.1,1.3,0.3,2.3,23.1,24.3
1630578,25,Alperen Sengun,1610612745,HOU,12,36.8,8.1,16.8,0.48,1.4,3.2,0.447,5.4,7.3,0.739,3.2,7.2,10.3,7.4,1.3,1,3.3,23,29
203897,26,Zach LaVine,1610612758,SAC,12,34.3,7.8,15.3,0.511,3.2,7.5,0.422,3.8,4.3,0.885,0.2,3.3,3.5,2.3,0.6,0.2,2,22.7,19.2
1641718,27,Keyonte George,1610612762,UTA,13,34.4,6.7,16.2,0.412,1.8,6.4,0.277,7,7.5,0.929,0.7,3.2,3.9,7,1,0.3,3.3,22.2,21
1631101,28,Shaedon Sharpe,1610612757,POR,13,28.5,7.9,18.3,0.433,1.9,7,0.275,4.3,5.3,0.812,1.5,3.8,5.2,2,1.5,0.2,2.8,22.1,16.8
1628970,29,Miles Bridges,1610612766,CHA,14,35.2,7.4,17.5,0.42,3.3,9.1,0.362,4.1,4.6,0.891,1.1,5.9,7,3.9,0.7,0.4,1.6,22.1,21.9
1630581,30,Josh Giddey,1610612741,CHI,11,34.5,7.8,16.5,0.473,1.5,4.4,0.354,4.6,6.2,0.75,1.6,8.6,10.3,9.4,1,0.5,3.5,21.8,29.1
1626157,31,Karl-Anthony Towns,1610612752,NYK,13,33.1,6.9,16,0.433,1.9,5.8,0.329,6,6.6,0.907,3.2,9.5,12.7,3.2,0.9,0.9,2.6,21.8,27.2
1630552,32,Jalen Johnson,1610612737,ATL,12,32.9,8.4,14.3,0.587,1.1,2.8,0.382,3.8,4.8,0.807,1.3,8.3,9.6,6.3,1.8,0.3,3,21.8,29.8
1631094,33,Paolo Banchero,1610612753,ORL,12,32.8,6.8,14.8,0.461,0.9,3.7,0.25,7.1,9.3,0.766,0.9,7.8,8.7,4.1,0.8,0.9,2.7,21.7,23.3
1627742,34,Brandon Ingram,1610612761,TOR,14,33.4,7.7,15.9,0.486,1.2,4.4,0.279,4.2,4.8,0.881,0.7,5.3,6,3.8,1,0.8,2.6,20.9,21.1
1631105,35,Jalen Duren,1610612765,DET,12,28.9,7.4,11,0.674,0,0,0,5.5,7,0.786,4.6,7.7,12.3,1.8,1,1.1,2.3,20.3,29
203932,36,Aaron Gordon,1610612743,DEN,12,30.4,6.8,12.8,0.536,2.3,5.2,0.452,4.3,4.8,0.879,1.6,4.7,6.3,1.4,0.8,0.3,1.4,20.3,21.1
1631096,37,Chet Holmgren,1610612760,OKC,11,29.8,7.1,12,0.591,1.7,4.3,0.404,4,4.6,0.863,1.6,6.6,8.3,1.6,0.6,1.3,2.2,19.9,24
1630530,38,Trey Murphy III,1610612740,NOP,14,35.6,6.8,14.6,0.466,2.9,7.6,0.377,3.3,3.5,0.939,1.7,5.1,6.8,3.1,1.5,0.1,2.1,19.7,21.1
1630567,39,Scottie Barnes,1610612761,TOR,14,32.5,7.6,15.1,0.502,1.5,3.7,0.404,2.8,3.4,0.813,1.9,5.8,7.7,5.3,1.4,1.8,1.9,19.4,25.6
202710,40,Jimmy Butler III,1610612744,GSW,14,30.8,5.9,11.1,0.526,1.1,2.3,0.469,6.4,7.4,0.864,2.2,3.1,5.4,4.8,1.6,0.3,1.6,19.1,23.4
1629628,41,RJ Barrett,1610612761,TOR,14,31.6,7.2,14.4,0.5,1.8,5.3,0.338,2.9,4.1,0.702,0.8,4.1,4.9,3.9,0.9,0.3,1.6,19.1,19.1
1630596,42,Evan Mobley,1610612739,CLE,14,34.2,6.6,14.2,0.467,1.7,4.7,0.364,3.9,6.1,0.628,2.6,6.2,8.8,4.3,1.2,1.6,2.7,18.9,22.1
201942,43,DeMar DeRozan,1610612758,SAC,14,34,7.1,14.1,0.5,0.9,2.4,0.394,3.7,4.4,0.852,0.5,2.8,3.3,3.5,1.1,0.1,1,18.8,18.1
1628960,44,Grayson Allen,1610612756,PHX,13,32.1,6.2,13.3,0.468,3.9,8.8,0.447,2.1,2.6,0.794,0.5,2.6,3.1,4.3,1.6,0.3,1.8,18.5,18.4
1642259,45,Alex Sarr,1610612764,WAS,13,29,7.5,14.5,0.519,1.1,3.1,0.35,2.2,2.9,0.737,2.4,5.8,8.2,3.6,0.7,2.2,2.4,18.3,22.8
203924,45,Jerami Grant,1610612757,POR,13,27.8,5.4,11.6,0.464,2.1,5.2,0.403,5.5,6.5,0.845,0.8,2.2,3,2.3,0.9,0.4,1.6,18.3,16.1
1629630,47,Ja Morant,1610612763,MEM,12,28.8,5.8,16.3,0.359,0.8,5,0.167,5.4,5.8,0.942,0.5,3,3.5,7.6,1,0.1,3.8,17.9,15.6
1628991,48,Jaren Jackson Jr.,1610612763,MEM,14,28.7,6.2,13,0.478,1.6,4.4,0.377,3.8,4.7,0.803,0.9,4.3,5.2,1.4,0.5,1.4,2.1,17.9,16.5
1629638,49,Nickeil Alexander-Walker,1610612737,ATL,12,30.4,5.9,13.4,0.441,1.9,5.9,0.324,4.1,4.8,0.845,0.7,2.2,2.8,3.6,1.1,0.9,2.6,17.8,15.4
1642851,50,Kon Knueppel,1610612766,CHA,14,32.9,6.1,13.2,0.465,3.2,8,0.402,2.1,2.4,0.882,0.9,5.1,6,2.7,0.9,0.2,2.5,17.6,17.6
1630183,51,Jaden McDaniels,1610612750,MIN,14,31.1,6.7,12.1,0.553,1.8,3.4,0.521,2.3,2.7,0.842,1,3.6,4.6,2.4,1,1.3,1.9,17.5,18.9
1629631,52,De'Andre Hunter,1610612739,CLE,12,28.8,6.1,13.8,0.442,1.8,6.6,0.278,3.4,4.1,0.837,0.6,4.2,4.8,2.9,0.7,0.3,1.7,17.4,16
1631157,53,Ryan Rollins,1610612749,MIL,15,30.9,6.7,13,0.513,2.5,5.3,0.463,1.6,2.1,0.774,0.7,3,3.7,5.3,1.7,0.2,2.5,17.4,19.1
1642264,54,Stephon Castle,1610612759,SAS,13,32,5.9,11.9,0.497,0.9,3.8,0.24,4.5,6.5,0.694,1.5,4.3,5.8,7.5,1.7,0.4,4,17.3,20.8
1641708,55,Amen Thompson,1610612745,HOU,12,35.5,6.7,14.2,0.471,0.5,2.4,0.207,3.4,4.5,0.759,2.3,3.8,6.1,5.2,1.3,0.5,2.3,17.3,19.4
1627734,56,Domantas Sabonis,1610612758,SAC,11,33.2,6.7,13.2,0.51,0.4,1.8,0.2,3.4,4.6,0.725,3.4,8.9,12.3,3.7,1.2,0.2,2.5,17.2,24.3
1631170,57,Jaime Jaquez Jr.,1610612748,MIA,14,30.3,6.8,12.9,0.528,0.4,1.9,0.222,3.1,4,0.786,1.2,5.6,6.9,5.1,0.6,0.3,1.9,17.1,21.2
1642273,58,Kyshawn George,1610612764,WAS,12,31,6.2,12.2,0.507,2.6,5.8,0.449,2,2.8,0.706,0.6,5.5,6.1,4.6,0.9,0.9,3.3,16.9,19.3
1629656,59,Quentin Grimes,1610612755,PHI,13,31.2,5.3,11.2,0.476,2.5,6.2,0.4,3.7,4.5,0.828,0.4,3.5,3.8,4.3,0.9,0.6,2.9,16.8,16.9
1626162,60,Kelly Oubre Jr.,1610612755,PHI,12,34.8,6.2,12.4,0.497,1.9,5.6,0.343,2.5,3.2,0.789,1.2,3.9,5.1,1.3,1.1,0.8,1.5,16.8,16.7
203952,61,Andrew Wiggins,1610612748,MIA,14,32.9,6.6,13.7,0.484,1.8,5,0.357,1.6,2.5,0.657,1.5,3.4,4.9,2.9,1.1,0.9,2.1,16.7,16.5
201950,62,Jrue Holiday,1610612757,POR,12,33.4,6.2,13.8,0.446,2.6,7.1,0.365,1.8,2.1,0.84,1.3,3.9,5.3,8.3,1.6,0.3,2.9,16.7,21.1
1630217,63,Desmond Bane,1610612753,ORL,14,32.5,6.1,13.9,0.436,1.5,4.8,0.313,2.9,3.1,0.909,1.1,3.2,4.3,4.4,0.4,0.4,2.4,16.5,15.5
1630202,64,Payton Pritchard,1610612738,BOS,14,31.9,5.9,13.3,0.446,2.5,7.8,0.321,2,2.5,0.8,0.9,3,3.9,5,0.8,0,1.3,16.4,16.9
1642349,65,Ajay Mitchell,1610612760,OKC,15,28.1,5.9,13.3,0.445,1.2,3.8,0.316,3.3,3.6,0.907,0.7,3.1,3.9,3.7,1.7,0.3,1.7,16.3,16.5
203468,66,CJ McCollum,1610612764,WAS,13,29.5,5.5,13.8,0.394,2.6,6.9,0.378,2.8,3.4,0.818,0.7,2.5,3.2,3.3,0.8,0.2,1.5,16.3,13.4
1629028,67,Deandre Ayton,1610612747,LAL,13,30.4,7.6,11,0.692,0,0,0,1,1.6,0.619,2.8,5.5,8.4,0.9,0.7,0.9,2.7,16.2,20.5
1628969,68,Mikal Bridges,1610612752,NYK,13,35.1,6.1,12.2,0.5,2.5,5.8,0.421,1.5,1.9,0.8,1.2,3.2,4.4,4.8,2,1.2,1,16.2,21.1
1628401,69,Derrick White,1610612738,BOS,14,32.9,5.5,15.4,0.356,2.6,8.6,0.306,2.4,2.9,0.825,0.9,3,3.9,5.4,1.7,1.2,1.2,16,16.6
1627826,69,Ivica Zubac,1610612746,LAC,14,31.5,6.9,11.1,0.622,0,0,0,2.1,2.9,0.75,3.4,7.4,10.8,2.1,0.6,1,2.1,16,23.5
202696,71,Nikola Vučević,1610612741,CHI,13,31.5,6.2,12.8,0.485,1.9,4.7,0.41,1.5,1.9,0.76,2,8,10,3.7,0.7,0.5,1.7,15.8,21.9
1629060,71,Rui Hachimura,1610612747,LAL,13,34.6,6.1,10.5,0.577,2,4,0.5,1.7,2.3,0.733,0.7,3.1,3.8,1.2,0.7,0.2,1.2,15.8,15.5
1628384,73,OG Anunoby,1610612752,NYK,12,31.1,5.8,12.3,0.476,2.6,6.6,0.392,1.6,2.1,0.76,1.6,4,5.6,2.2,1.9,0.7,1.8,15.8,17.4
1630245,74,Ayo Dosunmu,1610612741,CHI,11,25.5,5.6,10.2,0.554,1.8,3.9,0.465,2.6,2.9,0.906,0.3,2.2,2.5,3.4,0.6,0.1,1.3,15.7,16.2
1630193,75,Immanuel Quickley,1610612761,TOR,14,31.4,5.6,11.9,0.467,2.4,6.3,0.375,2.2,2.9,0.756,0.6,4.1,4.7,6.1,1.3,0,1.8,15.7,18.9
1630168,75,Onyeka Okongwu,1610612737,ATL,14,29.4,5.6,10.8,0.517,1.7,4.4,0.387,2.9,3.7,0.769,1.8,6.1,7.9,2.5,0.9,1.1,1.6,15.7,20.4
1629012,77,Collin Sexton,1610612766,CHA,13,26.3,5,10.5,0.474,1.6,3.8,0.42,3.9,4.6,0.85,0.3,2.1,2.4,4.8,0.7,0,2.8,15.5,14.3
1642843,78,Cooper Flagg,1610612742,DAL,15,33.7,6,13.2,0.455,1.1,3.9,0.293,2.4,3.1,0.783,1.1,5.3,6.3,3.1,1.3,0.7,2.2,15.5,16.9
1642845,79,VJ Edgecombe,1610612755,PHI,13,37.3,5.8,14,0.412,2.1,5.5,0.375,1.8,2.5,0.727,1.8,3.8,5.7,4.3,1.2,0.4,1.8,15.5,16.3
1630174,80,Aaron Nesmith,1610612754,IND,11,30.5,4.9,13.4,0.367,2.8,7.5,0.373,2.8,3.5,0.795,1.5,2.9,4.5,1.5,0.8,0.3,0.7,15.5,12.6
1628386,81,Jarrett Allen,1610612739,CLE,13,25.8,5.8,9.8,0.586,0,0.3,0,3.8,4.9,0.766,2.4,5.2,7.6,1.8,1.1,0.9,1.6,15.3,19.8
1642847,82,Jeremiah Fears,1610612740,NOP,14,26.4,5.9,13.1,0.448,1.2,3.4,0.354,2.4,2.9,0.825,0.8,2.1,2.9,2.8,1.7,0.1,2.6,15.3,12.5
1629651,83,Nic Claxton,1610612751,BKN,13,29.4,5.8,9.5,0.61,0,0.5,0,3.6,5.1,0.712,2.8,4.2,7,3.9,0.8,1.4,1.3,15.2,21.8
1641824,84,Matas Buzelis,1610612741,CHI,13,29.1,5.5,11.5,0.473,1.8,4.6,0.4,2.2,2.6,0.853,1.2,4.4,5.6,1.2,0.8,1.2,1.9,15,15.4
1629023,84,P.J. Washington,1610612742,DAL,14,30.7,5.4,12.1,0.447,1.3,4.2,0.305,2.9,4.4,0.656,1.1,6.4,7.5,2.3,0.9,1.1,2.7,15,15.9
1631095,86,Jabari Smith Jr.,1610612745,HOU,11,33,5.4,11.7,0.457,2,5.4,0.373,1.7,2.1,0.826,1.2,5.2,6.4,1.6,0.8,0.8,1,14.5,16.4
1628989,87,Kevin Huerter,1610612741,CHI,13,26.4,5.4,10.7,0.504,1.6,5,0.323,2,2.4,0.839,0.7,3.4,4.1,2.8,0.9,0.9,1.6,14.4,15.8
201566,88,Russell Westbrook,1610612758,SAC,14,28.5,5.1,11.6,0.436,2.1,5.3,0.405,2.1,3.1,0.674,1.7,4.9,6.6,6.4,1,0.1,3.2,14.4,17.8
1628978,89,Donte DiVincenzo,1610612750,MIN,14,30.4,4.4,10.1,0.43,2.9,7.7,0.38,2.4,2.9,0.85,0.9,3,3.9,3.4,1,0.6,1.4,14.1,15.4
1642907,90,Cedric Coward,1610612763,MEM,14,26.7,4.6,9.6,0.478,1.6,4.4,0.371,3.2,3.6,0.9,1.6,4.4,6.1,3,0.9,0.4,1.2,14,17.8
1630241,91,Sam Merrill,1610612739,CLE,12,25.9,4.5,9.7,0.466,3.7,8.3,0.444,1.3,1.3,0.938,0.8,1.3,2.1,2.3,0.5,0.3,0.8,13.9,12.9
1641709,92,Ausar Thompson,1610612765,DET,10,29.1,5.8,11.5,0.504,0.4,1.3,0.308,1.9,3.9,0.487,2,4.6,6.6,3.4,1.8,0.7,1.4,13.9,17.3
1630170,93,Devin Vassell,1610612759,SAS,13,33.1,5,12.3,0.406,2.5,7.2,0.34,1.4,1.8,0.783,0.4,3.2,3.5,2.4,1.1,0.2,1.2,13.8,12.2
1630228,94,Jonathan Kuminga,1610612744,GSW,13,27.7,5,10.5,0.478,0.9,2.8,0.324,2.8,3.7,0.771,1.6,5,6.6,2.8,0.4,0.3,2.7,13.8,14.9
1629014,95,Anfernee Simons,1610612738,BOS,14,24.4,4.7,11.6,0.405,2.7,6.9,0.396,1.3,1.4,0.9,0.4,1.7,2.1,2.4,0.4,0.2,1.2,13.4,10.2
1628398,96,Kyle Kuzma,1610612749,MIL,14,25.9,5,10.1,0.496,0.9,3.3,0.283,2.4,3,0.786,0.7,3.7,4.4,1.7,0.8,0.6,1.2,13.3,13.9
1630200,97,Tre Jones,1610612741,CHI,11,29.9,4.4,8.8,0.495,0.5,1.5,0.353,4,4.7,0.846,0.8,3.2,4,5.5,2.1,0.2,1.6,13.3,18.2
1630541,98,Moses Moody,1610612744,GSW,13,24.2,4.1,9.2,0.442,3,6.6,0.453,2,2.4,0.839,0.5,2.3,2.8,1.5,0.9,0.8,1.2,13.2,12.5
1628370,99,Malik Monk,1610612758,SAC,11,24.3,4.7,10.4,0.456,2,4.5,0.44,1.6,1.8,0.9,0.3,1.3,1.5,2.1,0.9,0.5,1,13.1,11.3
1628392,100,Isaiah Hartenstein,1610612760,OKC,15,28.5,5.7,8.2,0.691,0,0.3,0,1.6,2.4,0.667,3.5,7.4,10.9,3.3,1.5,0.6,2.1,12.9,23.7
1642258,101,Zaccharie Risacher,1610612737,ATL,12,24.8,5.1,10.7,0.477,1.7,4.8,0.345,1.1,1.6,0.684,0.6,2.1,2.7,1.5,1.2,0.6,0.8,12.9,11.9
1630583,102,Santi Aldama,1610612763,MEM,14,25.6,4.9,10.6,0.463,1.4,4.6,0.313,1.4,2.4,0.576,1.6,5.3,6.9,2.5,1.1,0.6,1.3,12.6,15.6
1642263,103,Reed Sheppard,1610612745,HOU,12,22.9,4.7,9.5,0.491,2.8,5.8,0.478,0.5,0.8,0.667,0.3,2.4,2.7,3.1,1.6,0.3,1.3,12.6,13.9
1629130,104,Duncan Robinson,1610612765,DET,14,32.3,4.1,9.4,0.443,3,7.2,0.416,1.3,1.7,0.75,0.4,2.4,2.8,1.9,0.9,0.4,0.6,12.6,12.2
1630591,105,Jalen Suggs,1610612753,ORL,10,22.1,4.2,7.8,0.538,1.8,4.5,0.4,2.3,2.6,0.885,0.7,3.2,3.9,4.4,1.6,0.3,3,12.5,15.8
1628976,106,Wendell Carter Jr.,1610612753,ORL,14,29.9,4.1,7.9,0.527,1.3,2.9,0.45,2.9,3.6,0.784,3,4.4,7.4,1.8,0.6,0.9,2.1,12.4,16.5
1630180,107,Saddiq Bey,1610612740,NOP,13,27.5,4.4,10.2,0.429,2.2,5.4,0.4,1.5,2.1,0.704,1.8,3,4.8,2,0.8,0,0.7,12.4,12.8
1626167,108,Myles Turner,1610612749,MIL,15,29.9,4.2,9.5,0.441,2.4,5.5,0.434,1.5,2.2,0.697,1.2,5.1,6.3,1.9,1.3,1.7,1.4,12.3,16.1
1641739,109,Toumani Camara,1610612757,POR,13,34.6,4.5,11.1,0.41,2.1,6.6,0.314,1.2,1.6,0.714,1.9,3.3,5.2,2.9,1.1,0.5,2,12.3,13
203471,110,Dennis Schröder,1610612758,SAC,14,30.4,4.6,11.6,0.401,1.6,4.6,0.344,1.4,1.9,0.769,0.3,3.4,3.6,5.9,1.1,0.2,1.9,12.3,13.9
1629675,110,Naz Reid,1610612750,MIN,14,24.1,4.7,10.3,0.458,1.9,5.4,0.36,0.9,1.4,0.65,1.2,4.9,6.1,2.1,0.9,0.9,1.5,12.3,14.6
203084,112,Harrison Barnes,1610612759,SAS,13,29.7,4,7.4,0.542,2.5,5.1,0.485,1.6,1.8,0.913,0.6,2.2,2.8,2.1,1.1,0.3,1.5,12.1,13.3
1631108,113,Max Christie,1610612742,DAL,15,29.8,4.1,8.7,0.473,2.5,5.5,0.458,1.3,1.7,0.731,0.1,3.3,3.3,2.6,0.5,0.5,1.1,12.1,12.9
1641764,114,Brandin Podziemski,1610612744,GSW,15,28.4,4.3,9.5,0.455,1.9,4.9,0.384,1.4,1.9,0.75,0.4,4.1,4.5,3.1,1.3,0.3,1.3,11.9,14.3
1626156,114,D'Angelo Russell,1610612742,DAL,15,22,4.1,10.9,0.38,1.1,5,0.227,2.5,3.6,0.704,0.5,2.3,2.8,4.9,0.5,0.1,2.3,11.9,10.1
1628381,116,John Collins,1610612746,LAC,14,25.4,4.6,9.2,0.504,0.9,2.6,0.333,1.8,2.2,0.806,1.4,3.4,4.8,0.6,0.9,0.5,1.9,11.9,11.8
1641783,117,Tristan da Silva,1610612753,ORL,14,23.1,4.1,8.5,0.487,2,4.9,0.406,1.4,1.7,0.792,0.9,2.9,3.9,1,0.9,0.2,0.9,11.6,12.1
1626220,118,Royce O'Neale,1610612756,PHX,14,29.5,4,9,0.444,3.2,7.4,0.437,0.3,0.4,0.667,1.1,4.4,5.5,3.1,1.2,0.1,1.5,11.5,14.8
1631323,118,Simone Fontecchio,1610612748,MIA,14,19,3.8,7.6,0.495,2.6,5.3,0.5,1.3,1.5,0.857,0.5,2.1,2.6,1.1,0.6,0.2,0.9,11.5,11.1
1642848,120,Tre Johnson,1610612764,WAS,13,25.2,4.3,10.2,0.424,1.9,5.2,0.373,0.9,1.1,0.857,0.5,2.7,3.2,1.4,0.3,0.5,1.5,11.5,9.3
1631106,121,Tari Eason,1610612745,HOU,11,23.2,4.3,8.6,0.495,2.5,4.8,0.509,0.5,0.6,0.714,1.5,3.7,5.2,1.6,0.8,0.5,1.7,11.5,13.3
1631109,122,Mark Williams,1610612756,PHX,12,25.4,4.5,7.3,0.614,0,0,0,2.4,3.1,0.784,2.8,5.6,8.4,0.9,1.3,0.9,0.8,11.4,18.6
203501,123,Tim Hardaway Jr.,1610612743,DEN,13,22.8,3.8,8.2,0.462,2.5,5.4,0.471,1.3,1.4,0.944,0.3,1.6,1.9,1.5,0.6,0.1,0.2,11.4,10.8
1631128,124,Christian Braun,1610612743,DEN,11,29.5,4.4,8.8,0.495,0.5,2.5,0.214,2.1,2.6,0.793,1.6,2.7,4.4,3,0.8,0.3,1.3,11.4,13.5
1627751,125,Jakob Poeltl,1610612761,TOR,10,25.4,4.7,6.5,0.723,0,0,0,1.9,3.5,0.543,2.8,4.7,7.5,1.7,0.6,0.6,1.2,11.3,17.1
1642276,126,Kel'el Ware,1610612748,MIA,14,24.4,4.4,8.1,0.544,1,2.6,0.389,1.4,1.8,0.76,2.9,6.7,9.6,0.7,1,1.5,0.9,11.2,18.9
1630230,127,Naji Marshall,1610612742,DAL,15,26.3,3.6,7.8,0.462,0.7,2.7,0.268,3.3,4.1,0.79,0.8,4,4.8,2.3,1.3,0,1,11.2,13.5
1630249,128,Vít Krejčí,1610612737,ATL,10,21.1,3.9,7.2,0.542,2.6,5.4,0.481,0.7,1,0.7,0.3,2.1,2.4,1.8,0.5,0.3,0.6,11.1,11.9
1642281,129,Jaylon Tyson,1610612739,CLE,11,25.8,4,8.2,0.489,2.2,4.7,0.462,0.9,1.2,0.769,1.4,2.6,4,1.8,1.3,0.8,1,11.1,13.5
1629640,130,Keldon Johnson,1610612759,SAS,13,23.2,4.5,8,0.558,0.5,2.2,0.25,1.6,2,0.808,2.4,3.8,6.2,1.7,0.8,0.1,0.7,11.1,15.2
1641710,131,Anthony Black,1610612753,ORL,14,26.4,4.1,8.8,0.463,1.1,3.5,0.306,1.9,2.7,0.684,0.5,2.5,3,2.4,1.1,0.7,2.1,11.1,10.6
1630314,132,Brandon Williams,1610612742,DAL,13,20.9,3.8,8.8,0.435,0.4,2.4,0.161,2.8,3.6,0.787,0.5,2.1,2.6,3.2,1.7,0.2,1.8,10.9,11
1630191,133,Isaiah Stewart,1610612765,DET,11,22.7,4.1,8.4,0.489,1.3,3.3,0.389,1.5,2.1,0.696,2.2,4.1,6.3,1.4,0.2,2.2,1.1,10.9,14.9
1631260,134,AJ Green,1610612749,MIL,15,28.1,3.4,7.1,0.481,3.1,6.5,0.474,1,1.3,0.789,0.1,2.4,2.5,1.9,0.4,0.1,0.7,10.9,11
203497,135,Rudy Gobert,1610612750,MIN,14,31.4,4.6,6,0.762,0,0,0,1.6,3.2,0.489,3,6.6,9.6,1.5,0.6,1.8,1.7,10.7,19.4
203903,136,Jordan Clarkson,1610612752,NYK,13,17.9,3.8,8.1,0.476,1.5,4,0.365,1.5,1.7,0.864,0.8,1,1.8,1.7,0.4,0.2,0.9,10.6,9.3
1630558,137,Davion Mitchell,1610612748,MIA,14,30.8,4.2,8.4,0.504,1.2,3.1,0.386,0.9,1.6,0.591,0.4,2.4,2.9,7.4,1.4,0.1,1.8,10.6,15.7
1627884,138,Derrick Jones Jr.,1610612746,LAC,13,24.9,3.8,7.1,0.533,1.2,3.5,0.348,1.7,2.2,0.786,0.8,1.5,2.4,1.1,0.8,1.2,0.8,10.5,11.4
1642852,139,Derik Queen,1610612740,NOP,14,22.6,3.9,8.2,0.47,0.1,0.7,0.1,2.6,3.4,0.766,1.9,4.4,6.2,2.6,1,0.8,2.3,10.4,13.6
1629111,140,Jock Landale,1610612763,MEM,14,24.4,4,7.4,0.544,1.1,2.5,0.457,1.1,1.6,0.696,2.2,3.2,5.4,1.7,0.6,0.4,1.1,10.3,13.5
1631217,140,Moussa Diabaté,1610612766,CHA,14,22.8,3.8,5.6,0.679,0,0,0,2.7,3.9,0.704,3.9,4,7.9,1.1,0.6,1.5,0.8,10.3,17.7
1630188,142,Jalen Smith,1610612741,CHI,13,16,3.8,7.7,0.49,1.7,4.2,0.4,1,1.5,0.684,2,4.3,6.3,1.4,0.3,0.3,1,10.2,13.2
1631222,143,Jake LaRavia,1610612747,LAL,14,28.8,3.7,7.8,0.477,1.1,3.2,0.333,1.7,2.6,0.667,1.4,3.1,4.5,2.4,1.5,0.3,1.3,10.2,12.6
1629018,144,Gary Trent Jr.,1610612749,MIL,15,27.7,3.5,8.9,0.398,2.3,6.1,0.374,0.9,1.2,0.722,0.1,1.5,1.6,2,1.1,0.1,0.7,10.2,8.5
203935,145,Marcus Smart,1610612747,LAL,11,29.2,3.2,7.9,0.402,1.1,4.7,0.231,2.7,2.9,0.938,0.5,1.8,2.4,3.4,2.2,0.2,2.4,10.2,11
1641796,146,Pelle Larsson,1610612748,MIA,14,21.8,3.6,6.6,0.538,1.2,3.1,0.386,1.8,2.2,0.806,0.4,2.4,2.7,2.8,0.4,0.1,1.2,10.1,11.5
1630544,146,Tre Mann,1610612766,CHA,14,22,3.9,10.6,0.365,1.6,5.1,0.306,0.9,0.9,0.923,0.7,2.4,3.1,3.1,0.8,0.1,1.9,10.1,8.6
1641716,148,Jarace Walker,1610612754,IND,14,29.1,3.2,10.8,0.298,1.4,5.1,0.264,2.2,2.8,0.795,0.8,4.4,5.2,3,0.6,0.5,2.3,10,8.9
1629013,148,Landry Shamet,1610612752,NYK,13,22.2,3,6.7,0.448,2,4.8,0.413,2,2.4,0.839,0.5,1.6,2.1,1.2,0.4,0.2,0.5,10,9.2
1630540,148,Miles McBride,1610612752,NYK,11,24.3,3.6,9,0.404,2.2,5.6,0.387,0.5,0.9,0.6,0.8,1.9,2.7,2.5,0.8,0.1,0.8,10,9.5
1630533,148,Ziaire Williams,1610612751,BKN,11,22.8,3.1,7.8,0.395,1.8,5.8,0.313,2,2.4,0.846,0.7,1.8,2.5,0.5,0.9,0.5,0.8,10,8.5
1631221,152,Collin Gillespie,1610612756,PHX,14,24.1,3.4,8.7,0.385,2.3,5.9,0.386,0.9,1.2,0.765,1.1,3.1,4.1,5.1,1,0.4,1.4,9.9,13.5
1641750,153,Ryan Kalkbrenner,1610612766,CHA,13,26.6,4.3,5.3,0.812,0,0.1,0,1.3,1.6,0.81,3.2,3.8,7.1,0.4,0.9,2.2,1.7,9.9,17.5
1629611,153,Terance Mann,1610612751,BKN,13,27.1,3.7,7.8,0.475,1.2,3.1,0.375,1.4,1.6,0.857,1.5,1.5,3.1,3.2,0.8,0.2,0.8,9.9,12.1
203114,155,Khris Middleton,1610612764,WAS,10,24.8,3.8,8,0.475,0.9,2.8,0.321,1.4,1.9,0.737,1.3,2.6,3.9,2.4,0.9,0.2,1.6,9.9,11
1630577,156,Julian Champagnie,1610612759,SAS,13,27.5,3,7.2,0.415,2.1,5.5,0.375,1.7,2.2,0.759,0.8,3.8,4.6,1.2,1.2,0.3,1.3,9.8,11
1626171,157,Bobby Portis,1610612749,MIL,15,20.9,3.9,8.3,0.468,1.3,3.1,0.426,0.7,0.9,0.714,1.2,4.3,5.5,1.1,0.3,0.1,1.2,9.7,10.9
1630529,158,Herbert Jones,1610612740,NOP,14,30.2,3.5,8.8,0.398,1.6,4.4,0.371,1.1,1.5,0.714,0.9,2.6,3.5,2.3,1.4,0.2,1.8,9.7,9.6
1642377,159,Jaylen Wells,1610612763,MEM,14,25.3,3.5,9.6,0.366,1.5,5.3,0.284,1,1.5,0.667,1.2,2.4,3.6,1.5,0.6,0,0.9,9.5,7.7
1641730,160,Noah Clowney,1610612751,BKN,13,25.1,2.6,7.5,0.347,1.7,5.7,0.297,2.5,3.4,0.75,0.8,3.2,3.9,1.8,0.6,0.4,1.6,9.5,8.8
1629004,160,Svi Mykhailiuk,1610612762,UTA,13,27.2,3.5,7.5,0.469,2,5.4,0.371,0.4,0.5,0.833,0.8,1.8,2.5,2.1,0.5,0.2,0.7,9.5,10.1
202691,162,Klay Thompson,1610612742,DAL,14,21.3,3.4,9.9,0.338,2.3,7.4,0.311,0.4,0.4,1,0.2,2.4,2.6,1.8,0.4,0.4,1.1,9.4,6.8
1627747,163,Caris LeVert,1610612765,DET,10,19.8,3.5,6.9,0.507,1.2,3,0.4,1.2,2,0.6,0.2,1.5,1.7,3.5,0.6,0.4,1.7,9.4,9.7
1630572,164,Sandro Mamukelashvili,1610612761,TOR,13,17.8,3.4,5.8,0.579,1.1,2.4,0.452,1.5,1.9,0.8,1,2.6,3.6,1.8,0.5,0.5,0.9,9.4,12
1642954,164,Will Richard,1610612744,GSW,13,18.2,3.3,5.8,0.566,1.4,3.4,0.409,1.4,1.8,0.783,1.2,1.2,2.5,1.3,1.1,0.1,0.8,9.4,10.6
1629674,166,Neemias Queta,1610612738,BOS,14,24.6,4.1,6.6,0.613,0,0.2,0,1.1,1.9,0.593,3.1,5,8.1,1.7,0.8,1.4,0.9,9.3,17
1628404,167,Josh Hart,1610612752,NYK,12,25.5,3.6,7.6,0.473,1,3.1,0.324,1,1.3,0.75,1.6,4.9,6.5,4.7,0.9,0.2,2.1,9.2,15
1641729,168,Brice Sensabaugh,1610612762,UTA,12,14.5,3.1,6.8,0.457,1.8,4.8,0.362,1.2,1.3,0.933,0.5,2.3,2.8,1.1,0.5,0.1,0.8,9.1,8.9
1641842,169,Ronald Holland II,1610612765,DET,14,24.2,3.4,8.6,0.392,1,3.4,0.298,1.4,1.6,0.864,0.9,3.1,4.1,1.9,1.7,0.4,1.9,9.1,9.7
1641715,170,Cam Whitmore,1610612764,WAS,13,17,3.5,7.6,0.455,0.8,2.6,0.324,1.2,1.5,0.75,0.6,1.7,2.3,0.6,0.8,0.2,1,8.9,7.3
1630570,171,Trendon Watford,1610612755,PHI,10,21.3,3.5,6.5,0.538,0.5,1.2,0.417,1.4,1.9,0.737,1.3,3.4,4.7,3.7,0.4,0.2,1.4,8.9,13
1642270,172,Donovan Clingan,1610612757,POR,13,25.1,3.5,7.4,0.479,0.6,3.1,0.2,1.2,1.2,0.938,4.5,4.5,9,1.2,0.7,1.4,0.7,8.8,16.5
1630175,173,Cole Anthony,1610612749,MIL,14,19.6,3.7,8.9,0.419,0.8,2.6,0.297,0.6,1.1,0.533,0.6,2.7,3.3,5.2,0.7,0.4,2.1,8.8,10.6
1631107,173,Nikola Jović,1610612748,MIA,14,21.4,2.9,7.3,0.402,1.1,3.6,0.294,1.9,2.5,0.743,0.7,3.6,4.4,3.1,0.6,0.4,1.8,8.8,10.5
1642285,175,Cam Spencer,1610612763,MEM,14,18.7,2.6,6.1,0.419,1.9,4.3,0.45,1.6,1.9,0.885,0.1,1.9,2,3,0.7,0.1,0.9,8.7,9.9
1630700,175,Dyson Daniels,1610612737,ATL,14,32.8,3.8,8.1,0.469,0.2,0.9,0.231,0.9,1.5,0.619,1.6,4.1,5.7,5.8,2.3,0.4,2.1,8.7,16
1630543,177,Isaiah Jackson,1610612754,IND,14,19.1,3.4,5.8,0.58,0,0,0,1.9,2.4,0.794,2.8,3.6,6.4,1.1,0.7,0.4,1.1,8.6,13.1
1642346,177,Ryan Dunn,1610612756,PHX,14,23.9,3.5,7.3,0.48,1,3.1,0.318,0.6,0.9,0.692,2.1,3,5.1,1.8,1.1,0.7,1,8.6,12.2
203083,179,Andre Drummond,1610612755,PHI,12,22.8,3.3,5.6,0.597,0.6,1.3,0.438,1.3,2,0.625,3.2,6.4,9.6,0.8,0.8,0.8,0.6,8.5,16.8
1642867,180,Collin Murray-Boyles,1610612761,TOR,11,20,3.1,6.2,0.5,0.8,1.6,0.5,1.5,1.9,0.762,1.7,1.7,3.5,1.2,0.7,0.5,1.1,8.5,9.6
1641717,181,Cason Wallace,1610612760,OKC,14,29,3.1,7.6,0.406,1.6,4.2,0.373,0.7,0.8,0.909,0.8,2.3,3.1,2.9,2.4,0.3,1.2,8.4,11.2
1642846,182,Ace Bailey,1610612762,UTA,13,20.1,3.2,7.6,0.414,1,3.1,0.325,1.1,1.3,0.824,2,1.6,3.6,1.5,0.6,0.2,1.4,8.4,8.2
1628379,183,Luke Kennard,1610612737,ATL,12,22.8,2.9,6,0.486,1.5,3.5,0.429,1,1.1,0.923,0.7,1.6,2.3,1.8,1,0.1,1.3,8.3,9
1629661,184,Cameron Johnson,1610612743,DEN,12,25.5,2.9,7.5,0.389,1.1,3.8,0.289,1.3,1.5,0.833,0.8,2,2.8,1.9,0.5,0.1,0.5,8.2,8.1
202685,185,Jonas Valančiūnas,1610612743,DEN,13,11.9,3.1,5.6,0.548,0.2,0.5,0.333,1.8,2.5,0.727,1.5,3.2,4.7,1.2,0.1,0.7,1.1,8.2,10.5
1629750,186,Javonte Green,1610612765,DET,14,22.9,2.6,6.5,0.396,1,3.3,0.304,1.9,2.6,0.75,1,2.9,3.9,1.2,1.1,0.5,0.7,8.1,9.4
1630557,187,Corey Kispert,1610612764,WAS,13,19,2.8,5.5,0.5,1.4,3.6,0.383,1.1,1.5,0.737,0.3,2,2.3,1.6,0.2,0.2,0.7,8,8.5
1629006,187,Josh Okogie,1610612745,HOU,12,22.6,2.6,5.3,0.492,1.3,2.9,0.457,1.5,1.8,0.818,0.9,1.3,2.3,1.3,1.6,0.2,0.6,8,9.7
1630172,187,Patrick Williams,1610612741,CHI,13,21.8,2.7,6.2,0.432,1.5,3.8,0.408,1.1,1.5,0.7,0.7,2.2,2.8,1.5,1.2,0.4,1.1,8,8.8
203484,190,Kentavious Caldwell-Pope,1610612763,MEM,14,23.4,2.6,7.2,0.356,1,3.4,0.298,1.8,2,0.893,0.4,2.2,2.6,3.1,0.8,0.3,1.1,7.9,8.6
1630171,191,Isaac Okoro,1610612741,CHI,13,25.4,2.8,6.3,0.439,1.1,3,0.359,1.2,1.3,0.882,1.2,1.6,2.8,1.8,0.5,0.8,1.2,7.8,8.8
1642271,191,Kyle Filipowski,1610612762,UTA,13,19.8,2.7,6.5,0.412,0.8,2.7,0.314,1.5,2.2,0.69,1.5,4.1,5.6,2.3,0.4,0.5,1.2,7.8,10.8
1641711,193,Gradey Dick,1610612761,TOR,14,16.7,2.4,5.6,0.43,1.2,3.4,0.362,1.6,2,0.821,0.4,1.8,2.2,0.6,0.5,0,0.4,7.7,7.1
203110,194,Draymond Green,1610612744,GSW,14,28.1,2.7,7.3,0.373,1.5,4.2,0.356,0.7,1.2,0.588,0.9,4.9,5.8,5.7,0.8,0.7,3.2,7.6,12.4
1642261,195,Dalton Knecht,1610612747,LAL,13,18.9,3,6.5,0.464,1.2,3.5,0.326,0.5,0.7,0.667,0.6,1.8,2.4,0.6,0.5,0.5,0.6,7.6,7.3
1630631,195,Jose Alvarado,1610612740,NOP,13,19.8,2.6,6.2,0.42,1.5,3.9,0.392,0.8,1,0.846,0.5,1.9,2.4,2.5,1,0,1.1,7.6,8.6
1642883,197,Sion James,1610612766,CHA,14,26.7,2.5,5.4,0.461,1.4,3.2,0.444,1.1,1.4,0.842,0.4,2.8,3.1,1.5,0.8,0.4,1,7.6,9.2
1631169,198,Josh Minott,1610612738,BOS,13,20.2,2.7,5.8,0.461,1,3,0.333,1.1,1.3,0.824,1.9,3.4,5.3,1.5,1.1,0.4,0.7,7.5,11.6
1630568,199,Luka Garza,1610612738,BOS,13,14.2,2.7,4.7,0.574,0.6,1.6,0.381,1.3,1.7,0.773,2.5,1.7,4.2,0.8,0.3,0.5,0.4,7.3,10.3
1631213,199,Tyrese Martin,1610612751,BKN,13,21.2,2.8,7.5,0.371,1.3,4.4,0.298,0.5,0.7,0.667,1.1,2.1,3.2,2.5,0.5,0.2,1.1,7.3,7.7
203994,201,Jusuf Nurkić,1610612762,UTA,13,24.2,2.7,7.2,0.372,0.3,1.8,0.167,1.5,2.5,0.606,2.2,7.3,9.5,3.6,1.8,0.5,2.7,7.2,14.4
1628963,201,Marvin Bagley III,1610612764,WAS,13,14.6,2.9,4.5,0.655,0.2,0.5,0.5,1.2,1.6,0.714,1.8,2.4,4.2,1.2,0.5,0.5,0.9,7.2,10.8
1627739,203,Kris Dunn,1610612746,LAC,14,25.7,2.7,5.7,0.475,0.9,2.4,0.364,0.9,1.3,0.722,0.9,1.6,2.5,2.4,1.5,0.3,1.4,7.2,9.1
1630194,204,Paul Reed,1610612765,DET,12,12.9,3.1,4.5,0.685,0.3,0.7,0.5,0.6,1,0.583,2.1,2.5,4.6,1.3,1.1,0.9,1.2,7.1,12
1631165,205,Keon Ellis,1610612758,SAC,14,18.8,2.4,5.4,0.453,1.7,3.9,0.444,0.5,0.7,0.7,0.3,1.2,1.5,0.6,1.4,0.3,0.4,7.1,7.4
1642856,206,Egor Dëmin,1610612751,BKN,12,20.5,2.3,6.3,0.373,1.7,4.7,0.357,0.7,0.8,0.889,0.5,2.5,3,3.3,0.8,0.2,1.5,7,8.8
1627741,207,Buddy Hield,1610612744,GSW,15,16.8,2.5,5.8,0.425,1.2,3.7,0.321,0.8,0.9,0.923,0.3,1.3,1.6,1.6,0.9,0,1,6.9,6.6
201572,208,Brook Lopez,1610612746,LAC,14,15.2,2.4,5.6,0.423,1.4,3.9,0.352,0.6,0.8,0.727,0.3,1.9,2.2,0.6,0.4,0.8,0.9,6.6,6.2
1630692,209,Jordan Goodwin,1610612756,PHX,11,16.7,2.5,5.7,0.429,1.2,3,0.394,0.5,0.7,0.75,1.5,2.2,3.7,2,1.2,0.1,1.1,6.6,9.1
1630573,210,Sam Hauser,1610612738,BOS,14,21.5,2.1,6.9,0.313,2,6.1,0.329,0.2,0.3,0.75,0.7,2.5,3.2,1.3,0.5,0.3,0.7,6.5,6.3
1630549,211,Day'Ron Sharpe,1610612751,BKN,12,15.8,2.3,3.8,0.622,0.3,0.8,0.3,1.5,2.3,0.667,2.3,2.9,5.3,1.9,0.8,0.5,2,6.4,10.8
1642267,212,Bub Carrington,1610612764,WAS,13,26.8,2.2,6.5,0.329,1.3,3,0.436,0.8,1.1,0.714,0.2,3.8,4,4.4,0.7,0.2,2.5,6.4,8.5
1631212,212,Peyton Watson,1610612743,DEN,13,23.1,2.3,5.2,0.441,0.4,1.5,0.263,1.4,1.9,0.72,1.1,2.5,3.6,1.3,1.2,1.2,1,6.4,9.2
1641767,214,Ben Sheppard,1610612754,IND,14,25.3,2.4,7.5,0.314,0.9,4.1,0.224,0.7,0.9,0.769,0.9,3.6,4.5,1.8,0.5,0.2,0.6,6.4,7.4
1629234,214,Drew Eubanks,1610612758,SAC,14,14.6,2.6,4,0.661,0,0.1,0,1.1,2.2,0.484,0.6,2.1,2.8,0.3,0.5,1,0.9,6.4,7.5
1628366,216,Lonzo Ball,1610612739,CLE,12,23,2.1,6.1,0.342,1.6,4.9,0.322,0.6,0.8,0.7,1.2,2.9,4.1,5.3,1.1,0.2,2.3,6.3,10.5
1630696,217,Dru Smith,1610612748,MIA,14,16.6,2.3,4.8,0.478,0.9,2.2,0.387,0.9,1,0.857,0.9,1.1,2,3.3,1.5,0.1,0.9,6.3,9.7
1642347,218,Jamal Shead,1610612761,TOR,14,18.1,2.1,4.8,0.433,1.1,2.7,0.421,0.9,1.1,0.813,0.4,1.4,1.7,5,0.8,0.1,1.3,6.2,9.6
1631243,218,Mouhamed Gueye,1610612737,ATL,14,16.5,2.6,5.1,0.5,0.7,2.4,0.294,0.4,0.7,0.5,1.1,2.7,3.8,1.4,0.4,0.6,0.9,6.2,8.6
1630592,220,Jalen Wilson,1610612751,BKN,11,15.7,1.9,4.8,0.396,1.5,3.3,0.444,0.9,1.2,0.769,0.2,0.8,1,0.6,0.2,0,0.7,6.2,4.1
1642383,220,Walter Clayton Jr.,1610612762,UTA,11,16.2,2,4.9,0.407,0.9,2.6,0.345,1.3,1.3,1,0.5,1.8,2.4,3.2,0.5,0.3,1.4,6.2,8.2
1628971,222,Bruce Brown,1610612743,DEN,13,22.5,2.2,5.4,0.414,0.7,1.7,0.409,1,1.2,0.867,1.1,3.2,4.3,1.2,0.7,0.2,0.8,6.2,8.5
201144,223,Mike Conley,1610612750,MIN,14,20.1,1.9,4.4,0.426,1.4,2.9,0.463,1.1,1.1,1,0.4,1.6,2,3.5,0.8,0.2,1,6.1,9.1
1642348,224,Justin Edwards,1610612755,PHI,11,14,2.2,4.8,0.453,1.5,3.5,0.421,0.3,0.3,1,0.6,1.2,1.8,1.2,0.2,0.2,0.5,6.1,6.4
203500,224,Steven Adams,1610612745,HOU,11,21.7,2.3,4.5,0.51,0,0,0,1.5,2.1,0.739,5.1,4.3,9.4,1.5,0.7,0.7,1.1,6.1,14.5
1629048,226,Goga Bitadze,1610612753,ORL,14,16.8,2.1,3.1,0.698,0.1,0.4,0.333,1.5,2.1,0.724,1.6,3.4,5.1,1.1,0.5,1.3,0.5,5.9,11.9
1630702,227,Jaden Hardy,1610612742,DAL,12,10.9,1.8,4.5,0.407,1.3,2.8,0.455,1,1.3,0.8,0.3,1.1,1.3,0.3,0.3,0.1,1.1,5.9,4
1641854,228,Craig Porter Jr.,1610612739,CLE,15,17.3,2.3,4.4,0.53,0.8,1.8,0.444,0.4,0.8,0.5,1.3,1.5,2.8,2.5,1.1,0.5,0.9,5.9,9.4
1642484,229,RayJ Dennis,1610612754,IND,11,14.6,2,6.4,0.314,1.1,3.4,0.324,0.7,0.8,0.889,0.7,1,1.7,2.3,0.3,0.4,1.3,5.8,4.7
1628396,230,Tony Bradley,1610612754,IND,14,14.6,2.4,4,0.589,0,0.1,0,0.9,1.4,0.684,2.1,1.4,3.4,0.8,0.1,0.2,0.5,5.6,7.6
1642366,231,Quinten Post,1610612744,GSW,15,14.3,2,4.5,0.441,1.2,3.3,0.367,0.3,0.5,0.714,0.9,3,3.9,0.9,0.4,0.6,0.6,5.5,8
1629731,232,Dean Wade,1610612739,CLE,14,22.3,1.9,4.9,0.382,1.1,3.6,0.32,0.6,0.9,0.75,0.9,2.9,3.7,1.4,0.8,0.6,0.3,5.5,8.5
1630643,233,Jay Huff,1610612754,IND,14,14.4,1.9,5.1,0.375,0.9,3.5,0.265,0.6,0.9,0.692,1,1.9,2.9,0.7,0.1,1.8,0.6,5.4,6.8
1631200,234,Kris Murray,1610612757,POR,12,22.8,2.3,4.7,0.482,0.5,1.6,0.316,0.3,0.5,0.667,1.3,1.9,3.2,1.1,1.1,0.2,0.6,5.3,7.7
1629637,235,Jaxson Hayes,1610612747,LAL,11,16.8,2.2,3.2,0.686,0.1,0.1,1,0.6,1,0.636,1.2,3,4.2,1.2,0.4,0.5,0.5,5.1,9.4
1641740,236,Jaylen Clark,1610612750,MIN,12,16.4,1.8,3.8,0.457,0.7,1.8,0.364,0.8,1.3,0.625,1.3,1.2,2.4,0.8,0.8,0.1,0.4,5,6.1
1631119,236,Jaylin Williams,1610612760,OKC,14,19,1.7,5.2,0.329,1.2,4.6,0.266,0.4,0.5,0.714,0.6,4.2,4.8,2.3,0.6,0.6,1,5,8.6
1642878,236,Tyrese Proctor,1610612739,CLE,12,11.8,1.8,5.2,0.339,1,3.4,0.293,0.5,0.6,0.857,0.2,0.8,1,1.2,0.3,0,0.5,5,3.5
1631255,239,Karlo Matković,1610612740,NOP,12,11.4,2.2,3.1,0.703,0.3,0.8,0.444,0.3,0.7,0.375,0.7,2.1,2.8,0.8,0.2,0.5,0.4,4.9,7.4
1642265,239,Rob Dillingham,1610612750,MIN,12,11.3,2,5.1,0.393,0.3,1.1,0.231,0.7,0.9,0.727,0.2,0.9,1.1,2.1,0.8,0,1.3,4.9,4.2
1642363,241,Nique Clifford,1610612758,SAC,10,19.2,1.7,5.1,0.333,0.6,2.3,0.261,0.7,1,0.7,0.7,2.3,3,2.2,0.4,0.4,0.7,4.7,6.3
1630811,242,Keaton Wallace,1610612737,ATL,13,16.1,1.8,4.2,0.426,1,2.4,0.419,0.2,0.3,0.5,0.1,1.8,1.9,3,0.8,0.2,0.8,4.7,7.2
1641775,243,Jordan Walsh,1610612738,BOS,10,17.3,1.8,3.9,0.462,0.7,1.7,0.412,0.3,0.4,0.75,1.3,3.1,4.4,1,1,0.6,0.2,4.6,9.2
1629020,244,Jarred Vanderbilt,1610612747,LAL,14,18.4,1.6,3.6,0.44,0.3,1,0.286,1.1,1.4,0.842,1.4,4.2,5.6,1.5,1,0.4,1.6,4.6,9.2
1641722,245,Jordan Hawkins,1610612740,NOP,13,14.9,1.7,5.4,0.314,0.8,3.1,0.25,0.4,0.5,0.714,0.5,1.5,1.9,1.1,0.2,0,0.3,4.5,3.5
1630619,246,Moussa Cisse,1610612742,DAL,11,12.1,1.8,2.7,0.667,0,0,0,0.8,2.3,0.36,2,2.2,4.2,0.1,0.3,1.5,0.9,4.5,7.2
201587,247,Nicolas Batum,1610612746,LAC,14,17.9,1.4,4.1,0.333,1.2,3.7,0.327,0.3,0.3,1,0.4,2.5,2.9,0.8,0.9,0.6,0.6,4.2,6.1
1642345,247,Oso Ighodaro,1610612756,PHX,14,15.7,1.9,3.6,0.52,0,0,0,0.5,1,0.5,0.4,2.8,3.2,1.2,0.4,0.7,1.3,4.2,6.3
1630208,249,Nick Richards,1610612756,PHX,14,10.4,1.4,2.6,0.556,0,0,0,1.3,1.8,0.72,1.3,2.2,3.5,0.4,0.1,0.5,0.9,4.1,6.1
1642419,250,Jamison Battle,1610612761,TOR,10,7.3,1.5,2.1,0.714,1.1,1.5,0.733,0,0,0,0.1,1,1.1,0.2,0.2,0.1,0.4,4.1,4.7
1630538,251,Bones Hyland,1610612750,MIN,12,9,1.6,3.1,0.514,0.7,1.9,0.348,0.3,0.3,0.75,0.1,0.9,1,1.3,0.5,0,0.7,4.1,4.7
1626192,252,Pat Connaughton,1610612766,CHA,10,9.4,1.3,2.8,0.464,0.6,1.7,0.353,0.6,0.9,0.667,0.3,1.6,1.9,0.6,0.4,0.1,0.3,3.8,4.7
1626204,253,Larry Nance Jr.,1610612739,CLE,12,15.1,1.5,4.4,0.34,0.6,2.2,0.269,0.1,0.3,0.333,0.8,2.3,3.2,1.3,0.5,0.2,0.8,3.7,5
203991,254,Clint Capela,1610612745,HOU,11,9.8,1.5,2.3,0.64,0,0,0,0.7,0.9,0.8,2.5,2,4.5,0.4,0.3,0.5,0.4,3.6,7.9
1642404,255,Chaz Lanier,1610612765,DET,10,11.7,1.1,3.3,0.333,0.9,2.9,0.31,0.3,0.3,1,0.6,0.6,1.2,1,0.3,0,0.1,3.4,3.6
1642864,256,Hugo González,1610612738,BOS,11,12.4,1.3,2.8,0.452,0.5,0.9,0.5,0,0.1,0,0.7,1.3,2,0.6,0.8,0.2,0.5,3,4.5
1642877,256,Micah Peavy,1610612740,NOP,10,11.8,1.3,3.2,0.406,0.3,1.2,0.25,0.1,0.2,0.5,1.1,1.2,2.3,1,0.1,0.1,0.2,3,4.3
1631133,258,Jabari Walker,1610612755,PHI,13,12.2,1.2,2.9,0.421,0.2,0.9,0.167,0.3,0.4,0.8,1.2,1.6,2.8,0.4,0.2,0.2,0.4,2.9,4.4
1642266,259,Ja'Kobe Walter,1610612761,TOR,11,11.2,0.9,2.8,0.323,0.5,2,0.273,0.5,0.6,0.857,0.5,0.7,1.3,0.5,0.6,0.1,0.8,2.9,2.6
1631248,260,Baylor Scheierman,1610612738,BOS,10,10,1,1.8,0.556,0.8,1.5,0.533,0.1,0.1,1,0.5,1.6,2.1,0.4,0.3,0.1,0.2,2.9,4.8
1641774,260,Tristan Vukcevic,1610612764,WAS,10,5.9,1,2.2,0.455,0.3,1,0.3,0.6,1,0.6,0.1,0.8,0.9,0.4,0.1,0.4,0.5,2.9,2.6
1641724,262,Jett Howard,1610612753,ORL,10,8.4,1,2.9,0.345,0.8,2.2,0.364,0,0,0,0.1,0.5,0.6,0.7,0.1,0.3,0.1,2.8,2.5
1630551,263,Justin Champagnie,1610612764,WAS,12,8.4,0.7,2.1,0.32,0.2,0.8,0.2,1.2,1.4,0.824,1.4,1.4,2.8,0.3,0.3,0,0.2,2.7,4.3
1628371,264,Jonathan Isaac,1610612753,ORL,13,9.7,0.8,2.2,0.379,0.3,1.4,0.222,0.6,0.9,0.667,0.6,2.2,2.8,0.1,0.5,0.4,0.2,2.6,4.5
1629723,265,John Konchar,1610612763,MEM,12,11.5,1,1.8,0.545,0.5,1.2,0.429,0.1,0.1,1,0.3,2,2.3,0.9,0.8,0.4,0.3,2.6,5.8
1627824,266,Guerschon Yabusele,1610612752,NYK,12,9.7,0.8,2.6,0.323,0.6,1.8,0.318,0.3,0.5,0.5,1,1.5,2.5,0.3,0.2,0.1,0.2,2.5,3.4
1631172,267,Ousmane Dieng,1610612760,OKC,12,11.3,0.9,3,0.306,0.3,1.4,0.176,0.3,0.3,1,0.3,1.4,1.8,0.7,0.1,0.4,0.5,2.4,2.8
1627780,268,Gary Payton II,1610612744,GSW,14,9.9,1.1,2.6,0.417,0.2,1.1,0.188,0,0,0,0.9,1.8,2.6,1.1,0.6,0.3,0.6,2.4,4.9
1642278,269,Tyler Kolek,1610612752,NYK,10,6.7,1,2.4,0.417,0.3,1.3,0.231,0,0,0,0.2,0.3,0.5,1.3,0.1,0,0.6,2.3,2.2
203939,270,Dwight Powell,1610612742,DAL,12,9.5,0.5,1,0.5,0,0,0,1.3,1.5,0.833,1,1.2,2.2,0.7,0.3,0.2,0.4,2.3,4.4
1641737,271,Adem Bona,1610612755,PHI,12,14.8,0.8,1.7,0.45,0,0.1,0,0.7,1.3,0.5,1.3,2.2,3.4,0.3,0.4,1.7,0.6,2.2,5.8
1630611,272,Gui Santos,1610612744,GSW,12,6.4,0.8,1.8,0.429,0.4,1.3,0.313,0.1,0.2,0.5,0.7,0.7,1.3,0.2,0.3,0,0.4,2,2.3
1643007,272,Taelon Peter,1610612754,IND,10,9,0.6,2.4,0.25,0.5,2.2,0.227,0.3,0.3,1,0.4,1,1.4,1.3,0.2,0.2,0.8,2,2.5
1641763,274,Julian Phillips,1610612741,CHI,12,7,0.8,2,0.375,0.3,1,0.25,0,0,0,0.6,0.3,0.9,0.2,0.4,0.3,0.1,1.8,2.2
1628502,275,Nigel Hayes-Davis,1610612756,PHX,11,8.5,0.8,1.9,0.429,0.1,0.7,0.125,0,0,0,0.5,0.7,1.2,0.5,0.5,0,0.5,1.7,2.3
1628997,276,Caleb Martin,1610612742,DAL,13,10,0.5,1.7,0.318,0.1,0.5,0.143,0.5,0.6,0.875,0.7,1,1.7,1.1,0.4,0.2,0.5,1.7,3.2
1629599,277,Amir Coffey,1610612749,MIL,13,9.8,0.6,1.5,0.421,0.2,0.6,0.25,0.2,0.2,1,0.3,0.8,1.1,0.5,0,0.1,0.1,1.6,2.4
1626145,278,Tyus Jones,1610612753,ORL,14,12.7,0.6,2.5,0.257,0.1,1.4,0.105,0,0,0,0.2,0.7,0.9,1.4,0.7,0.1,0.4,1.4,2.4
1642959,279,Chris Youngblood,1610612760,OKC,13,5.1,0.3,1.2,0.267,0.3,1.1,0.286,0.5,0.5,1,0.2,0.4,0.5,0.2,0.1,0,0,1.4,1.3
1642964,280,Brooks Barnhizer,1610612760,OKC,13,7.9,0.5,1.1,0.5,0,0.1,0,0.2,0.3,0.5,0.4,1.7,2.1,0.3,0.2,0.2,0.1,1.2,3.2
