PLAYER_ID,PLAYER_NAME,PLAYER_LAST_TEAM_ID,PLAYER_LAST_TEAM_ABBREVIATION,AGE,GP,G,FGA_FREQUENCY,FGM,FGA,FG_PCT,EFG_PCT,FG2A_FREQUENCY,FG2M,FG2A,FG2_PCT,FG3A_FREQUENCY,FG3M,FG3A,FG3_PCT
1630178,Tyrese Maxey,1610612755,PHI,25,20,20,1,217,462,0.47,0.551,0.58,142,268,0.53,0.42,75,194,0.387
1627759,Jaylen Brown,1610612738,BOS,29,21,21,1,227,455,0.499,0.546,0.727,184,331,0.556,0.273,43,124,0.347
1628983,Shai Gilgeous-Alexander,1610612760,OKC,27,22,22,1,238,434,0.548,0.605,0.74,189,321,0.589,0.26,49,113,0.434
1628378,Donovan Mitchell,1610612739,CLE,29,20,20,1,212,417,0.508,0.606,0.504,131,210,0.624,0.496,81,207,0.391
1628374,Lauri Markkanen,1610612762,UTA,28,20,20,1,187,399,0.469,0.546,0.569,125,227,0.551,0.431,62,172,0.36
1626164,Devin Booker,1610612756,PHX,29,22,22,1,179,392,0.457,0.506,0.684,140,268,0.522,0.316,39,124,0.315
1628973,Jalen Brunson,1610612752,NYK,29,18,18,1,178,381,0.467,0.53,0.646,130,246,0.528,0.354,48,135,0.356
1627742,Brandon Ingram,1610612761,TOR,28,22,22,1,174,369,0.472,0.514,0.732,143,270,0.53,0.268,31,99,0.313
1630595,Cade Cunningham,1610612765,DET,24,17,17,1,166,369,0.45,0.495,0.707,133,261,0.51,0.293,33,108,0.306
1627783,Pascal Siakam,1610612754,IND,31,20,20,1,176,367,0.48,0.523,0.738,144,271,0.531,0.262,32,96,0.333
1628970,Miles Bridges,1610612766,CHA,27,21,21,1,156,367,0.425,0.501,0.542,100,199,0.503,0.458,56,168,0.333
1629029,Luka Dončić,1610612747,LAL,26,16,16,1,175,366,0.478,0.559,0.527,116,193,0.601,0.473,59,173,0.341
1630162,Anthony Edwards,1610612750,MIN,24,17,17,1,172,348,0.494,0.583,0.569,110,198,0.556,0.431,62,150,0.413
1630166,Deni Avdija,1610612757,POR,24,21,21,1,165,348,0.474,0.552,0.595,111,207,0.536,0.405,54,141,0.383
201935,James Harden,1610612746,LAC,36,20,20,1,151,347,0.435,0.539,0.438,79,152,0.52,0.562,72,195,0.369
1630532,Franz Wagner,1610612753,ORL,24,21,21,1,163,339,0.481,0.525,0.737,133,250,0.532,0.263,30,89,0.337
203999,Nikola Jokić,1610612743,DEN,30,20,20,1,208,335,0.621,0.684,0.713,166,239,0.695,0.287,42,96,0.438
1630567,Scottie Barnes,1610612761,TOR,24,22,22,1,171,332,0.515,0.563,0.768,139,255,0.545,0.232,32,77,0.416
1627750,Jamal Murray,1610612743,DEN,28,19,19,1,159,329,0.483,0.568,0.59,103,194,0.531,0.41,56,135,0.415
203944,Julius Randle,1610612750,MIN,31,21,21,1,163,327,0.498,0.555,0.673,126,220,0.573,0.327,37,107,0.346
1641718,Keyonte George,1610612762,UTA,22,20,20,1,144,323,0.446,0.512,0.591,101,191,0.529,0.409,43,132,0.326
1626157,Karl-Anthony Towns,1610612752,NYK,30,20,20,1,144,313,0.46,0.516,0.661,109,207,0.527,0.339,35,106,0.33
1629008,Michael Porter Jr.,1610612751,BKN,27,17,17,1,152,312,0.487,0.579,0.522,95,163,0.583,0.478,57,149,0.383
1630217,Desmond Bane,1610612753,ORL,27,21,21,1,142,312,0.455,0.51,0.663,108,207,0.522,0.337,34,105,0.324
1630552,Jalen Johnson,1610612737,ATL,23,20,20,1,167,310,0.539,0.592,0.742,134,230,0.583,0.258,33,80,0.413
201939,Stephen Curry,1610612744,GSW,37,16,16,1,146,310,0.471,0.592,0.381,71,118,0.602,0.619,75,192,0.391
1628401,Derrick White,1610612738,BOS,31,20,20,1,111,300,0.37,0.462,0.423,56,127,0.441,0.577,55,173,0.318
1630578,Alperen Sengun,1610612745,HOU,23,18,18,1,150,299,0.502,0.535,0.829,130,248,0.524,0.171,20,51,0.392
1642843,Cooper Flagg,1610612742,DAL,18,21,21,1,139,298,0.466,0.5,0.738,119,220,0.541,0.262,20,78,0.256
1629638,Nickeil Alexander-Walker,1610612737,ATL,27,20,20,1,139,298,0.466,0.56,0.52,83,155,0.535,0.48,56,143,0.392
1630530,Trey Murphy III,1610612740,NOP,25,20,20,1,138,297,0.465,0.566,0.465,78,138,0.565,0.535,60,159,0.377
203468,CJ McCollum,1610612764,WAS,34,20,20,1,130,297,0.438,0.532,0.519,74,154,0.481,0.481,56,143,0.392
1631101,Shaedon Sharpe,1610612757,POR,22,17,17,1,131,295,0.444,0.488,0.641,105,189,0.556,0.359,26,106,0.245
203507,Giannis Antetokounmpo,1610612749,MIL,30,16,16,1,188,294,0.639,0.656,0.922,178,271,0.657,0.078,10,23,0.435
1630596,Evan Mobley,1610612739,CLE,24,21,21,1,145,291,0.498,0.555,0.691,112,201,0.557,0.309,33,90,0.367
1630202,Payton Pritchard,1610612738,BOS,27,21,21,1,131,290,0.452,0.548,0.424,75,123,0.61,0.576,56,167,0.335
203897,Zach LaVine,1610612758,SAC,30,19,19,1,142,289,0.491,0.58,0.533,91,154,0.591,0.467,51,135,0.378
1631157,Ryan Rollins,1610612749,MIL,23,21,21,1,139,288,0.483,0.568,0.594,90,171,0.526,0.406,49,117,0.419
1642851,Kon Knueppel,1610612766,CHA,20,21,21,1,134,288,0.465,0.592,0.389,61,112,0.545,0.611,73,176,0.415
1642847,Jeremiah Fears,1610612740,NOP,19,22,22,1,129,287,0.449,0.498,0.732,101,210,0.481,0.268,28,77,0.364
1630559,Austin Reaves,1610612747,LAL,27,17,17,1,147,283,0.519,0.602,0.544,100,154,0.649,0.456,47,129,0.364
1628415,Dillon Brooks,1610612756,PHX,29,16,16,1,131,283,0.463,0.532,0.569,92,161,0.571,0.431,39,122,0.32
1630193,Immanuel Quickley,1610612761,TOR,26,22,22,1,131,281,0.466,0.568,0.477,74,134,0.552,0.523,57,147,0.388
201142,Kevin Durant,1610612745,HOU,37,16,16,1,136,278,0.489,0.541,0.723,107,201,0.532,0.277,29,77,0.377
201942,DeMar DeRozan,1610612758,SAC,36,21,21,1,137,276,0.496,0.527,0.841,120,232,0.517,0.159,17,44,0.386
1628991,Jaren Jackson Jr.,1610612763,MEM,26,20,20,1,129,276,0.467,0.529,0.645,95,178,0.534,0.355,34,98,0.347
1630581,Josh Giddey,1610612741,CHI,23,18,18,1,129,272,0.474,0.537,0.688,95,187,0.508,0.313,34,85,0.4
1630170,Devin Vassell,1610612759,SAS,25,20,20,1,114,260,0.438,0.54,0.473,61,123,0.496,0.527,53,137,0.387
1642349,Ajay Mitchell,1610612760,OKC,23,22,22,1,119,255,0.467,0.516,0.714,94,182,0.516,0.286,25,73,0.342
1627826,Ivica Zubac,1610612746,LAC,28,21,21,1,152,254,0.598,0.598,1,152,254,0.598,0,0,0,NA
1641708,Amen Thompson,1610612745,HOU,22,18,18,1,120,254,0.472,0.488,0.846,112,215,0.521,0.154,8,39,0.205
1630168,Onyeka Okongwu,1610612737,ATL,24,21,21,1,130,253,0.514,0.593,0.573,90,145,0.621,0.427,40,108,0.37
1629023,P.J. Washington,1610612742,DAL,27,19,19,1,111,253,0.439,0.498,0.648,81,164,0.494,0.352,30,89,0.337
202696,Nikola Vučević,1610612741,CHI,35,19,19,1,126,252,0.5,0.573,0.631,89,159,0.56,0.369,37,93,0.398
1626181,Norman Powell,1610612748,MIA,32,15,15,1,127,248,0.512,0.615,0.569,76,141,0.539,0.431,51,107,0.477
203924,Jerami Grant,1610612757,POR,31,20,20,1,113,247,0.457,0.549,0.547,68,135,0.504,0.453,45,112,0.402
201566,Russell Westbrook,1610612758,SAC,37,21,21,1,105,246,0.427,0.51,0.557,64,137,0.467,0.443,41,109,0.376
1628969,Mikal Bridges,1610612752,NYK,29,20,20,1,131,243,0.539,0.642,0.535,81,130,0.623,0.465,50,113,0.442
1642259,Alex Sarr,1610612764,WAS,20,16,16,1,124,241,0.515,0.552,0.784,106,189,0.561,0.216,18,52,0.346
1630163,LaMelo Ball,1610612766,CHA,24,14,14,1,91,241,0.378,0.448,0.502,57,121,0.471,0.498,34,120,0.283
1629628,RJ Barrett,1610612761,TOR,25,17,17,1,120,237,0.506,0.572,0.633,89,150,0.593,0.367,31,87,0.356
1631170,Jaime Jaquez Jr.,1610612748,MIA,24,19,19,1,121,236,0.513,0.525,0.864,115,204,0.564,0.136,6,32,0.188
1630583,Santi Aldama,1610612763,MEM,24,22,22,1,110,236,0.466,0.532,0.602,79,142,0.556,0.398,31,94,0.33
1629675,Naz Reid,1610612750,MIN,26,21,21,1,107,233,0.459,0.556,0.485,62,113,0.549,0.515,45,120,0.375
1641739,Toumani Camara,1610612757,POR,25,21,21,1,97,233,0.416,0.526,0.365,46,85,0.541,0.635,51,148,0.345
1629631,De'Andre Hunter,1610612739,CLE,28,18,18,1,105,232,0.453,0.539,0.478,65,111,0.586,0.522,40,121,0.331
1642845,VJ Edgecombe,1610612755,PHI,20,17,17,1,95,232,0.409,0.478,0.616,63,143,0.441,0.384,32,89,0.36
1631221,Collin Gillespie,1610612756,PHX,26,22,22,1,103,231,0.446,0.593,0.333,35,77,0.455,0.667,68,154,0.442
202710,Jimmy Butler III,1610612744,GSW,36,20,20,1,120,230,0.522,0.561,0.822,102,189,0.54,0.178,18,41,0.439
1629656,Quentin Grimes,1610612755,PHI,25,19,19,1,103,230,0.448,0.546,0.47,58,108,0.537,0.53,45,122,0.369
1630183,Jaden McDaniels,1610612750,MIN,25,20,20,1,121,229,0.528,0.6,0.699,88,160,0.55,0.301,33,69,0.478
1629014,Anfernee Simons,1610612738,BOS,26,21,21,1,103,228,0.452,0.564,0.443,52,101,0.515,0.557,51,127,0.402
1630180,Saddiq Bey,1610612740,NOP,26,21,21,1,102,228,0.447,0.537,0.504,61,115,0.53,0.496,41,113,0.363
1642907,Cedric Coward,1610612763,MEM,22,22,22,1,99,223,0.444,0.52,0.547,65,122,0.533,0.453,34,101,0.337
203952,Andrew Wiggins,1610612748,MIA,30,16,16,1,109,222,0.491,0.556,0.653,80,145,0.552,0.347,29,77,0.377
1631096,Chet Holmgren,1610612760,OKC,23,18,18,1,124,221,0.561,0.62,0.679,98,150,0.653,0.321,26,71,0.366
1641705,Victor Wembanyama,1610612759,SAS,21,12,12,1,111,221,0.502,0.548,0.738,91,163,0.558,0.262,20,58,0.345
1629012,Collin Sexton,1610612766,CHA,26,20,20,1,108,221,0.489,0.548,0.683,82,151,0.543,0.317,26,70,0.371
1628978,Donte DiVincenzo,1610612750,MIN,28,21,21,1,93,221,0.421,0.572,0.226,26,50,0.52,0.774,67,171,0.392
202691,Klay Thompson,1610612742,DAL,35,21,21,1,82,219,0.374,0.505,0.265,25,58,0.431,0.735,57,161,0.354
1641764,Brandin Podziemski,1610612744,GSW,22,22,22,1,96,217,0.442,0.539,0.512,54,111,0.486,0.488,42,106,0.396
1641824,Matas Buzelis,1610612741,CHI,21,20,20,1,98,216,0.454,0.528,0.569,66,123,0.537,0.431,32,93,0.344
1641710,Anthony Black,1610612753,ORL,21,21,21,1,103,215,0.479,0.54,0.647,77,139,0.554,0.353,26,76,0.342
1642273,Kyshawn George,1610612764,WAS,21,18,18,1,97,212,0.458,0.559,0.538,54,114,0.474,0.462,43,98,0.439
1642852,Derik Queen,1610612740,NOP,20,22,22,1,102,211,0.483,0.488,0.919,100,194,0.515,0.081,2,17,0.118
1628368,De'Aaron Fox,1610612759,SAS,27,12,12,1,102,209,0.488,0.557,0.636,73,133,0.549,0.364,29,76,0.382
1630700,Dyson Daniels,1610612737,ATL,22,22,22,1,102,209,0.488,0.5,0.852,97,178,0.545,0.148,5,31,0.161
1642377,Jaylen Wells,1610612763,MEM,22,22,22,1,89,207,0.43,0.524,0.464,50,96,0.521,0.536,39,111,0.351
203471,Dennis Schröder,1610612758,SAC,32,18,18,1,82,207,0.396,0.461,0.609,55,126,0.437,0.391,27,81,0.333
1641716,Jarace Walker,1610612754,IND,22,21,21,1,68,203,0.335,0.411,0.493,37,100,0.37,0.507,31,103,0.301
1626167,Myles Turner,1610612749,MIL,29,21,21,1,86,202,0.426,0.55,0.381,36,77,0.468,0.619,50,125,0.4
1626220,Royce O'Neale,1610612756,PHX,32,22,22,1,86,201,0.428,0.6,0.179,17,36,0.472,0.821,69,165,0.418
1631095,Jabari Smith Jr.,1610612745,HOU,22,17,17,1,89,200,0.445,0.538,0.51,52,102,0.51,0.49,37,98,0.378
202695,Kawhi Leonard,1610612746,LAC,34,11,11,1,102,197,0.518,0.586,0.685,75,135,0.556,0.315,27,62,0.435
1628381,John Collins,1610612746,LAC,28,21,21,1,97,195,0.497,0.544,0.708,79,138,0.572,0.292,18,57,0.316
1628370,Malik Monk,1610612758,SAC,27,18,18,1,88,195,0.451,0.536,0.579,55,113,0.487,0.421,33,82,0.402
1629630,Ja Morant,1610612763,MEM,26,12,12,1,70,195,0.359,0.385,0.692,60,135,0.444,0.308,10,60,0.167
1631105,Jalen Duren,1610612765,DET,22,18,18,1,128,194,0.66,0.66,1,128,194,0.66,0,0,0,NA
1631108,Max Christie,1610612742,DAL,22,22,22,1,92,193,0.477,0.624,0.352,35,68,0.515,0.648,57,125,0.456
1628398,Kyle Kuzma,1610612749,MIL,30,20,20,1,98,192,0.51,0.565,0.693,77,133,0.579,0.307,21,59,0.356
1628389,Bam Adebayo,1610612748,MIA,28,13,13,1,89,192,0.464,0.534,0.63,62,121,0.512,0.37,27,71,0.38
1630314,Brandon Williams,1610612742,DAL,26,20,20,1,72,192,0.375,0.404,0.682,61,131,0.466,0.318,11,61,0.18
1630245,Ayo Dosunmu,1610612741,CHI,25,18,18,1,103,191,0.539,0.634,0.618,67,118,0.568,0.382,36,73,0.493
1626171,Bobby Portis,1610612749,MIL,30,21,21,1,94,190,0.495,0.587,0.626,59,119,0.496,0.374,35,71,0.493
1626156,D'Angelo Russell,1610612742,DAL,29,18,18,1,74,189,0.392,0.452,0.524,51,99,0.515,0.476,23,90,0.256
1642263,Reed Sheppard,1610612745,HOU,21,18,18,1,91,188,0.484,0.614,0.42,42,79,0.532,0.58,49,109,0.45
1642258,Zaccharie Risacher,1610612737,ATL,20,19,19,1,84,188,0.447,0.519,0.521,57,98,0.582,0.479,27,90,0.3
1629060,Rui Hachimura,1610612747,LAL,27,19,19,1,100,186,0.538,0.629,0.597,66,111,0.595,0.403,34,75,0.453
1630541,Moses Moody,1610612744,GSW,23,20,20,1,74,186,0.398,0.532,0.301,24,56,0.429,0.699,50,130,0.385
203084,Harrison Barnes,1610612759,SAS,33,20,20,1,92,185,0.497,0.63,0.4,43,74,0.581,0.6,49,111,0.441
1629651,Nic Claxton,1610612751,BKN,26,20,20,1,101,184,0.549,0.552,0.946,100,174,0.575,0.054,1,10,0.1
1628960,Grayson Allen,1610612756,PHX,30,14,14,1,85,184,0.462,0.606,0.342,32,63,0.508,0.658,53,121,0.438
1628989,Kevin Huerter,1610612741,CHI,27,19,19,1,86,182,0.473,0.547,0.505,59,92,0.641,0.495,27,90,0.3
1629028,Deandre Ayton,1610612747,LAL,27,18,18,1,129,180,0.717,0.717,1,129,180,0.717,0,0,0,NA
1629111,Jock Landale,1610612763,MEM,30,22,22,1,95,180,0.528,0.594,0.7,71,126,0.563,0.3,24,54,0.444
1641783,Tristan da Silva,1610612753,ORL,24,21,21,1,84,179,0.469,0.573,0.469,47,84,0.56,0.531,37,95,0.389
203501,Tim Hardaway Jr.,1610612743,DEN,33,20,20,1,82,179,0.458,0.595,0.341,33,61,0.541,0.659,49,118,0.415
1641730,Noah Clowney,1610612751,BKN,21,20,20,1,73,179,0.408,0.525,0.302,31,54,0.574,0.698,42,125,0.336
1631094,Paolo Banchero,1610612753,ORL,23,12,12,1,82,178,0.461,0.492,0.753,71,134,0.53,0.247,11,44,0.25
1629130,Duncan Robinson,1610612765,DET,31,19,19,1,77,178,0.433,0.596,0.197,19,35,0.543,0.803,58,143,0.406
1629018,Gary Trent Jr.,1610612749,MIL,26,21,21,1,70,175,0.4,0.531,0.297,24,52,0.462,0.703,46,123,0.374
1629640,Keldon Johnson,1610612759,SAS,26,20,20,1,100,174,0.575,0.626,0.695,82,121,0.678,0.305,18,53,0.34
1630230,Naji Marshall,1610612742,DAL,27,22,22,1,84,174,0.483,0.543,0.609,63,106,0.594,0.391,21,68,0.309
1630544,Tre Mann,1610612766,CHA,24,18,18,1,63,174,0.362,0.44,0.489,36,85,0.424,0.511,27,89,0.303
1642846,Ace Bailey,1610612762,UTA,19,20,20,1,80,173,0.462,0.546,0.532,51,92,0.554,0.468,29,81,0.358
1629614,Andrew Nembhard,1610612754,IND,25,13,13,1,72,173,0.416,0.486,0.601,48,104,0.462,0.399,24,69,0.348
203903,Jordan Clarkson,1610612752,NYK,33,20,20,1,76,170,0.447,0.524,0.506,50,86,0.581,0.494,26,84,0.31
1642276,Kel'el Ware,1610612748,MIA,21,19,19,1,87,169,0.515,0.571,0.716,68,121,0.562,0.284,19,48,0.396
1630577,Julian Champagnie,1610612759,SAS,24,20,20,1,67,168,0.399,0.527,0.274,24,46,0.522,0.726,43,122,0.352
1628404,Josh Hart,1610612752,NYK,30,19,19,1,84,166,0.506,0.593,0.56,55,93,0.591,0.44,29,73,0.397
201950,Jrue Holiday,1610612757,POR,35,12,12,1,74,164,0.451,0.546,0.488,43,80,0.538,0.512,31,84,0.369
1629661,Cameron Johnson,1610612743,DEN,29,19,19,1,74,160,0.463,0.563,0.488,42,78,0.538,0.513,32,82,0.39
1642270,Donovan Clingan,1610612757,POR,21,20,20,1,79,159,0.497,0.541,0.642,65,102,0.637,0.358,14,57,0.246
1642285,Cam Spencer,1610612763,MEM,25,22,22,1,76,159,0.478,0.632,0.346,27,55,0.491,0.654,49,104,0.471
1631213,Tyrese Martin,1610612751,BKN,26,20,20,1,64,159,0.403,0.494,0.447,35,71,0.493,0.553,29,88,0.33
1641715,Cam Whitmore,1610612764,WAS,21,20,20,1,75,158,0.475,0.525,0.671,59,106,0.557,0.329,16,52,0.308
1641717,Cason Wallace,1610612760,OKC,22,21,21,1,68,158,0.43,0.528,0.456,37,72,0.514,0.544,31,86,0.36
1630631,Jose Alvarado,1610612740,NOP,27,21,20,1,67,158,0.424,0.544,0.361,29,57,0.509,0.639,38,101,0.376
1630591,Jalen Suggs,1610612753,ORL,24,16,16,1,71,156,0.455,0.548,0.417,42,65,0.646,0.583,29,91,0.319
203932,Aaron Gordon,1610612743,DEN,30,13,13,1,82,154,0.532,0.623,0.591,54,91,0.593,0.409,28,63,0.444
1641709,Ausar Thompson,1610612765,DET,22,16,16,1,78,154,0.506,0.523,0.903,73,139,0.525,0.097,5,15,0.333
1642264,Stephon Castle,1610612759,SAS,21,13,13,1,76,154,0.494,0.532,0.675,64,104,0.615,0.325,12,50,0.24
1631260,AJ Green,1610612749,MIL,26,21,21,1,76,154,0.494,0.721,0.078,6,12,0.5,0.922,70,142,0.493
204001,Kristaps Porziņģis,1610612737,ATL,30,12,12,1,74,154,0.481,0.545,0.617,54,95,0.568,0.383,20,59,0.339
1630228,Jonathan Kuminga,1610612744,GSW,23,15,15,1,72,154,0.468,0.516,0.708,57,109,0.523,0.292,15,45,0.333
1630540,Miles McBride,1610612752,NYK,25,17,17,1,67,154,0.435,0.581,0.338,22,52,0.423,0.662,45,102,0.441
1631323,Simone Fontecchio,1610612748,MIA,29,19,19,1,64,154,0.416,0.555,0.273,21,42,0.5,0.727,43,112,0.384
1631212,Peyton Watson,1610612743,DEN,23,20,19,1,78,153,0.51,0.578,0.641,57,98,0.582,0.359,21,55,0.382
1642281,Jaylon Tyson,1610612739,CLE,23,17,17,1,78,153,0.51,0.637,0.471,39,72,0.542,0.529,39,81,0.481
1630175,Cole Anthony,1610612749,MIL,25,20,19,1,68,153,0.444,0.484,0.712,56,109,0.514,0.288,12,44,0.273
1628976,Wendell Carter Jr.,1610612753,ORL,26,20,20,1,82,152,0.539,0.622,0.638,57,97,0.588,0.362,25,55,0.455
1627741,Buddy Hield,1610612744,GSW,32,22,22,1,60,152,0.395,0.493,0.342,30,52,0.577,0.658,30,100,0.3
1630558,Davion Mitchell,1610612748,MIA,27,19,19,1,80,151,0.53,0.606,0.642,57,97,0.588,0.358,23,54,0.426
1628392,Isaiah Hartenstein,1610612760,OKC,27,19,19,1,100,149,0.671,0.671,0.973,100,145,0.69,0.027,0,4,0
1626162,Kelly Oubre Jr.,1610612755,PHI,29,12,12,1,74,149,0.497,0.574,0.55,51,82,0.622,0.45,23,67,0.343
1629004,Svi Mykhailiuk,1610612762,UTA,28,20,20,1,72,149,0.483,0.607,0.315,35,47,0.745,0.685,37,102,0.363
203110,Draymond Green,1610612744,GSW,35,19,19,1,57,149,0.383,0.483,0.396,27,59,0.458,0.604,30,90,0.333
203994,Jusuf Nurkić,1610612762,UTA,31,20,20,1,68,148,0.459,0.483,0.797,61,118,0.517,0.203,7,30,0.233
203484,Kentavious Caldwell-Pope,1610612763,MEM,32,22,22,1,54,148,0.365,0.446,0.493,30,73,0.411,0.507,24,75,0.32
1628384,OG Anunoby,1610612752,NYK,28,12,12,1,70,147,0.476,0.582,0.463,39,68,0.574,0.537,31,79,0.392
1630198,Isaiah Joe,1610612760,OKC,26,17,17,1,67,147,0.456,0.622,0.204,18,30,0.6,0.796,49,117,0.419
1631097,Bennedict Mathurin,1610612754,IND,23,10,10,1,65,147,0.442,0.527,0.571,40,84,0.476,0.429,25,63,0.397
1630174,Aaron Nesmith,1610612754,IND,26,11,11,1,54,147,0.367,0.473,0.435,23,64,0.359,0.565,31,83,0.373
1642848,Tre Johnson,1610612764,WAS,19,15,15,1,65,146,0.445,0.548,0.479,35,70,0.5,0.521,30,76,0.395
1642856,Egor Dëmin,1610612751,BKN,19,18,18,1,55,146,0.377,0.493,0.329,21,48,0.438,0.671,34,98,0.347
1629627,Zion Williamson,1610612740,NOP,25,10,10,1,74,145,0.51,0.51,0.979,74,142,0.521,0.021,0,3,0
1627734,Domantas Sabonis,1610612758,SAC,29,11,11,1,74,145,0.51,0.524,0.862,70,125,0.56,0.138,4,20,0.2
1630572,Sandro Mamukelashvili,1610612761,TOR,26,21,21,1,78,144,0.542,0.615,0.632,57,91,0.626,0.368,21,53,0.396
1631222,Jake LaRavia,1610612747,LAL,24,20,19,1,67,144,0.465,0.535,0.583,47,84,0.56,0.417,20,60,0.333
1631109,Mark Williams,1610612756,PHX,23,18,18,1,93,143,0.65,0.65,1,93,143,0.65,0,0,0,NA
1630692,Jordan Goodwin,1610612756,PHX,27,19,19,1,63,143,0.441,0.528,0.524,38,75,0.507,0.476,25,68,0.368
1641842,Ronald Holland II,1610612765,DET,20,20,18,1,59,142,0.415,0.468,0.613,44,87,0.506,0.387,15,55,0.273
1641767,Ben Sheppard,1610612754,IND,24,21,21,1,47,142,0.331,0.405,0.401,26,57,0.456,0.599,21,85,0.247
1641729,Brice Sensabaugh,1610612762,UTA,22,19,18,1,58,141,0.411,0.514,0.376,29,53,0.547,0.624,29,88,0.33
1630529,Herbert Jones,1610612740,NOP,27,16,16,1,55,141,0.39,0.479,0.511,30,72,0.417,0.489,25,69,0.362
1628386,Jarrett Allen,1610612739,CLE,27,15,15,1,81,140,0.579,0.579,0.971,81,136,0.596,0.029,0,4,0
1630200,Tre Jones,1610612741,CHI,25,17,17,1,74,140,0.529,0.557,0.821,66,115,0.574,0.179,8,25,0.32
1630573,Sam Hauser,1610612738,BOS,27,21,21,1,50,140,0.357,0.507,0.143,8,20,0.4,0.857,42,120,0.35
1630188,Jalen Smith,1610612741,CHI,25,18,18,1,67,138,0.486,0.591,0.442,38,61,0.623,0.558,29,77,0.377
1631246,Vince Williams Jr.,1610612763,MEM,25,17,17,1,49,138,0.355,0.431,0.457,28,63,0.444,0.543,21,75,0.28
1629611,Terance Mann,1610612751,BKN,29,19,19,1,61,137,0.445,0.515,0.599,42,82,0.512,0.401,19,55,0.345
1641796,Pelle Larsson,1610612748,MIA,24,19,19,1,64,133,0.481,0.564,0.541,42,72,0.583,0.459,22,61,0.361
1630643,Jay Huff,1610612754,IND,28,21,20,1,58,133,0.436,0.549,0.323,28,43,0.651,0.677,30,90,0.333
1642267,Bub Carrington,1610612764,WAS,20,20,20,1,46,133,0.346,0.451,0.496,18,66,0.273,0.504,28,67,0.418
1642271,Kyle Filipowski,1610612762,UTA,22,19,19,1,58,132,0.439,0.504,0.606,41,80,0.513,0.394,17,52,0.327
1630560,Cam Thomas,1610612751,BKN,24,8,8,1,53,132,0.402,0.462,0.659,37,87,0.425,0.341,16,45,0.356
1627739,Kris Dunn,1610612746,LAC,31,21,21,1,65,131,0.496,0.569,0.603,46,79,0.582,0.397,19,52,0.365
203497,Rudy Gobert,1610612750,MIN,33,21,21,1,96,130,0.738,0.738,1,96,130,0.738,0,0,0,NA
1630533,Ziaire Williams,1610612751,BKN,24,17,17,1,49,129,0.38,0.488,0.279,21,36,0.583,0.721,28,93,0.301
1629674,Neemias Queta,1610612738,BOS,26,19,19,1,82,125,0.656,0.656,0.976,82,122,0.672,0.024,0,3,0
202699,Tobias Harris,1610612765,DET,33,11,11,1,53,125,0.424,0.484,0.608,38,76,0.5,0.392,15,49,0.306
1630172,Patrick Williams,1610612741,CHI,24,19,19,1,47,125,0.376,0.484,0.44,20,55,0.364,0.56,27,70,0.386
1630249,Vít Krejčí,1610612737,ATL,25,18,18,1,62,124,0.5,0.677,0.226,18,28,0.643,0.774,44,96,0.458
203114,Khris Middleton,1610612764,WAS,34,15,15,1,60,124,0.484,0.536,0.702,47,87,0.54,0.298,13,37,0.351
1630191,Isaiah Stewart,1610612765,DET,24,17,17,1,64,123,0.52,0.589,0.659,47,81,0.58,0.341,17,42,0.405
1630598,Aaron Wiggins,1610612760,OKC,26,11,11,1,57,123,0.463,0.573,0.447,30,55,0.545,0.553,27,68,0.397
1628971,Bruce Brown,1610612743,DEN,29,20,20,1,48,123,0.39,0.431,0.715,38,88,0.432,0.285,10,35,0.286
1641711,Gradey Dick,1610612761,TOR,22,22,22,1,50,120,0.417,0.504,0.442,29,53,0.547,0.558,21,67,0.313
1642346,Ryan Dunn,1610612756,PHX,22,17,17,1,57,118,0.483,0.551,0.585,41,69,0.594,0.415,16,49,0.327
1642450,Daniss Jenkins,1610612765,DET,24,15,13,1,54,118,0.458,0.521,0.653,39,77,0.506,0.347,15,41,0.366
1631126,Caleb Love,1610612757,POR,24,13,12,1,38,118,0.322,0.403,0.373,19,44,0.432,0.627,19,74,0.257
1642366,Quinten Post,1610612744,GSW,25,22,19,1,53,117,0.453,0.564,0.316,27,37,0.73,0.684,26,80,0.325
202685,Jonas Valančiūnas,1610612743,DEN,33,20,20,1,65,116,0.56,0.569,0.922,63,107,0.589,0.078,2,9,0.222
1630241,Sam Merrill,1610612739,CLE,29,12,12,1,54,116,0.466,0.655,0.147,10,17,0.588,0.853,44,99,0.444
1631243,Mouhamed Gueye,1610612737,ATL,23,22,21,1,58,115,0.504,0.561,0.583,45,67,0.672,0.417,13,48,0.271
1631217,Moussa Diabaté,1610612766,CHA,23,21,21,1,73,114,0.64,0.64,1,73,114,0.64,0,0,0,NA
1642954,Will Richard,1610612744,GSW,22,20,20,1,59,111,0.532,0.644,0.414,34,46,0.739,0.586,25,65,0.385
1629652,Luguentz Dort,1610612760,OKC,26,15,15,1,42,110,0.382,0.491,0.3,18,33,0.545,0.7,24,77,0.312
1630543,Isaiah Jackson,1610612754,IND,23,21,21,1,66,109,0.606,0.606,1,66,109,0.606,0,0,0,NA
203083,Andre Drummond,1610612755,PHI,32,19,18,1,61,109,0.56,0.61,0.771,50,84,0.595,0.229,11,25,0.44
203076,Anthony Davis,1610612742,DAL,32,7,7,1,58,108,0.537,0.56,0.852,53,92,0.576,0.148,5,16,0.313
1631169,Josh Minott,1610612738,BOS,23,20,19,1,54,108,0.5,0.611,0.481,30,52,0.577,0.519,24,56,0.429
1627747,Caris LeVert,1610612765,DET,31,15,15,1,52,108,0.481,0.583,0.546,30,59,0.508,0.454,22,49,0.449
1628379,Luke Kennard,1610612737,ATL,29,19,19,1,48,107,0.449,0.57,0.402,22,43,0.512,0.598,26,64,0.406
1642883,Sion James,1610612766,CHA,23,21,21,1,44,107,0.411,0.528,0.383,19,41,0.463,0.617,25,66,0.379
1629750,Javonte Green,1610612765,DET,32,20,19,1,43,105,0.41,0.486,0.505,27,53,0.509,0.495,16,52,0.308
1631119,Jaylin Williams,1610612760,OKC,23,21,21,1,38,105,0.362,0.49,0.162,11,17,0.647,0.838,27,88,0.307
1641722,Jordan Hawkins,1610612740,NOP,23,18,18,1,36,105,0.343,0.429,0.457,18,48,0.375,0.543,18,57,0.316
1642347,Jamal Shead,1610612761,TOR,23,22,22,1,38,104,0.365,0.462,0.442,18,46,0.391,0.558,20,58,0.345
1630557,Corey Kispert,1610612764,WAS,26,17,17,1,52,103,0.505,0.636,0.35,25,36,0.694,0.65,27,67,0.403
203935,Marcus Smart,1610612747,LAL,31,14,14,1,42,103,0.408,0.485,0.388,26,40,0.65,0.612,16,63,0.254
1631107,Nikola Jović,1610612748,MIA,22,15,15,1,41,103,0.398,0.471,0.495,26,51,0.51,0.505,15,52,0.288
1642348,Justin Edwards,1610612755,PHI,21,18,17,1,41,102,0.402,0.515,0.363,18,37,0.486,0.637,23,65,0.354
1642844,Dylan Harper,1610612759,SAS,19,10,10,1,51,101,0.505,0.54,0.792,44,80,0.55,0.208,7,21,0.333
203954,Joel Embiid,1610612755,PHI,31,7,7,1,46,101,0.455,0.5,0.693,37,70,0.529,0.307,9,31,0.29
1631200,Kris Murray,1610612757,POR,25,20,20,1,45,101,0.446,0.505,0.604,33,61,0.541,0.396,12,40,0.3
1628366,Lonzo Ball,1610612739,CLE,28,16,16,1,31,101,0.307,0.426,0.168,7,17,0.412,0.832,24,84,0.286
1627751,Jakob Poeltl,1610612761,TOR,30,16,16,1,72,99,0.727,0.727,1,72,99,0.727,0,0,0,NA
1629673,Jordan Poole,1610612740,NOP,26,7,7,1,35,99,0.354,0.455,0.404,15,40,0.375,0.596,20,59,0.339
204456,T.J. McConnell,1610612754,IND,33,11,11,1,51,98,0.52,0.546,0.837,46,82,0.561,0.163,5,16,0.313
1630171,Isaac Okoro,1610612741,CHI,24,15,15,1,45,98,0.459,0.551,0.52,27,51,0.529,0.48,18,47,0.383
1630696,Dru Smith,1610612748,MIA,27,19,19,1,44,98,0.449,0.531,0.551,28,54,0.519,0.449,16,44,0.364
1631128,Christian Braun,1610612743,DEN,24,11,11,1,48,97,0.495,0.526,0.711,42,69,0.609,0.289,6,28,0.214
1629731,Dean Wade,1610612739,CLE,29,20,19,1,36,96,0.375,0.484,0.26,15,25,0.6,0.74,21,71,0.296
1631106,Tari Eason,1610612745,HOU,24,11,11,1,47,95,0.495,0.637,0.442,20,42,0.476,0.558,27,53,0.509
1642877,Micah Peavy,1610612740,NOP,24,18,17,1,40,95,0.421,0.453,0.674,34,64,0.531,0.326,6,31,0.194
1629006,Josh Okogie,1610612745,HOU,27,18,17,1,40,94,0.426,0.532,0.457,20,43,0.465,0.543,20,51,0.392
201572,Brook Lopez,1610612746,LAC,37,17,17,1,38,94,0.404,0.527,0.319,15,30,0.5,0.681,23,64,0.359
1642261,Dalton Knecht,1610612747,LAL,24,17,15,1,44,93,0.473,0.575,0.43,25,40,0.625,0.57,19,53,0.358
1629013,Landry Shamet,1610612752,NYK,28,15,14,1,42,93,0.452,0.602,0.29,14,27,0.519,0.71,28,66,0.424
1642878,Tyrese Proctor,1610612739,CLE,21,18,17,1,32,93,0.344,0.446,0.344,13,32,0.406,0.656,19,61,0.311
1627884,Derrick Jones Jr.,1610612746,LAC,28,13,13,1,49,92,0.533,0.62,0.5,33,46,0.717,0.5,16,46,0.348
1631099,Keegan Murray,1610612758,SAC,25,6,6,1,43,92,0.467,0.522,0.587,33,54,0.611,0.413,10,38,0.263
1628963,Marvin Bagley III,1610612764,WAS,26,16,15,1,58,91,0.637,0.659,0.901,54,82,0.659,0.099,4,9,0.444
1631165,Keon Ellis,1610612758,SAC,25,20,18,1,39,91,0.429,0.577,0.286,12,26,0.462,0.714,27,65,0.415
1641731,Bilal Coulibaly,1610612764,WAS,21,12,12,1,34,91,0.374,0.434,0.549,23,50,0.46,0.451,11,41,0.268
1641750,Ryan Kalkbrenner,1610612766,CHA,23,19,19,1,73,90,0.811,0.811,0.989,73,89,0.82,0.011,0,1,0
1630570,Trendon Watford,1610612755,PHI,25,14,14,1,47,88,0.534,0.574,0.795,40,70,0.571,0.205,7,18,0.389
201144,Mike Conley,1610612750,MIN,38,21,21,1,35,88,0.398,0.54,0.307,10,27,0.37,0.693,25,61,0.41
1641706,Brandon Miller,1610612766,CHA,23,6,6,1,34,87,0.391,0.466,0.46,21,40,0.525,0.54,13,47,0.277
1629636,Darius Garland,1610612739,CLE,25,7,7,1,32,87,0.368,0.454,0.552,17,48,0.354,0.448,15,39,0.385
1642867,Collin Murray-Boyles,1610612761,TOR,20,17,17,1,46,86,0.535,0.587,0.744,37,64,0.578,0.256,9,22,0.409
1629234,Drew Eubanks,1610612758,SAC,28,21,20,1,53,85,0.624,0.629,0.976,52,83,0.627,0.024,1,2,0.5
1629632,Coby White,1610612741,CHI,25,5,5,1,38,85,0.447,0.535,0.482,23,41,0.561,0.518,15,44,0.341
1642265,Rob Dillingham,1610612750,MIN,20,19,18,1,30,85,0.353,0.388,0.776,24,66,0.364,0.224,6,19,0.316
1641854,Craig Porter Jr.,1610612739,CLE,25,19,18,1,44,83,0.53,0.608,0.627,31,52,0.596,0.373,13,31,0.419
1642345,Oso Ighodaro,1610612756,PHX,23,22,20,1,48,82,0.585,0.585,0.988,48,81,0.593,0.012,0,1,0
1642272,Jared McCain,1610612755,PHI,21,11,10,1,31,82,0.378,0.47,0.512,16,42,0.381,0.488,15,40,0.375
1629655,Daniel Gafford,1610612742,DAL,27,14,14,1,50,81,0.617,0.617,1,50,81,0.617,0,0,0,NA
1630173,Precious Achiuwa,1610612758,SAC,26,14,14,1,44,81,0.543,0.562,0.827,41,67,0.612,0.173,3,14,0.214
1628988,Aaron Holiday,1610612745,HOU,29,13,12,1,33,81,0.407,0.549,0.296,10,24,0.417,0.704,23,57,0.404
1627780,Gary Payton II,1610612744,GSW,33,21,19,1,40,80,0.5,0.55,0.7,32,56,0.571,0.3,8,24,0.333
1630702,Jaden Hardy,1610612742,DAL,23,18,17,1,30,80,0.375,0.5,0.375,10,30,0.333,0.625,20,50,0.4
1641744,Zach Edey,1610612763,MEM,23,9,9,1,53,79,0.671,0.677,0.962,52,76,0.684,0.038,1,3,0.333
1630526,Jeremiah Robinson-Earl,1610612754,IND,25,16,16,1,28,79,0.354,0.405,0.608,20,48,0.417,0.392,8,31,0.258
1642266,Ja'Kobe Walter,1610612761,TOR,21,19,18,1,33,78,0.423,0.558,0.333,12,26,0.462,0.667,21,52,0.404
1630549,Day'Ron Sharpe,1610612751,BKN,24,19,19,1,45,77,0.584,0.617,0.779,40,60,0.667,0.221,5,17,0.294
1630811,Keaton Wallace,1610612737,ATL,26,20,19,1,33,77,0.429,0.565,0.364,12,28,0.429,0.636,21,49,0.429
1642274,Yves Missi,1610612740,NOP,21,16,14,1,42,76,0.553,0.553,1,42,76,0.553,0,0,0,NA
1642383,Walter Clayton Jr.,1610612762,UTA,22,16,16,1,29,76,0.382,0.454,0.474,18,36,0.5,0.526,11,40,0.275
201587,Nicolas Batum,1610612746,LAC,36,21,19,1,29,76,0.382,0.559,0.066,2,5,0.4,0.934,27,71,0.38
1630592,Jalen Wilson,1610612751,BKN,25,16,16,1,28,76,0.368,0.487,0.329,10,25,0.4,0.671,18,51,0.353
1627936,Alex Caruso,1610612760,OKC,31,15,14,1,30,75,0.4,0.513,0.36,13,27,0.481,0.64,17,48,0.354
203992,Bogdan Bogdanović,1610612746,LAC,33,9,9,1,28,75,0.373,0.48,0.373,12,28,0.429,0.627,16,47,0.34
1630311,Pat Spencer,1610612744,GSW,29,14,14,1,30,73,0.411,0.459,0.726,23,53,0.434,0.274,7,20,0.35
1642920,Kobe Sanders,1610612746,LAC,23,13,13,1,27,72,0.375,0.458,0.458,15,33,0.455,0.542,12,39,0.308
1642484,RayJ Dennis,1610612754,IND,24,13,12,1,22,72,0.306,0.389,0.472,10,34,0.294,0.528,12,38,0.316
1641774,Tristan Vukcevic,1610612764,WAS,22,17,16,1,33,71,0.465,0.521,0.592,25,42,0.595,0.408,8,29,0.276
201143,Al Horford,1610612744,GSW,39,12,12,1,24,71,0.338,0.451,0.296,8,21,0.381,0.704,16,50,0.32
1641775,Jordan Walsh,1610612738,BOS,21,17,14,1,36,70,0.514,0.586,0.614,26,43,0.605,0.386,10,27,0.37
1629027,Trae Young,1610612737,ATL,27,5,5,1,26,70,0.371,0.407,0.629,21,44,0.477,0.371,5,26,0.192
1629048,Goga Bitadze,1610612753,ORL,26,20,20,1,49,69,0.71,0.725,0.899,47,62,0.758,0.101,2,7,0.286
1630568,Luka Garza,1610612738,BOS,26,17,17,1,39,69,0.565,0.645,0.638,28,44,0.636,0.362,11,25,0.44
1641724,Jett Howard,1610612753,ORL,22,15,14,1,31,69,0.449,0.572,0.362,14,25,0.56,0.638,17,44,0.386
1631110,Jeremy Sochan,1610612759,SAS,22,14,14,1,36,68,0.529,0.581,0.662,29,45,0.644,0.338,7,23,0.304
1641772,Nae'Qwan Tomlin,1610612739,CLE,24,13,12,1,35,68,0.515,0.544,0.647,31,44,0.705,0.353,4,24,0.167
202331,Paul George,1610612755,PHI,35,6,6,1,28,68,0.412,0.5,0.5,16,34,0.471,0.5,12,34,0.353
1628396,Tony Bradley,1610612754,IND,27,19,18,1,39,67,0.582,0.582,0.985,39,66,0.591,0.015,0,1,0
1641740,Jaylen Clark,1610612750,MIN,24,19,19,1,28,67,0.418,0.515,0.478,15,32,0.469,0.522,13,35,0.371
1631230,Dominick Barlow,1610612755,PHI,22,11,11,1,36,66,0.545,0.583,0.727,31,48,0.646,0.273,5,18,0.278
1642962,Drake Powell,1610612751,BKN,20,14,14,1,33,66,0.5,0.576,0.591,23,39,0.59,0.409,10,27,0.37
203500,Steven Adams,1610612745,HOU,32,15,15,1,33,65,0.508,0.508,1,33,65,0.508,0,0,0,NA
1642875,Maxime Raynaud,1610612758,SAC,22,13,13,1,31,65,0.477,0.492,0.862,29,56,0.518,0.138,2,9,0.222
1631133,Jabari Walker,1610612755,PHI,23,19,17,1,30,65,0.462,0.508,0.662,24,43,0.558,0.338,6,22,0.273
1626204,Larry Nance Jr.,1610612739,CLE,32,16,15,1,23,65,0.354,0.431,0.492,13,32,0.406,0.508,10,33,0.303
2544,LeBron James,1610612747,LAL,40,5,5,1,29,63,0.46,0.516,0.651,22,41,0.537,0.349,7,22,0.318
1631321,Sidy Cissoko,1610612757,POR,21,16,15,1,23,63,0.365,0.444,0.413,13,26,0.5,0.587,10,37,0.27
1642268,Isaiah Collier,1610612762,UTA,21,12,12,1,31,61,0.508,0.541,0.803,27,49,0.551,0.197,4,12,0.333
1642363,Nique Clifford,1610612758,SAC,23,17,14,1,22,60,0.367,0.442,0.533,13,32,0.406,0.467,9,28,0.321
1628436,Luke Kornet,1610612759,SAS,30,13,13,1,39,59,0.661,0.661,1,39,59,0.661,0,0,0,NA
1630208,Nick Richards,1610612756,PHX,28,21,19,1,30,58,0.517,0.517,1,30,58,0.517,0,0,0,NA
1630194,Paul Reed,1610612765,DET,26,15,14,1,39,57,0.684,0.719,0.86,35,49,0.714,0.14,4,8,0.5
101108,Chris Paul,1610612746,LAC,40,16,16,1,18,56,0.321,0.411,0.464,8,26,0.308,0.536,10,30,0.333
1642948,Ryan Nembhard,1610612742,DAL,22,9,8,1,30,55,0.545,0.627,0.618,21,34,0.618,0.382,9,21,0.429
1630551,Justin Champagnie,1610612764,WAS,24,18,15,1,22,55,0.4,0.436,0.618,18,34,0.529,0.382,4,21,0.19
1631121,Bryce McGowens,1610612740,NOP,23,12,10,1,26,54,0.481,0.556,0.704,18,38,0.474,0.296,8,16,0.5
1630534,Ochai Agbaji,1610612761,TOR,25,16,16,1,20,54,0.37,0.38,0.648,19,35,0.543,0.352,1,19,0.053
1627824,Guerschon Yabusele,1610612752,NYK,29,19,17,1,19,54,0.352,0.444,0.315,9,17,0.529,0.685,10,37,0.27
1626145,Tyus Jones,1610612753,ORL,29,21,19,1,16,54,0.296,0.361,0.407,9,22,0.409,0.593,7,32,0.219
1629637,Jaxson Hayes,1610612747,LAL,25,17,17,1,40,53,0.755,0.764,0.981,39,52,0.75,0.019,1,1,1
1642353,Cam Christie,1610612746,LAC,20,14,13,1,18,53,0.34,0.415,0.528,10,28,0.357,0.472,8,25,0.32
1629057,Robert Williams III,1610612757,POR,28,14,13,1,35,51,0.686,0.696,0.882,34,45,0.756,0.118,1,6,0.167
1629020,Jarred Vanderbilt,1610612747,LAL,26,14,12,1,22,50,0.44,0.48,0.72,18,36,0.5,0.28,4,14,0.286
1642278,Tyler Kolek,1610612752,NYK,24,16,13,1,22,50,0.44,0.5,0.52,16,26,0.615,0.48,6,24,0.25
201567,Kevin Love,1610612762,UTA,37,12,11,1,22,50,0.44,0.57,0.26,9,13,0.692,0.74,13,37,0.351
1642862,Liam McNeeley,1610612766,CHA,20,15,14,1,18,50,0.36,0.48,0.36,6,18,0.333,0.64,12,32,0.375
1628975,Jevon Carter,1610612741,CHI,30,11,11,1,20,49,0.408,0.582,0.184,3,9,0.333,0.816,17,40,0.425
1642461,Spencer Jones,1610612743,DEN,24,16,10,1,27,48,0.563,0.688,0.458,15,22,0.682,0.542,12,26,0.462
203078,Bradley Beal,1610612746,LAC,32,6,6,1,18,48,0.375,0.448,0.604,11,29,0.379,0.396,7,19,0.368
203991,Clint Capela,1610612745,HOU,31,17,16,1,25,46,0.543,0.543,1,25,46,0.543,0,0,0,NA
1629723,John Konchar,1610612763,MEM,29,20,14,1,24,46,0.522,0.62,0.435,15,20,0.75,0.565,9,26,0.346
1631114,Jalen Williams,1610612760,OKC,24,3,3,1,19,46,0.413,0.424,0.891,18,41,0.439,0.109,1,5,0.2
1630545,Terrence Shannon Jr.,1610612750,MIN,25,12,12,1,19,46,0.413,0.511,0.5,10,23,0.435,0.5,9,23,0.391
1628371,Jonathan Isaac,1610612753,ORL,28,19,17,1,20,45,0.444,0.5,0.489,15,22,0.682,0.511,5,23,0.217
1641707,Taylor Hendricks,1610612762,UTA,22,11,10,1,16,44,0.364,0.42,0.545,11,24,0.458,0.455,5,20,0.25
1642879,Ben Saraf,1610612751,BKN,19,9,9,1,13,44,0.295,0.364,0.455,7,20,0.35,0.545,6,24,0.25
1631172,Ousmane Dieng,1610612760,OKC,22,14,13,1,16,43,0.372,0.442,0.512,10,22,0.455,0.488,6,21,0.286
1642354,KJ Simpson,1610612766,CHA,23,8,8,1,15,43,0.349,0.419,0.628,9,27,0.333,0.372,6,16,0.375
1642382,Branden Carlson,1610612760,OKC,26,14,12,1,21,42,0.5,0.583,0.5,14,21,0.667,0.5,7,21,0.333
1641763,Julian Phillips,1610612741,CHI,22,18,15,1,19,42,0.452,0.524,0.476,13,20,0.65,0.524,6,22,0.273
1641738,Kobe Brown,1610612746,LAC,25,14,12,1,17,42,0.405,0.488,0.357,10,15,0.667,0.643,7,27,0.259
1630538,Bones Hyland,1610612750,MIN,25,14,11,1,20,41,0.488,0.585,0.39,12,16,0.75,0.61,8,25,0.32
1642864,Hugo González,1610612738,BOS,19,16,13,1,17,41,0.415,0.488,0.61,11,25,0.44,0.39,6,16,0.375
1642868,Carter Bryant,1610612759,SAS,20,15,14,1,13,41,0.317,0.402,0.415,6,17,0.353,0.585,7,24,0.292
1642404,Chaz Lanier,1610612765,DET,23,12,10,1,14,40,0.35,0.5,0.1,2,4,0.5,0.9,12,36,0.333
1631248,Baylor Scheierman,1610612738,BOS,25,17,13,1,22,39,0.564,0.756,0.231,7,9,0.778,0.769,15,30,0.5
1631218,Trayce Jackson-Davis,1610612744,GSW,25,12,11,1,20,38,0.526,0.526,1,20,38,0.526,0,0,0,NA
1627752,Taurean Prince,1610612749,MIL,31,8,8,1,17,38,0.447,0.605,0.263,5,10,0.5,0.737,12,28,0.429
1628418,Thomas Bryant,1610612739,CLE,28,15,14,1,16,38,0.421,0.447,0.526,14,20,0.7,0.474,2,18,0.111
1631255,Karlo Matković,1610612740,NOP,24,12,12,1,26,37,0.703,0.757,0.757,22,28,0.786,0.243,4,9,0.444
1631117,Walker Kessler,1610612762,UTA,24,5,5,1,26,37,0.703,0.784,0.784,20,29,0.69,0.216,6,8,0.75
1631245,Quenton Jackson,1610612754,IND,27,5,5,1,20,37,0.541,0.622,0.676,14,25,0.56,0.324,6,12,0.5
1626192,Pat Connaughton,1610612766,CHA,32,12,10,1,18,37,0.486,0.608,0.351,9,13,0.692,0.649,9,24,0.375
203937,Kyle Anderson,1610612762,UTA,32,6,6,1,19,36,0.528,0.542,0.972,18,35,0.514,0.028,1,1,1
1630167,Obi Toppin,1610612754,IND,27,3,3,1,15,36,0.417,0.458,0.528,12,19,0.632,0.472,3,17,0.176
1641733,Nick Smith Jr.,1610612747,LAL,21,7,7,1,14,36,0.389,0.486,0.5,7,18,0.389,0.5,7,18,0.389
1642262,Cody Williams,1610612762,UTA,21,11,9,1,11,36,0.306,0.333,0.5,9,18,0.5,0.5,2,18,0.111
1642860,Will Riley,1610612764,WAS,19,14,11,1,17,35,0.486,0.529,0.743,14,26,0.538,0.257,3,9,0.333
1641765,Olivier-Maxence Prosper,1610612763,MEM,23,12,9,1,15,35,0.429,0.443,0.743,14,26,0.538,0.257,1,9,0.111
1642905,Yang Hansen,1610612757,POR,20,11,10,1,10,35,0.286,0.3,0.6,9,21,0.429,0.4,1,14,0.071
1641871,Duop Reath,1610612757,POR,29,16,11,1,18,34,0.529,0.735,0.176,4,6,0.667,0.824,14,28,0.5
1642854,Asa Newell,1610612737,ATL,20,13,9,1,16,34,0.471,0.588,0.471,8,16,0.5,0.529,8,18,0.444
1631104,Blake Wesley,1610612757,POR,22,6,6,1,14,34,0.412,0.441,0.706,12,24,0.5,0.294,2,10,0.2
1630611,Gui Santos,1610612744,GSW,23,15,13,1,13,34,0.382,0.485,0.294,6,10,0.6,0.706,7,24,0.292
1629011,Mitchell Robinson,1610612752,NYK,27,13,11,1,21,33,0.636,0.636,1,21,33,0.636,0,0,0,NA
1630619,Moussa Cisse,1610612742,DAL,23,16,10,1,21,33,0.636,0.636,1,21,33,0.636,0,0,0,NA
1629639,Tyler Herro,1610612748,MIA,25,2,2,1,20,33,0.606,0.667,0.758,16,25,0.64,0.242,4,8,0.5
1626172,Kevon Looney,1610612740,NOP,29,12,12,1,14,33,0.424,0.439,0.788,13,26,0.5,0.212,1,7,0.143
1642352,Keshad Johnson,1610612748,MIA,24,8,8,1,11,33,0.333,0.394,0.545,7,18,0.389,0.455,4,15,0.267
1629216,Gabe Vincent,1610612747,LAL,29,9,9,1,11,33,0.333,0.485,0.182,1,6,0.167,0.818,10,27,0.37
1628997,Caleb Martin,1610612742,DAL,30,19,15,1,8,33,0.242,0.258,0.667,7,22,0.318,0.333,1,11,0.091
203482,Kelly Olynyk,1610612759,SAS,34,11,10,1,16,32,0.5,0.578,0.5,11,16,0.688,0.5,5,16,0.313
1628502,Nigel Hayes-Davis,1610612756,PHX,30,16,13,1,11,32,0.344,0.359,0.656,10,21,0.476,0.344,1,11,0.091
1642419,Jamison Battle,1610612761,TOR,24,15,12,1,20,31,0.645,0.823,0.387,9,12,0.75,0.613,11,19,0.579
1641737,Adem Bona,1610612755,PHI,22,15,13,1,17,31,0.548,0.565,0.903,16,28,0.571,0.097,1,3,0.333
1642869,Noah Penda,1610612753,ORL,20,11,9,1,16,31,0.516,0.613,0.71,10,22,0.455,0.29,6,9,0.667
1631093,Jaden Ivey,1610612765,DET,23,5,5,1,12,31,0.387,0.452,0.548,8,17,0.471,0.452,4,14,0.286
1629645,Kevin Porter Jr.,1610612749,MIL,25,3,3,1,19,30,0.633,0.8,0.533,9,16,0.563,0.467,10,14,0.714
1631124,Julian Strawther,1610612743,DEN,23,9,8,1,11,30,0.367,0.4,0.467,9,14,0.643,0.533,2,16,0.125
1630587,Isaiah Livers,1610612756,PHX,27,13,12,1,10,29,0.345,0.466,0.172,3,5,0.6,0.828,7,24,0.292
1642874,Danny Wolf,1610612751,BKN,21,6,4,1,12,28,0.429,0.536,0.5,6,14,0.429,0.5,6,14,0.429
1642914,Javon Small,1610612763,MEM,22,8,6,1,10,28,0.357,0.464,0.321,4,9,0.444,0.679,6,19,0.316
1642355,Bronny James,1610612747,LAL,21,12,10,1,8,28,0.286,0.339,0.571,5,16,0.313,0.429,3,12,0.25
1641713,GG Jackson,1610612763,MEM,20,8,5,1,7,28,0.25,0.25,0.571,7,16,0.438,0.429,0,12,0
1631247,Luke Travers,1610612739,CLE,24,9,7,1,5,28,0.179,0.196,0.536,4,15,0.267,0.464,1,13,0.077
1630214,Xavier Tillman,1610612738,BOS,26,9,6,1,13,27,0.481,0.537,0.519,10,14,0.714,0.481,3,13,0.231
1643007,Taelon Peter,1610612754,IND,23,13,10,1,7,27,0.259,0.37,0.074,1,2,0.5,0.926,6,25,0.24
1641712,Rayan Rupert,1610612757,POR,21,14,10,1,9,26,0.346,0.423,0.462,5,12,0.417,0.538,4,14,0.286
203914,Gary Harris,1610612749,MIL,31,13,9,1,11,25,0.44,0.56,0.44,5,11,0.455,0.56,6,14,0.429
1642275,Tidjane Salaün,1610612766,CHA,20,8,7,1,10,25,0.4,0.5,0.4,5,10,0.5,0.6,5,15,0.333
1629162,Jordan McLaughlin,1610612759,SAS,29,8,7,1,10,24,0.417,0.521,0.375,5,9,0.556,0.625,5,15,0.333
1631123,Jamaree Bouyea,1610612756,PHX,26,6,6,1,14,23,0.609,0.761,0.478,7,11,0.636,0.522,7,12,0.583
1630224,Jalen Green,1610612756,PHX,23,2,2,1,11,23,0.478,0.609,0.391,5,9,0.556,0.609,6,14,0.429
1642859,Jase Richardson,1610612753,ORL,20,11,7,1,11,23,0.478,0.587,0.522,6,12,0.5,0.478,5,11,0.455
1629599,Amir Coffey,1610612749,MIL,28,16,14,1,10,23,0.435,0.5,0.565,7,13,0.538,0.435,3,10,0.3
1631103,Malaki Branham,1610612764,WAS,22,9,8,1,11,22,0.5,0.545,0.545,9,12,0.75,0.455,2,10,0.2
1642853,Rasheer Fleming,1610612756,PHX,21,11,9,1,7,22,0.318,0.386,0.409,4,9,0.444,0.591,3,13,0.231
1628449,Chris Boucher,1610612738,BOS,32,8,7,1,7,22,0.318,0.341,0.455,6,10,0.6,0.545,1,12,0.083
1642959,Chris Youngblood,1610612760,OKC,23,16,12,1,7,22,0.318,0.455,0.136,1,3,0.333,0.864,6,19,0.316
1630256,Jae'Sean Tate,1610612745,HOU,30,11,9,1,11,21,0.524,0.571,0.667,9,14,0.643,0.333,2,7,0.286
1641752,Bobi Klintman,1610612765,DET,22,6,6,1,7,21,0.333,0.405,0.476,4,10,0.4,0.524,3,11,0.273
1642269,Devin Carter,1610612758,SAC,23,8,6,1,5,21,0.238,0.286,0.476,3,10,0.3,0.524,2,11,0.182
1631207,Dalen Terry,1610612741,CHI,23,10,9,1,9,20,0.45,0.5,0.65,7,13,0.538,0.35,2,7,0.286
1628420,Monte Morris,1610612754,IND,30,6,6,1,7,20,0.35,0.4,0.6,5,12,0.417,0.4,2,8,0.25
1641780,Johni Broome,1610612755,PHI,23,6,3,1,4,20,0.2,0.2,0.85,4,17,0.235,0.15,0,3,0
1642357,David Jones Garcia,1610612759,SAS,24,8,6,1,10,19,0.526,0.553,0.895,9,17,0.529,0.105,1,2,0.5
1641757,Jordan Miller,1610612746,LAC,25,4,4,1,9,19,0.474,0.605,0.474,4,9,0.444,0.526,5,10,0.5
1642949,Yanic Konan Niederhäuser,1610612746,LAC,22,10,8,1,13,18,0.722,0.722,1,13,18,0.722,0,0,0,NA
1641726,Dereck Lively II,1610612742,DAL,21,7,7,1,11,18,0.611,0.611,1,11,18,0.611,0,0,0,NA
203939,Dwight Powell,1610612742,DAL,34,17,8,1,11,18,0.611,0.611,1,11,18,0.611,0,0,0,NA
1630192,Zeke Nnaji,1610612743,DEN,24,11,8,1,9,18,0.5,0.583,0.389,6,7,0.857,0.611,3,11,0.273
1630644,Mac McClung,1610612754,IND,26,3,3,1,7,18,0.389,0.444,0.444,5,8,0.625,0.556,2,10,0.2
1642964,Brooks Barnhizer,1610612760,OKC,23,15,11,1,9,17,0.529,0.559,0.882,8,15,0.533,0.118,1,2,0.5
1630322,Lindy Waters III,1610612759,SAS,28,9,9,1,7,17,0.412,0.588,0.059,1,1,1,0.941,6,16,0.375
1630579,Jericho Sims,1610612749,MIL,27,15,9,1,12,16,0.75,0.75,1,12,16,0.75,0,0,0,NA
1629726,Garrison Mathews,1610612754,IND,29,6,4,1,5,16,0.313,0.469,0,0,0,NA,1,5,16,0.313
1629618,Jalen Pickett,1610612743,DEN,26,8,5,1,7,15,0.467,0.567,0.533,4,8,0.5,0.467,3,7,0.429
1630623,Tyson Etienne,1610612751,BKN,26,7,7,1,4,15,0.267,0.4,0.133,0,2,0,0.867,4,13,0.308
1628467,Maxi Kleber,1610612747,LAL,33,9,7,1,6,14,0.429,0.536,0.429,3,6,0.5,0.571,3,8,0.375
1641748,Andre Jackson Jr.,1610612749,MIL,24,9,5,1,4,14,0.286,0.357,0.429,2,6,0.333,0.571,2,8,0.25
1641809,Drew Peterson,1610612766,CHA,26,4,4,1,2,14,0.143,0.143,0.214,2,3,0.667,0.786,0,11,0
201569,Eric Gordon,1610612755,PHI,36,5,4,1,8,13,0.615,0.808,0.385,3,5,0.6,0.615,5,8,0.625
1641813,Mark Sears,1610612749,MIL,23,7,6,1,6,13,0.462,0.615,0.385,2,5,0.4,0.615,4,8,0.5
201145,Jeff Green,1610612745,HOU,39,7,6,1,6,13,0.462,0.615,0.231,2,3,0.667,0.769,4,10,0.4
1631120,JD Davison,1610612745,HOU,23,8,6,1,8,12,0.667,0.833,0.417,4,5,0.8,0.583,4,7,0.571
1631159,Leonard Miller,1610612750,MIN,22,9,7,1,6,12,0.5,0.5,0.583,6,7,0.857,0.417,0,5,0
1630604,E.J. Liddell,1610612751,BKN,24,7,6,1,5,12,0.417,0.5,0.333,3,4,0.75,0.667,2,8,0.25
1642358,AJ Johnson,1610612764,WAS,21,9,7,1,2,12,0.167,0.167,0.75,2,9,0.222,0.25,0,3,0
1642866,Joan Beringer,1610612750,MIN,19,9,6,1,8,11,0.727,0.727,1,8,11,0.727,0,0,0,NA
1641810,Antonio Reeves,1610612766,CHA,25,3,2,1,7,11,0.636,0.864,0.273,2,3,0.667,0.727,5,8,0.625
1629026,Kenrich Williams,1610612760,OKC,31,4,4,1,6,11,0.545,0.727,0.455,2,5,0.4,0.545,4,6,0.667
1631216,Caleb Houstan,1610612737,ATL,22,7,4,1,5,11,0.455,0.636,0.273,1,3,0.333,0.727,4,8,0.5
1641989,Elijah Harkless,1610612762,UTA,25,7,4,1,4,11,0.364,0.455,0.364,2,4,0.5,0.636,2,7,0.286
1629680,Matisse Thybulle,1610612757,POR,28,4,4,1,6,10,0.6,0.8,0.4,2,4,0.5,0.6,4,6,0.667
1642443,Jahmir Young,1610612748,MIA,25,4,3,1,4,10,0.4,0.5,0.6,2,6,0.333,0.4,2,4,0.5
1642885,Mohamed Diawara,1610612752,NYK,20,13,6,1,4,10,0.4,0.5,0.4,2,4,0.5,0.6,2,6,0.333
1631451,Javonte Cooke,1610612757,POR,26,3,3,1,3,10,0.3,0.35,0.6,2,6,0.333,0.4,1,4,0.25
1628998,Cody Martin,1610612754,IND,30,4,3,1,2,10,0.2,0.2,0.5,2,5,0.4,0.5,0,5,0
1641790,PJ Hall,1610612763,MEM,23,7,3,1,5,9,0.556,0.611,0.667,4,6,0.667,0.333,1,3,0.333
1630574,Ariel Hukporti,1610612752,NYK,23,12,6,1,4,9,0.444,0.444,1,4,9,0.444,0,0,0,NA
1642367,Jonathan Mogbo,1610612761,TOR,24,8,4,1,4,9,0.444,0.444,1,4,9,0.444,0,0,0,NA
1630548,Johnny Juzang,1610612750,MIN,24,8,5,1,3,9,0.333,0.444,0.222,1,2,0.5,0.778,2,7,0.286
1642849,Nolan Traore,1610612751,BKN,19,4,3,1,2,9,0.222,0.333,0.333,0,3,0,0.667,2,6,0.333
1642449,Tolu Smith,1610612765,DET,25,2,2,1,6,8,0.75,0.75,1,6,8,0.75,0,0,0,NA
1642364,Jamir Watkins,1610612764,WAS,24,5,3,1,4,8,0.5,0.563,0.5,3,4,0.75,0.5,1,4,0.25
1642863,Khaman Maluach,1610612756,PHX,19,10,5,1,3,8,0.375,0.375,0.625,3,5,0.6,0.375,0,3,0
1631288,Jamal Cain,1610612753,ORL,26,5,2,1,3,8,0.375,0.438,0.375,2,3,0.667,0.625,1,5,0.2
1629646,Charles Bassey,1610612763,MEM,25,2,2,1,3,8,0.375,0.375,1,3,8,0.375,0,0,0,NA
1641816,Hunter Tyson,1610612743,DEN,25,7,5,1,0,8,0,0,0.375,0,3,0,0.625,0,5,0
1641725,Trey Alexander,1610612740,NOP,22,2,2,1,6,7,0.857,1,0.714,4,5,0.8,0.286,2,2,1
203552,Seth Curry,1610612744,GSW,35,1,1,1,6,7,0.857,1,0.571,4,4,1,0.429,2,3,0.667
1631199,Ron Harper Jr.,1610612738,BOS,25,3,2,1,3,7,0.429,0.571,0.143,1,1,1,0.857,2,6,0.333
1631250,Pete Nance,1610612749,MIL,25,3,2,1,5,6,0.833,1.083,0.333,2,2,1,0.667,3,4,0.75
1630264,Anthony Gill,1610612764,WAS,33,7,6,1,5,6,0.833,0.917,0.833,4,5,0.8,0.167,1,1,1
1631210,Jacob Toppin,1610612737,ATL,25,5,3,1,4,6,0.667,0.667,1,4,6,0.667,0,0,0,NA
1642434,Riley Minix,1610612759,SAS,25,3,1,1,4,6,0.667,0.75,0.5,3,3,1,0.5,1,3,0.333
1631111,Wendell Moore Jr.,1610612765,DET,24,3,3,1,3,6,0.5,0.5,0.833,3,5,0.6,0.167,0,1,0
1642277,Johnny Furphy,1610612754,IND,20,3,2,1,3,6,0.5,0.667,0.5,1,3,0.333,0.5,2,3,0.667
1642928,Dylan Cardwell,1610612758,SAC,23,3,3,1,2,6,0.333,0.333,0.833,2,5,0.4,0.167,0,1,0
1642359,Pacôme Dadiet,1610612752,NYK,20,8,4,1,1,6,0.167,0.167,0.5,1,3,0.333,0.5,0,3,0
201599,DeAndre Jordan,1610612740,NOP,37,2,2,1,4,5,0.8,0.8,1,4,5,0.8,0,0,0,NA
1641801,Emanuel Miller,1610612741,CHI,25,2,2,1,3,5,0.6,0.8,0.4,1,2,0.5,0.6,2,3,0.667
1641753,Chris Livingston,1610612739,CLE,22,2,1,1,3,5,0.6,0.6,0.6,3,3,1,0.4,0,2,0
1631115,Orlando Robinson,1610612753,ORL,25,3,2,1,3,5,0.6,0.7,0.6,2,3,0.667,0.4,1,2,0.5
1642282,Hunter Sallis,1610612755,PHI,22,6,3,1,3,5,0.6,0.6,1,3,5,0.6,0,0,0,NA
1631342,Daeqwon Plowden,1610612758,SAC,27,1,1,1,1,5,0.2,0.2,0.4,1,2,0.5,0.6,0,3,0
203967,Dario Šarić,1610612758,SAC,31,3,3,1,1,5,0.2,0.3,0.6,0,3,0,0.4,1,2,0.5
203486,Mason Plumlee,1610612766,CHA,35,8,3,1,4,4,1,1,1,4,4,1,0,0,0,NA
203648,Thanasis Antetokounmpo,1610612749,MIL,33,7,4,1,3,4,0.75,0.75,1,3,4,0.75,0,0,0,NA
1642403,Isaac Jones,1610612765,DET,25,4,2,1,2,4,0.5,0.5,0.5,2,2,1,0.5,0,2,0
1642942,Jahmai Mashack,1610612763,MEM,23,1,1,1,2,4,0.5,0.75,0,0,0,NA,1,2,4,0.5
1642368,N'Faly Dante,1610612737,ATL,24,4,2,1,1,4,0.25,0.25,1,1,4,0.25,0,0,0,NA
1642950,Lachlan Olbrich,1610612741,CHI,21,2,2,1,1,4,0.25,0.25,0.75,1,3,0.333,0.25,0,1,0
1643141,Jahmyl Telfort,1610612746,LAC,24,7,4,1,0,4,0,0,0,0,0,NA,1,0,4,0
1630164,James Wiseman,1610612754,IND,24,1,1,1,2,3,0.667,0.667,1,2,3,0.667,0,0,0,NA
1631127,Harrison Ingram,1610612759,SAS,23,3,2,1,2,3,0.667,0.833,0.667,1,2,0.5,0.333,1,1,1
203926,Doug McDermott,1610612758,SAC,33,1,1,1,2,3,0.667,1,0,0,0,NA,1,2,3,0.667
1642886,Koby Brea,1610612756,PHX,23,2,2,1,1,3,0.333,0.333,0.333,1,1,1,0.667,0,2,0
1641732,Colby Jones,1610612765,DET,23,1,1,1,1,3,0.333,0.333,0.333,1,1,1,0.667,0,2,0
1642935,Chucky Hepburn,1610612761,TOR,22,1,1,1,0,3,0,0,0.333,0,1,0,0.667,0,2,0
1642855,Noa Essengue,1610612741,CHI,18,2,2,1,0,3,0,0,0.333,0,1,0,0.667,0,2,0
1642066,Myron Gardner,1610612748,MIA,24,4,2,1,2,2,1,1.5,0,0,0,NA,1,2,2,1
1642876,Adou Thiero,1610612747,LAL,21,5,2,1,2,2,1,1,1,2,2,1,0,0,0,NA
1642873,Amari Williams,1610612738,BOS,23,5,1,1,1,2,0.5,0.5,1,1,2,0.5,0,0,0,NA
1642939,Miles Kelly,1610612742,DAL,22,2,1,1,1,2,0.5,0.5,0.5,1,1,1,0.5,0,1,0
1631166,Drew Timme,1610612747,LAL,25,1,1,1,1,2,0.5,0.5,0.5,1,1,1,0.5,0,1,0
1630679,Ethan Thompson,1610612754,IND,26,1,1,1,1,2,0.5,0.5,0.5,1,1,1,0.5,0,1,0
1630621,Hunter Dickinson,1610612740,NOP,25,1,1,1,1,2,0.5,0.5,1,1,2,0.5,0,0,0,NA
202066,Garrett Temple,1610612761,TOR,39,3,2,1,1,2,0.5,0.75,0,0,0,NA,1,1,2,0.5
202687,Bismack Biyombo,1610612759,SAS,33,7,2,1,1,2,0.5,0.5,1,1,2,0.5,0,0,0,NA
204060,Joe Ingles,1610612750,MIN,38,6,2,1,0,2,0,0,0,0,0,NA,1,0,2,0
1642857,Kasparas Jakučionis,1610612748,MIA,19,1,1,1,0,2,0,0,1,0,2,0,0,0,0,NA
200768,Kyle Lowry,1610612755,PHI,39,2,1,1,1,1,1,1.5,0,0,0,NA,1,1,1,1
1641747,DaRon Holmes II,1610612743,DEN,23,2,1,1,1,1,1,1.5,0,0,0,NA,1,1,1,1
1641787,Tosan Evbuomwan,1610612752,NYK,24,2,1,1,0,1,0,0,1,0,1,0,0,0,0,NA
1630536,Sharife Cooper,1610612764,WAS,24,4,1,1,0,1,0,0,0,0,0,NA,1,0,1,0
1643024,Chris Mañon,1610612747,LAL,23,2,1,1,0,1,0,0,0,0,0,NA,1,0,1,0
1642938,Curtis Jones,1610612743,DEN,24,1,1,1,0,1,0,0,0,0,0,NA,1,0,1,0
